gene_name,glu1,glu2,glu6,glu7,glu11,glu12,gly1,gly2,gly6,gly7,gly11,gly12
aas,3.552876099,3.977270191,3.668374493,4.081675695,4.162732011,4.637575647,2.838199673,3.369365381,3.542781318,3.533896365,3.478994982,1.898039616
aat,2.869000612,2.937542598,3.859553062,2.77460641,3.408688896,3.41839379,1.845238606,1.909857469,2.940786701,2.464111871,0.400375956,2.231895253
abgA,2.700105232,1.069845507,-0.081165644,1.07954682,2.582578473,0.743193164,-1.14456266,1.593346297,0.950201861,0.261889892,2.096977156,2.231895253
abgB,1.50675362,0.04093922,1.239066079,0.124258233,2.110500387,0.993108595,0.639427359,1.181552541,1.335513986,1.142112545,1.887696574,0.804561649
abgR,3.450374263,2.741607747,2.816710004,2.312245118,3.079237974,1.84655887,2.838199673,3.089641103,2.829743201,2.885061637,2.717142687,3.389035879
abgT,2.287124403,1.909674822,1.06506632,1.07954682,2.293045961,1.202582163,1.481501414,0.915725688,0.950201861,1.863384156,1.341744444,-1.14456266
accA,7.181426773,7.818360007,7.471818208,8.230884848,7.609577994,8.102644627,6.432997182,6.592263481,6.828763038,6.702370682,6.612340105,6.224055203
accB,5.944260291,6.983586359,6.800217866,7.328563687,6.94143513,7.376723139,5.740276141,6.250466881,6.985368757,6.123627313,5.310126879,5.066434401
accC,7.911593803,8.527984467,8.545622424,8.737056653,8.499621772,8.317096964,7.467622451,8.121903862,9.174415683,8.461342564,8.02747498,7.746739058
accD,7.00311264,6.832315524,6.212759004,6.525177147,6.837024287,7.310073914,5.740276141,6.277755998,6.130066621,6.295760043,6.586891964,6.278545747
aceA,4.471922423,3.263708482,2.918707025,3.298080719,4.151060972,2.800514418,4.563383936,4.384327196,5.237798669,5.063960999,5.390780372,4.981370547
aceB,7.300204301,4.905364271,6.008995153,4.382031256,4.822632178,4.28839019,5.498854764,5.101612473,5.583029683,5.813513264,6.987782639,6.797007114
aceE,11.7862699,11.5554022,11.27203935,11.28084414,11.93339352,10.82038096,9.655507019,9.980908814,9.771778655,10.65982908,10.56602217,9.548829556
aceF,9.774197775,9.495558394,9.068553865,9.136585887,10.14324679,9.309657157,8.005689586,8.155392159,8.142359025,9.005153094,9.150428922,8.12434629
aceK,3.396246232,3.109874429,2.648628761,2.562090015,3.275092125,2.328850255,4.357887081,4.077573058,5.237798669,4.64835278,4.531955639,4.890972848
ackA,6.860739746,6.263187842,5.64393925,5.66913444,7.208765152,5.811757609,4.563383936,5.533879227,5.599986522,4.847963526,5.827365508,4.843556128
acnA,7.029975611,6.672470851,6.443344199,6.936682896,6.642492171,6.842804326,8.016655658,7.617900301,7.054654361,7.852332805,8.289150923,7.099038992
acnB,10.40322156,10.4852575,9.828812174,10.08924367,10.19039362,9.931734896,10.60579208,10.96460558,11.04543785,10.71515291,11.61599705,10.45736959
acpD,5.02862589,4.687514244,3.982067889,4.704589469,4.731565565,3.25926669,3.30810401,3.913148221,4.812423203,4.319084827,4.342119852,3.515622458
acpP,9.618456834,9.654336894,9.654318252,9.667012745,10.07245515,9.595530511,9.213155557,10.23913676,9.953440251,9.923953622,10.01022521,9.15636351
acpS,2.161956914,2.030199546,1.772119263,2.693353613,2.547210833,2.169695258,0.983904798,1.909857469,2.433038119,1.863384156,2.096977156,-1.14456266
acpT,2.024617477,2.66984026,2.524469212,2.77460641,2.762833939,3.190328614,1.675275111,2.741810914,2.577877013,1.863384156,2.440603361,0.804561649
acrA,7.371951213,7.130502146,6.780110506,7.30323295,7.13222723,6.947240994,6.806013547,6.717124897,6.346465109,6.337840219,6.516750309,5.960787357
acrB,8.305258958,8.163716985,8.31933962,8.424218967,8.353976653,7.723566128,7.59892231,7.662578831,7.940838137,7.931413409,8.011623946,7.138856434
acrD,2.607531025,2.594274625,3.227503291,3.060098585,2.823126441,2.974838507,1.845238606,1.402984775,2.433038119,2.885061637,1.641516703,2.231895253
acrE,0.169307087,-1.14456266,-1.14456266,-1.14456266,-0.165749464,-0.563826259,-1.14456266,-1.14456266,-1.14456266,-1.14456266,0.400375956,-1.14456266
acrF,1.005901477,1.909674822,1.656951679,1.429612449,2.15839243,2.095594769,1.996751073,2.574940804,1.880704813,1.863384156,0.955758142,1.458599818
acrR,1.005901477,1.909674822,2.918707025,2.515506793,1.021243697,3.314290528,1.996751073,0.57980147,-1.14456266,2.195417295,0.955758142,2.501831767
acs,5.774610513,4.613275881,4.555755506,4.23252161,2.990117586,3.552529446,8.306637733,8.114355261,7.793851748,7.019216126,8.696551872,7.35711871
actP,2.869000612,1.632120246,0.328725926,0.780805482,1.872213685,1.84655887,5.93782416,5.621697844,5.832977856,4.140297819,6.07931016,5.259434137
ada,1.872409522,0.813307996,1.239066079,1.939368689,1.68735496,1.340552926,1.255666409,0.10884003,1.880704813,1.142112545,1.341744444,1.898039616
add,5.288035752,4.430786254,4.406287667,3.638246641,5.050079403,2.784981838,2.577489015,4.077573058,3.676850297,3.798131235,4.458993237,4.459142826
ade,2.946518091,1.632120246,2.315226014,1.789321157,1.719920157,1.84655887,1.845238606,2.044750511,1.335513986,1.42689579,2.948738551,2.728660382
adhE,10.14874454,9.441626939,10.30224373,9.403769648,11.5747397,8.819166021,9.410642032,9.391916316,9.660006108,10.51421399,9.950785861,10.07153992
adhP,1.701594873,1.909674822,2.238018242,2.650926218,2.134649391,2.800514418,2.577489015,2.741810914,3.043839098,2.03916712,2.837620345,2.231895253
adiA,2.024617477,1.909674822,2.238018242,1.866355798,0.718619532,1.784647728,1.481501414,1.760580758,0.950201861,0.778581957,1.641516703,-1.14456266
adiY,0.169307087,-1.14456266,-1.14456266,-1.14456266,0.3162332,-1.14456266,0.154497435,-1.14456266,-1.14456266,0.261889892,-1.14456266,-1.14456266
adk,6.943134587,6.497848308,5.974018158,6.593641578,7.85083034,7.449654582,5.460814569,5.378682627,6.231479414,5.00248936,5.246531873,5.107155918
adrA,-1.14456266,0.490617291,0.626040423,1.07954682,0.648269063,0.516202858,0.639427359,1.181552541,0.396002577,0.778581957,0.955758142,-1.14456266
aegA,3.339999835,2.244134095,3.013921285,2.81356451,2.376196883,2.350195651,1.675275111,1.402984775,2.433038119,2.195417295,3.148053403,-1.14456266
aer,2.607531025,1.909674822,2.315226014,2.562090015,2.715885433,2.890327556,3.188788908,1.909857469,2.940786701,2.336112447,3.148053403,2.231895253
aes,1.50675362,1.469254964,1.878486406,1.322734996,1.221030684,0.935052876,1.845238606,2.81846539,2.271761073,1.662278962,3.051855849,2.231895253
agaA,1.50675362,1.632120246,1.393037856,0.59996766,1.654006666,0.810426666,0.154497435,1.760580758,0.950201861,1.662278962,0.400375956,1.898039616
agaB,0.169307087,-1.14456266,-1.14456266,-1.14456266,-1.14456266,-0.151607991,0.154497435,-1.14456266,-1.14456266,0.261889892,-1.14456266,-1.14456266
agaC,-1.14456266,-1.14456266,-0.081165644,0.124258233,-0.340399338,0.121745392,-1.14456266,-1.14456266,0.950201861,0.261889892,-1.14456266,0.804561649
agaD,-1.14456266,-1.14456266,-0.081165644,-1.14456266,-0.165749464,-0.005082435,-1.14456266,0.10884003,-1.14456266,-1.14456266,-1.14456266,-1.14456266
agaE,0.169307087,0.04093922,0.328725926,0.938810998,1.021243697,0.596683146,2.258187993,0.915725688,1.335513986,1.142112545,1.887696574,-1.14456266
agaF,1.50675362,1.632120246,1.656951679,1.621147031,0.966163097,0.993108595,1.255666409,0.915725688,1.880704813,2.336112447,1.341744444,1.458599818
agaI,-1.14456266,0.04093922,0.328725926,-0.233394293,-0.340399338,-0.328638789,-1.14456266,0.10884003,0.396002577,0.261889892,-1.14456266,-1.14456266
agaR,3.781113532,3.916794537,4.705462124,4.673285531,4.719766935,4.08857301,4.150381458,4.2801787,3.857096996,3.280832743,4.214925963,2.501831767
agaS,-1.14456266,0.813307996,-1.14456266,0.124258233,-1.14456266,-0.563826259,-1.14456266,0.10884003,-1.14456266,-1.14456266,0.400375956,-1.14456266
agaW,-1.14456266,-1.14456266,-0.081165644,-1.14456266,0.104113823,-0.328638789,0.983904798,-1.14456266,0.396002577,-1.14456266,-1.14456266,-1.14456266
agaZ,0.658708418,0.04093922,1.393037856,1.322734996,0.90863663,0.596683146,1.255666409,2.167844039,2.089747114,0.778581957,1.887696574,1.458599818
agp,5.388336631,5.080875926,5.205170965,4.159071813,3.97688588,3.303453074,6.509518587,6.473375338,6.141693248,6.426310333,7.445005934,6.746354076
ahpC,9.38610487,9.34030943,9.724827746,9.69260098,10.15333014,9.506977794,10.25528907,10.48357881,9.355055312,8.513677899,9.647560712,8.876225661
ahpF,6.657540369,6.374091127,6.01474308,6.245585114,7.172446754,6.473448306,5.395096157,5.792252753,6.141693248,6.216776925,6.586891964,5.869063865
aidB,1.872409522,1.469254964,0.864408982,1.621147031,1.221030684,1.340552926,1.996751073,1.402984775,0.396002577,0.778581957,1.341744444,1.458599818
alaS,9.011292085,9.372302716,9.065095848,9.340845808,9.245808784,8.898564483,7.333726875,7.631185284,8.03111791,7.524543751,7.919488294,7.037173238
aldA,7.232432256,5.768706601,5.235025783,5.051534642,3.327955503,4.326301104,8.920319987,8.588937215,6.965880539,7.230528114,8.568058937,7.733796592
aldB,3.020056016,2.141213121,1.239066079,-1.14456266,1.221030684,1.048683592,5.012320714,3.804655043,2.940786701,3.280832743,4.634910367,3.631962725
aldH,6.044275751,6.136433883,4.42368141,5.857270774,7.030863215,6.403005553,7.681173441,6.536870072,6.284884271,5.992778751,6.694064303,4.981370547
alkA,3.552876099,3.853667527,3.69729008,4.097491115,4.022443418,4.030689551,3.86964614,4.594327311,3.394918736,4.140297819,3.685185387,4.459142826
allB,1.005901477,0.490617291,0.328725926,1.07954682,0.718619532,0.336426748,1.481501414,1.909857469,0.396002577,1.662278962,1.887696574,2.231895253
allC,1.50675362,1.469254964,1.06506632,2.008769244,2.435514444,2.371224964,1.481501414,1.760580758,1.880704813,2.03916712,1.887696574,1.898039616
allD,1.005901477,0.04093922,-0.081165644,-1.14456266,-0.165749464,-0.328638789,-1.14456266,0.10884003,-1.14456266,1.142112545,-1.14456266,-1.14456266
allP,-1.14456266,-1.14456266,-1.14456266,-0.233394293,-1.14456266,-1.14456266,0.154497435,0.10884003,-1.14456266,0.778581957,-1.14456266,-1.14456266
allR,6.146013684,6.695134646,7.70831577,7.914731388,6.589464973,6.62989296,6.74401861,6.854864481,5.875378243,6.426310333,6.251158265,6.278545747
alr,4.118279568,4.920834237,5.000223791,5.122779242,5.354700075,5.368498803,3.125194645,3.727500311,3.912490909,3.412926304,3.148053403,2.728660382
alsA,-1.14456266,0.04093922,0.328725926,0.124258233,1.68735496,0.596683146,1.481501414,1.593346297,-1.14456266,0.778581957,0.955758142,-1.14456266
alsB,1.872409522,1.284323171,0.864408982,1.07954682,2.085930983,1.651898241,2.577489015,1.909857469,1.880704813,2.464111871,1.641516703,1.458599818
alsC,0.169307087,0.490617291,-0.081165644,-1.14456266,0.493994953,0.23446579,0.639427359,0.57980147,0.950201861,0.261889892,-1.14456266,-1.14456266
alsE,2.287124403,0.490617291,0.626040423,0.938810998,1.751739463,1.048683592,1.845238606,0.915725688,0.950201861,2.581544051,1.341744444,0.804561649
alsK,1.005901477,-1.14456266,0.328725926,0.124258233,1.221030684,0.429826472,0.983904798,0.57980147,0.396002577,1.662278962,1.341744444,0.804561649
amiA,2.946518091,3.054700123,2.868616656,3.820892159,3.909197519,4.342248251,2.988868548,2.574940804,3.314863079,3.056677113,0.955758142,2.501831767
amiB,3.396246232,3.853667527,3.145844317,3.876963743,3.801297577,3.666791667,2.372776568,3.841735214,3.676850297,3.798131235,3.238206047,3.096523317
amiC,3.156702039,2.244134095,1.393037856,2.693353613,3.253389765,4.144220349,2.372776568,2.741810914,2.433038119,1.42689579,2.585564792,1.898039616
amn,5.999671831,5.689647961,5.419671868,5.637050292,6.402900302,5.821266826,6.605615487,6.165358372,5.995578244,6.50228503,6.525706798,5.693015926
ampD,3.781113532,4.035308594,3.668374493,3.594306625,3.793808405,3.335723238,3.830369867,3.804655043,3.676850297,4.319084827,3.685185387,3.096523317
ampE,4.572838776,3.718449416,3.69729008,3.213392485,4.022443418,3.788260467,3.830369867,4.333193505,4.01726939,4.44768603,4.382139907,4.520742021
ampG,2.946518091,4.27092816,3.884904066,4.382031256,4.337654502,4.994410474,2.988868548,3.687314521,4.450410319,3.845618938,3.619684692,3.515622458
ampH,3.648556922,3.645757877,3.413390689,3.701738873,3.763455919,3.990766635,2.915514321,3.208145339,3.857096996,3.845618938,2.440603361,2.728660382
amtB,6.358739907,6.38528417,4.259020946,5.843278069,6.22101188,5.967175115,8.618774064,7.402379519,3.043839098,6.524318543,7.069675375,6.994404558
anmK,5.147894522,4.294879557,5.24484162,5.07567602,4.316915584,4.08857301,5.395096157,5.301003122,4.659026421,4.800591248,5.911778907,5.552659643
ansA,4.183579732,4.758116538,4.137769358,4.683795876,4.959348432,5.209570717,4.330010862,4.077573058,3.470749835,3.056677113,2.948738551,3.250214154
ansB,3.738270261,2.997317952,1.977337143,2.959587103,2.529192451,3.166593538,2.838199673,2.483565826,2.577877013,2.790871234,3.478994982,2.92436909
ansP,2.402133773,2.429952245,2.524469212,2.198546665,3.398841768,3.130238383,1.845238606,0.57980147,0.950201861,1.662278962,1.341744444,2.231895253
apaG,1.701594873,2.809943836,2.458083344,2.650926218,2.747355123,2.800514418,1.255666409,1.760580758,1.880704813,2.690038402,1.341744444,1.458599818
apaH,3.339999835,3.645757877,3.958384548,3.948483134,4.263723805,4.06953578,2.838199673,2.385922444,3.857096996,3.412926304,1.887696574,3.631962725
apbA,3.978067213,3.402648158,3.884904066,3.722295367,3.755766735,3.45801186,3.418265311,3.514309881,3.314863079,3.798131235,3.685185387,3.739595723
aphA,5.763981528,4.920834237,6.966623702,6.431644254,4.028835589,3.105479645,7.983504165,7.981665684,6.39584765,7.278850938,7.406733676,6.493437144
appA,2.024617477,2.030199546,1.531325051,1.429612449,2.204714673,1.962721439,1.675275111,2.28107207,1.880704813,1.863384156,1.641516703,1.458599818
appB,1.872409522,0.04093922,2.156357825,1.707779131,1.39479921,1.719858046,0.983904798,1.593346297,1.335513986,1.142112545,1.641516703,0.804561649
appC,1.005901477,0.813307996,2.58789945,2.198546665,1.654006666,1.651898241,1.255666409,2.044750511,2.089747114,2.195417295,1.341744444,0.804561649
apt,3.552876099,3.853667527,3.013921285,3.801705643,3.708748557,4.749415607,1.481501414,1.909857469,2.709352471,1.142112545,1.887696574,0.804561649
aqpZ,1.50675362,1.284323171,1.393037856,2.074906101,2.181743192,1.962721439,2.258187993,1.760580758,0.950201861,1.142112545,1.341744444,2.231895253
araA,1.872409522,0.813307996,1.239066079,0.780805482,0.848411752,0.810426666,0.639427359,1.181552541,2.577877013,0.261889892,0.955758142,-1.14456266
araB,1.005901477,0.04093922,0.864408982,0.59996766,0.215468341,-0.328638789,0.983904798,0.915725688,0.950201861,0.261889892,0.955758142,0.804561649
araC,3.648556922,1.777799163,2.458083344,1.206669469,1.548844669,1.465745832,2.915514321,3.150115972,3.139979739,2.690038402,3.403127684,2.728660382
araD,0.169307087,0.04093922,-1.14456266,-1.14456266,-0.340399338,-0.563826259,0.154497435,0.57980147,0.396002577,-1.14456266,-1.14456266,-1.14456266
araE,2.508531198,2.937542598,1.772119263,2.198546665,2.314294782,2.529122468,1.996751073,1.909857469,1.634841947,1.142112545,2.27917705,1.458599818
araF,2.402133773,1.909674822,1.656951679,1.866355798,0.648269063,1.543254621,3.418265311,4.014037271,2.829743201,3.645476578,3.747834198,2.92436909
araG,1.701594873,1.469254964,1.239066079,1.07954682,0.573613538,1.296115878,1.845238606,2.044750511,0.950201861,1.42689579,2.837620345,2.728660382
araH,1.872409522,1.909674822,1.656951679,0.780805482,1.074094981,1.425280607,1.675275111,2.28107207,2.577877013,1.662278962,1.887696574,1.458599818
araJ,1.50675362,2.244134095,2.315226014,2.008769244,2.35586119,2.671255534,1.845238606,1.909857469,1.335513986,2.195417295,-1.14456266,0.804561649
arcA,9.50496024,9.019602693,9.175048815,9.424279363,9.049917509,8.53760815,10.5112612,9.560410819,8.074223985,9.523790092,9.866933669,9.096958723
arcB,6.835582488,6.934904099,8.843224474,8.661324069,7.054533848,6.508009341,8.956077642,7.973344236,6.525750678,7.790041031,7.969577211,7.575961101
argA,4.305921278,2.875164209,3.059257218,3.060098585,4.378257991,3.57070982,5.395096157,5.970072775,5.583029683,4.062071252,6.786389002,4.691164879
argB,5.010752842,4.857932964,4.761247443,4.608561751,5.606068625,4.878932606,6.206553454,6.201432379,6.242319721,5.714769161,6.127174627,5.363940975
argC,4.597001437,4.035308594,3.447847771,3.403751415,5.187759213,4.593848038,5.208738863,5.694384258,6.082599761,5.25178206,5.737703654,4.743771959
argD,3.552876099,3.446128737,2.762849217,3.428998246,4.565708163,4.144220349,5.029750154,5.246790676,4.722356551,3.590767972,5.539700958,3.739595723
argE,5.520509821,4.951285027,4.571445375,4.959389101,6.152467024,5.156462209,6.310020505,6.502583456,6.284884271,5.353754052,6.866124134,5.259434137
argG,6.286314327,5.742832193,5.045857234,5.489129416,6.745945319,5.71509167,6.96392213,7.518456754,7.407500264,6.321155153,7.959697586,6.242448363
argH,6.82539545,6.508124441,6.065469091,5.938491071,7.55806738,5.866058289,7.578345676,7.670321626,7.823028071,7.2438684,7.719340249,6.707161912
argI,2.787044417,2.594274625,2.388448808,2.36584946,3.437831912,3.42840113,5.909862166,6.201432379,5.19379519,4.537126357,6.35531099,6.128398078
argR,3.738270261,3.718449416,3.013921285,3.722295367,4.451437637,3.834116274,4.330010862,3.913148221,3.857096996,3.348396791,4.421078721,3.739595723
argS,6.00870363,5.725321092,6.34182837,6.498641448,6.113932207,6.091835805,4.357887081,4.71905375,5.125165448,4.177873934,5.011681315,3.250214154
argT,9.248969486,8.359447007,8.846451051,9.010265847,9.182764842,7.785111346,12.25344555,11.02473205,8.665649281,8.78709411,10.36362182,9.286143377
arnT,0.658708418,0.04093922,1.06506632,0.780805482,1.619835106,1.38357723,0.154497435,1.402984775,0.396002577,0.778581957,0.400375956,1.458599818
aroA,7.332932653,7.778590475,8.158603588,8.487059902,8.235755271,8.074692614,5.66420515,6.250466881,6.489813606,5.848866567,5.978535987,4.394793315
aroB,5.698508438,6.061659862,6.109108542,6.297821734,6.206997805,6.879677257,4.921866334,5.35325148,5.301384668,5.67592496,4.905871111,4.843556128
aroC,5.742485677,6.182075468,6.037508463,6.044209839,6.515207689,6.121387585,4.784867708,5.340365757,6.070484925,5.688989598,4.634910367,4.520742021
aroD,5.02862589,4.27092816,4.37085753,4.842308552,5.084218317,4.434394403,4.301584813,3.913148221,4.41250523,4.140297819,4.07540813,4.021274137
aroE,3.339999835,4.936140006,4.199670149,5.002004611,4.285236677,5.562423475,3.125194645,3.727500311,3.799486457,3.533896365,3.323031869,3.515622458
aroF,10.09675459,8.452840422,6.493602667,8.229988955,7.703901403,6.838128231,4.825356113,4.57244871,5.513135725,4.062071252,4.214925963,4.636565409
aroG,7.140926767,9.012401796,8.629489204,9.178517421,9.557434981,9.408380019,6.701157304,7.371048209,7.917356986,8.424716283,6.461811247,7.037173238
aroH,4.548264225,4.00658169,3.413390689,3.930933505,4.347913115,4.620243429,2.577489015,3.947569154,3.799486457,3.412926304,3.685185387,2.231895253
aroK,5.131448233,5.742832193,6.043144113,6.238475103,6.027263517,6.986648851,4.633472821,4.815336156,4.897193331,5.70193697,4.531955639,4.021274137
aroL,6.096041422,5.199776111,4.814954636,5.051534642,4.723710549,5.229707164,4.489712588,4.167913085,3.857096996,4.25020836,3.148053403,2.92436909
aroM,1.005901477,2.244134095,1.772119263,2.607199367,2.376196883,3.190328614,1.996751073,1.402984775,0.396002577,-1.14456266,-1.14456266,-1.14456266
aroP,8.567606441,8.305970098,7.614912077,8.259263567,8.792545546,7.954109931,5.253930888,5.782759353,6.777517761,6.426310333,5.798093118,5.363940975
arsB,1.005901477,1.632120246,-1.14456266,0.59996766,0.648269063,0.336426748,0.639427359,0.57980147,1.335513986,0.778581957,1.887696574,-1.14456266
arsR,0.169307087,-1.14456266,-1.14456266,0.124258233,-0.021124796,-0.005082435,-1.14456266,-1.14456266,-1.14456266,-1.14456266,-1.14456266,-1.14456266
artI,4.898596823,4.554975603,4.539892996,4.662698005,5.474198195,4.27737277,5.113871063,4.887985489,5.148406791,4.537126357,5.467161735,4.743771959
artJ,5.046280139,3.682562565,3.103203875,3.154025009,5.821904829,4.49270719,6.599793368,6.780501258,6.489813606,5.47938783,7.435532634,4.256775916
artM,2.287124403,3.311530153,3.638865955,3.092095514,3.801297577,3.367284569,2.669780771,2.960458629,3.394918736,4.062071252,2.440603361,2.501831767
artP,2.787044417,2.741607747,1.656951679,2.607199367,3.398841768,3.579714563,2.577489015,3.263920196,3.043839098,2.195417295,3.148053403,2.92436909
artQ,2.161956914,3.488332863,3.227503291,3.123394332,4.437095916,3.780473794,3.058650775,2.741810914,3.470749835,2.690038402,3.619684692,2.728660382
ascB,2.024617477,0.490617291,0.626040423,-0.233394293,1.473989129,1.250163792,1.255666409,0.915725688,1.634841947,1.142112545,0.400375956,1.458599818
ascF,1.005901477,1.469254964,1.06506632,-0.233394293,-0.165749464,0.121745392,0.639427359,1.760580758,1.880704813,2.195417295,2.27917705,0.804561649
ascG,3.940772686,3.885576928,3.187254339,2.693353613,3.338298716,3.641217357,3.125194645,3.877884375,2.089747114,3.280832743,3.551059262,3.389035879
asd,9.621403742,9.902860891,10.54126128,10.32397386,9.169999194,9.305259296,9.111459957,8.942252496,8.371928521,9.421840063,9.03441902,8.256908906
aslB,3.090005404,1.909674822,1.393037856,1.866355798,2.134649391,2.704682599,1.675275111,2.044750511,1.634841947,1.142112545,2.440603361,1.898039616
asmA,6.225636365,6.182075468,6.382406893,6.387330474,6.660086363,6.85674235,6.611414204,6.681809738,6.552127924,6.410623175,6.612340105,6.693857625
asnA,8.956336508,10.17327536,10.00878372,10.50150909,8.544890673,10.89864806,9.196857047,10.55711261,8.887295241,10.72865862,8.966974962,9.893869635
asnB,8.208632596,8.667460904,8.039608209,8.387730128,8.120868235,9.059474291,7.551451306,8.857750297,7.161309869,8.826050034,8.024318675,8.336115117
asnC,7.884865088,8.067983066,8.156005339,8.247801954,8.728506199,8.337782742,7.441819072,7.639097947,7.454869326,7.039757544,7.242603799,6.523830456
aspA,8.912498404,8.258065302,8.367300125,8.011749186,7.358902795,6.851183289,9.53330839,9.171407161,8.481204892,8.858210544,9.473345307,9.091896119
aspC,10.04556595,9.91835411,10.37051215,11.02201785,9.804980103,9.215265511,10.09535836,9.782655638,9.203828155,9.037431124,9.293634687,8.283797056
aspS,8.057989168,7.91033407,7.494619567,7.825025641,8.273225309,7.777804455,7.186121038,7.037577533,6.770046117,6.531588893,6.907827353,5.820918056
asr,3.822718504,3.357811199,3.982067889,4.457484779,3.103715873,2.120729452,6.899028901,6.059270655,6.070484925,6.054648136,5.737703654,5.552659643
astA,2.161956914,3.357811199,1.656951679,3.213392485,2.747355123,3.105479645,6.754537879,5.642841808,4.333566771,4.64835278,5.371035859,5.581844769
astB,3.156702039,2.937542598,1.656951679,2.888436333,3.456937476,2.61960048,5.48628584,4.108320124,3.676850297,3.474683089,4.531955639,4.18247159
astC,4.445549485,4.574672154,4.44086776,4.493780314,3.456937476,4.203630089,7.963241339,7.181784608,5.847250244,6.287194681,6.725500294,7.215338757
astD,3.648556922,3.718449416,2.868616656,3.616444367,3.916111323,3.25926669,6.845911229,6.158034043,5.028263183,4.726480352,5.978535987,5.820918056
astE,2.700105232,2.244134095,2.388448808,3.548982175,4.168532269,3.117912415,5.162084853,3.317609911,2.709352471,3.348396791,3.148053403,3.631962725
atoA,-1.14456266,0.04093922,-1.14456266,-1.14456266,-0.340399338,-1.14456266,-1.14456266,-1.14456266,-1.14456266,-1.14456266,0.400375956,0.804561649
atoB,0.169307087,0.813307996,0.864408982,0.780805482,0.408571111,1.048683592,1.675275111,1.181552541,1.335513986,0.778581957,0.400375956,-1.14456266
atoC,1.872409522,2.141213121,2.816710004,2.008769244,1.584796819,2.601958204,3.520582185,3.026504243,2.433038119,4.101715412,3.974275373,3.933364168
atoD,-1.14456266,-1.14456266,-1.14456266,-1.14456266,-0.57230235,-1.14456266,-1.14456266,-1.14456266,-1.14456266,-1.14456266,0.400375956,-1.14456266
atoE,0.658708418,0.04093922,0.328725926,0.124258233,0.104113823,0.516202858,1.255666409,0.10884003,0.950201861,0.261889892,0.400375956,-1.14456266
atoS,3.738270261,2.594274625,3.884904066,3.184015617,2.936588225,2.61960048,3.830369867,4.2801787,3.542781318,3.280832743,3.865501508,4.936879918
atpA,9.801088195,9.409781048,9.060935257,9.201550567,9.963937792,8.865628263,6.96392213,8.204210708,9.35755004,8.551719983,8.499249391,7.680833421
atpB,7.479804624,7.944786045,7.387943188,7.910264288,8.219792741,8.266136729,5.595647816,5.953245315,7.091089368,6.746777091,6.31454774,5.429629227
atpC,8.064500048,7.571255989,7.801035903,7.946710704,8.119746686,7.286240034,6.860592904,7.665164382,8.599742018,7.966706024,7.817422224,8.256908906
atpD,10.20581406,10.18853023,10.72646662,10.69506221,10.42511426,9.532527952,8.665508372,9.193964009,9.92176063,9.600115412,9.39119528,8.51318621
atpE,8.482647971,8.803004559,8.273330433,8.516013592,9.216730755,8.830510686,7.089717916,7.100061785,7.840968111,7.796090819,6.900959997,5.93839744
atpF,8.060162728,8.139133275,8.103032799,8.221900785,8.592559959,7.882794459,6.634378762,6.81816196,7.947477434,7.689626299,6.830426227,5.892547281
atpG,9.11110861,8.779867061,9.291487338,9.20337743,9.463750551,8.147178655,7.110340039,7.814715486,8.381766331,8.099828514,7.683773239,6.597125066
atpH,7.693707174,7.73987511,6.975492643,7.088722546,7.880710827,7.219490081,5.473606429,6.098060854,7.114878,7.084933481,5.965429433,5.329939833
atpI,5.227425206,5.400689989,5.10094053,5.576309178,5.488172966,6.480667115,3.520582185,4.527669483,4.558488654,3.891590314,4.300956729,3.515622458
avtA,5.317411886,6.040575841,6.130442994,6.698400232,4.966021965,6.678834197,4.784867708,5.246790676,4.951059033,4.960002543,4.531955639,4.579816561
baeR,4.118279568,4.841769377,4.976853896,4.959389101,4.4750279,4.71717262,4.357887081,4.384327196,3.230082065,4.726480352,3.865501508,3.739595723
baeS,1.50675362,2.030199546,2.156357825,1.789321157,1.39479921,1.876515111,0.983904798,1.909857469,1.880704813,0.778581957,0.955758142,0.804561649
barA,3.156702039,3.7534632,3.934305241,4.23252161,4.777817688,4.487936883,2.838199673,3.317609911,3.799486457,3.645476578,2.948738551,3.933364168
basR,2.607531025,2.937542598,2.967104776,2.77460641,2.731706882,2.815880163,2.669780771,2.660811997,2.433038119,4.021305152,2.837620345,-1.14456266
basS,2.287124403,2.429952245,2.918707025,3.298080719,2.950159195,3.080286144,1.996751073,2.81846539,2.709352471,3.474683089,2.27917705,2.231895253
bax,5.999671831,5.378454992,5.330301595,5.08363417,4.236373082,4.663189448,7.043284123,7.700883826,7.144072568,7.549826917,8.448345971,7.772280789
bcp,7.02107675,7.012748109,6.497712896,7.013663918,7.47103625,7.370259859,5.771688734,5.910297301,5.301384668,5.740096078,5.768214385,4.579816561
bcr,3.090005404,3.821034916,3.725636131,3.839826347,4.047843654,4.27737277,3.125194645,2.741810914,3.230082065,3.280832743,2.837620345,2.501831767
bcsA,3.502538225,3.7534632,4.316023771,3.913167376,4.479699976,3.841618899,3.748448948,3.208145339,4.11494029,3.056677113,2.440603361,3.096523317
bcsC,4.818666763,5.827334267,6.350944974,6.161624566,5.765648164,5.5759687,4.656098509,5.55634019,5.513135725,5.608765607,4.905871111,4.256775916
bcsZ,3.020056016,3.718449416,3.884904066,3.965821487,3.708748557,3.515464454,3.188788908,2.891221262,3.611376894,3.280832743,1.887696574,3.389035879
bdm,-1.14456266,-1.14456266,-1.14456266,-1.14456266,-1.14456266,-1.14456266,0.154497435,-1.14456266,-1.14456266,-1.14456266,-1.14456266,-1.14456266
betA,4.049878631,5.7075948,4.691171905,5.512897374,3.845432489,5.123017236,3.830369867,5.327363875,4.897193331,4.893828896,5.246531873,4.890972848
betB,4.689795299,5.85979611,5.393437374,6.02780688,3.786280069,5.475960771,4.633472821,5.403673137,5.19379519,5.433547911,5.591807432,5.461384545
betI,3.396246232,3.885576928,4.094973529,4.288699623,1.956213143,3.963523049,3.188788908,3.877884375,3.230082065,3.474683089,4.123430944,4.256775916
betT,4.620765799,6.019179087,5.153997139,6.036031674,2.950159195,5.584928697,5.871715865,6.645608339,6.130066621,6.198621981,6.733253413,6.746354076
bfd,1.872409522,3.214239589,2.967104776,2.888436333,3.418469026,2.721107363,2.133511042,2.741810914,2.577877013,1.142112545,0.400375956,3.389035879
bfr,2.787044417,3.054700123,3.577968833,2.77460641,2.667342007,1.719858046,4.242993251,3.369365381,2.433038119,3.979351652,3.747834198,3.933364168
bglA,5.302798607,5.161221694,4.507634548,4.481783059,5.825578401,5.027653241,5.046971457,5.578456755,4.897193331,4.893828896,5.268043282,5.146759137
bglF,-1.14456266,-1.14456266,-0.081165644,0.124258233,-0.021124796,-0.328638789,0.154497435,0.10884003,-1.14456266,0.261889892,-1.14456266,-1.14456266
bglJ,0.658708418,-1.14456266,-0.081165644,-0.233394293,0.573613538,0.336426748,1.481501414,1.181552541,0.950201861,1.662278962,0.400375956,-1.14456266
bglX,5.934814509,5.99746018,5.479091466,5.593130213,6.303669891,5.708957515,5.253930888,5.978413463,5.420718491,5.566915939,5.884186342,5.719519721
bioA,2.402133773,2.030199546,1.977337143,2.515506793,1.548844669,2.350195651,2.577489015,2.044750511,3.314863079,0.778581957,0.955758142,2.501831767
bioB,2.161956914,3.311530153,3.608739568,3.948483134,2.823126441,3.117912415,3.616100965,2.660811997,2.271761073,2.195417295,2.717142687,1.898039616
bioC,2.161956914,2.594274625,3.934305241,2.959587103,1.473989129,2.471943915,1.675275111,1.909857469,2.709352471,1.863384156,2.440603361,1.458599818
bioD,2.402133773,2.875164209,3.341894942,2.693353613,2.454749665,2.73734551,0.639427359,2.044750511,2.577877013,0.261889892,1.341744444,2.231895253
bioF,1.005901477,2.741607747,3.413390689,3.060098585,1.813276146,2.510316822,1.675275111,1.909857469,2.089747114,1.142112545,1.887696574,0.804561649
bioH,3.738270261,4.035308594,4.05086741,4.14392163,3.943439326,4.419440011,3.249685166,3.419321637,2.709352471,3.698181102,3.807869657,2.92436909
bipA,9.602886032,10.82233313,10.55118269,11.14438758,10.94951551,11.28308742,8.602853374,9.497967861,9.088419691,8.451793859,8.460073653,7.700923152
birA,3.694112533,4.409006535,5.254591104,5.434174771,4.358099225,4.939574807,4.085158623,4.046155423,3.470749835,4.177873934,3.920915173,3.739595723
bisC,4.776976412,5.249629364,5.045857234,4.870183127,5.508884491,5.352846773,4.181918076,4.2801787,4.29241472,4.726480352,4.601402454,4.18247159
blc,2.402133773,1.284323171,1.656951679,0.938810998,1.548844669,0.743193164,4.051405413,2.960458629,2.577877013,3.645476578,3.551059262,3.839737144
blr,1.279535868,1.777799163,2.458083344,2.81356451,2.204714673,2.753401269,2.669780771,0.915725688,0.950201861,2.195417295,0.955758142,2.231895253
bolA,6.186374297,5.094581589,4.953099035,5.145766231,5.777076384,5.769155907,7.378620457,6.761295695,5.713410787,6.402715161,7.187232595,6.821681944
brnQ,5.429275615,5.606003759,4.928946305,5.581938013,6.039968141,5.80984822,4.412072405,4.79658715,4.722356551,4.67486849,4.16990457,4.10412621
bssR,5.258048841,3.682562565,5.215191394,4.369062526,4.975974713,3.588663291,3.616100965,3.60341114,3.965832754,4.44768603,5.485641401,6.088285561
bssS,4.497821511,3.311530153,2.918707025,3.027371501,4.191502596,3.764772941,6.331258485,4.077573058,3.611376894,4.537126357,4.342119852,4.743771959
btuB,6.12954786,6.429207591,6.146239293,6.096266841,6.041548381,6.255092987,5.097434842,5.744148356,5.759417607,5.566915939,5.310126879,4.936879918
btuC,3.156702039,3.7534632,4.179330603,4.915475797,3.97688588,4.282892008,3.748448948,4.014037271,2.433038119,3.533896365,3.238206047,3.250214154
btuD,3.450374263,3.163005359,3.059257218,3.184015617,3.838169984,3.716615922,2.75646861,2.660811997,2.829743201,3.135350084,2.717142687,2.231895253
btuE,3.552876099,2.594274625,2.706879979,2.924453426,3.592669597,3.166593538,2.133511042,2.483565826,2.433038119,2.581544051,2.096977156,2.501831767
btuR,5.856935371,5.689647961,6.043144113,5.994430586,7.079361645,6.633135891,7.914824392,7.750424663,6.326228843,6.900692043,7.026157693,6.653192364
cadA,0.169307087,0.813307996,0.626040423,0.387042983,0.718619532,1.048683592,0.983904798,0.57980147,-1.14456266,0.778581957,0.955758142,-1.14456266
cadB,-1.14456266,-1.14456266,-0.081165644,-1.14456266,-1.14456266,-0.151607991,-1.14456266,-1.14456266,-1.14456266,0.261889892,-1.14456266,-1.14456266
caiA,2.946518091,3.109874429,2.238018242,2.924453426,2.880980903,2.412372376,2.372776568,2.167844039,0.950201861,2.195417295,1.887696574,3.096523317
caiC,-1.14456266,-1.14456266,0.626040423,0.124258233,0.3162332,0.23446579,0.154497435,0.57980147,-1.14456266,-1.14456266,0.400375956,-1.14456266
caiD,-1.14456266,-1.14456266,-1.14456266,-1.14456266,-1.14456266,-0.563826259,-1.14456266,0.10884003,-1.14456266,-1.14456266,0.400375956,-1.14456266
caiE,-1.14456266,0.04093922,0.626040423,-0.233394293,0.3162332,0.23446579,0.639427359,0.10884003,-1.14456266,-1.14456266,0.400375956,-1.14456266
caiF,-1.14456266,0.813307996,1.06506632,1.206669469,1.074094981,1.425280607,0.639427359,1.181552541,0.396002577,1.142112545,-1.14456266,0.804561649
caiT,-1.14456266,0.04093922,2.648628761,0.780805482,-0.021124796,-0.563826259,4.016842324,3.877884375,0.950201861,3.645476578,2.585564792,2.501831767
carA,4.955764907,6.345722569,6.703888748,6.393744965,6.172797915,6.440509049,3.981429471,5.176027535,6.946125453,4.751609612,4.025729113,5.429629227
carB,7.715935128,8.44884513,9.376527866,8.701304181,7.861157731,7.790930329,6.302871124,7.819365714,8.796439501,7.520895426,7.337212417,6.994404558
cbl,4.497821511,5.261828004,4.632551095,5.018704348,5.97198465,4.628935583,5.697299413,5.176027535,3.611376894,4.700905348,3.478994982,3.096523317
cbpA,4.334950048,3.885576928,3.447847771,3.213392485,4.174309272,3.001936354,4.357887081,4.306929861,4.41250523,3.891590314,4.382139907,4.459142826
cca,4.955764907,5.506996864,5.723312264,6.198731026,5.524790329,5.735352481,5.473606429,5.663680311,5.513135725,5.216123802,5.330716994,4.794527028
cchA,0.658708418,0.04093922,0.864408982,0.124258233,0.493994953,0.121745392,0.154497435,-1.14456266,0.950201861,0.778581957,1.887696574,0.804561649
cchB,-1.14456266,-1.14456266,-0.081165644,-1.14456266,-0.57230235,-1.14456266,-1.14456266,-1.14456266,-1.14456266,-1.14456266,-1.14456266,-1.14456266
ccmA,1.701594873,1.469254964,1.878486406,1.707779131,1.434968744,1.048683592,1.481501414,2.483565826,0.950201861,2.195417295,0.400375956,-1.14456266
ccmB,1.701594873,0.04093922,0.864408982,1.206669469,0.785190935,1.048683592,-1.14456266,0.57980147,0.396002577,0.778581957,1.641516703,0.804561649
ccmC,1.50675362,1.284323171,1.531325051,1.621147031,1.173835043,1.202582163,1.255666409,0.57980147,-1.14456266,1.142112545,1.341744444,0.804561649
ccmE,1.005901477,1.469254964,0.626040423,0.780805482,0.785190935,0.336426748,-1.14456266,-1.14456266,0.950201861,1.142112545,0.400375956,0.804561649
ccmF,2.700105232,3.054700123,2.706879979,2.417504478,1.872213685,2.095594769,-1.14456266,0.915725688,2.940786701,1.42689579,1.887696574,2.501831767
ccmG,2.700105232,1.909674822,2.967104776,1.528716401,1.584796819,1.752629909,0.639427359,1.760580758,2.089747114,1.662278962,1.641516703,1.458599818
ccmH,2.607531025,2.997317952,3.341894942,3.184015617,2.922887473,2.547683181,1.845238606,2.385922444,2.709352471,2.581544051,3.051855849,2.92436909
ccrB,1.50675362,2.429952245,2.315226014,2.515506793,2.582578473,3.041646281,2.838199673,2.044750511,-1.14456266,1.863384156,1.341744444,1.898039616
cdaR,4.734044673,3.718449416,3.266654798,3.548982175,1.548844669,3.213677654,4.272586782,4.77759114,3.857096996,4.621340262,4.634910367,2.501831767
cdd,5.972232106,5.99746018,5.348624147,5.65851882,4.770211299,3.963523049,3.830369867,4.252921561,3.394918736,3.209933256,4.07540813,3.096523317
cdh,2.161956914,2.244134095,1.977337143,2.074906101,2.227319223,2.371224964,1.675275111,1.593346297,0.950201861,1.142112545,0.400375956,2.231895253
cdsA,4.215152564,4.452241776,3.884904066,4.735228175,4.613253384,5.389107415,3.188788908,4.138424687,4.29241472,3.845618938,4.258583241,3.515622458
cedA,-1.14456266,-1.14456266,0.864408982,0.780805482,1.124904303,1.752629909,0.154497435,0.915725688,0.950201861,0.778581957,-1.14456266,-1.14456266
celA,1.005901477,1.777799163,1.06506632,0.938810998,1.956213143,1.153242155,2.669780771,2.28107207,2.271761073,0.778581957,2.440603361,2.231895253
celC,1.279535868,1.284323171,0.328725926,1.206669469,1.173835043,1.543254621,0.154497435,0.57980147,0.950201861,1.42689579,0.400375956,-1.14456266
celD,1.005901477,1.284323171,1.772119263,1.429612449,2.181743192,2.26281716,1.845238606,1.593346297,0.396002577,1.142112545,0.955758142,0.804561649
celF,2.161956914,2.030199546,2.315226014,2.924453426,2.454749665,2.26281716,3.249685166,2.81846539,1.335513986,2.336112447,2.440603361,1.898039616
cfa,7.518257763,6.082440159,6.167035509,5.833873619,7.330099284,5.162460655,7.970027285,6.722100081,5.728910005,6.161611931,6.866124134,6.869800488
chaA,4.418685018,4.00658169,2.388448808,3.965821487,2.963602834,3.57070982,1.675275111,2.385922444,1.335513986,2.336112447,1.641516703,1.898039616
chaC,4.497821511,4.00658169,3.608739568,3.89517933,3.922992093,4.667414521,3.520582185,3.419321637,2.709352471,2.973436686,3.478994982,3.839737144
cheA,1.50675362,1.069845507,0.626040423,0.59996766,1.173835043,1.425280607,0.983904798,1.181552541,-1.14456266,1.142112545,0.400375956,0.804561649
cheR,0.169307087,0.490617291,1.06506632,0.59996766,0.848411752,0.429826472,1.675275111,0.10884003,0.396002577,0.261889892,-1.14456266,1.898039616
cheW,1.279535868,1.284323171,1.772119263,1.528716401,1.843055586,1.202582163,0.154497435,1.760580758,0.950201861,1.863384156,0.400375956,-1.14456266
cheY,1.279535868,1.284323171,1.393037856,1.07954682,1.266618037,1.250163792,0.983904798,1.181552541,0.950201861,0.778581957,1.341744444,1.458599818
cheZ,0.169307087,0.490617291,0.626040423,0.938810998,1.173835043,1.048683592,0.983904798,1.593346297,-1.14456266,0.778581957,1.641516703,1.458599818
chiA,2.508531198,2.809943836,3.266654798,2.734557267,3.054335116,2.784981838,2.915514321,3.467600001,2.709352471,2.790871234,3.323031869,2.231895253
chpA,3.156702039,3.569197809,3.69729008,3.913167376,3.874121648,4.320945934,3.249685166,2.81846539,2.433038119,2.790871234,2.585564792,3.739595723
chpR,1.872409522,1.909674822,3.725636131,3.638246641,2.227319223,2.217021787,2.838199673,2.574940804,0.950201861,1.662278962,1.341744444,0.804561649
cirA,-1.14456266,0.04093922,-1.14456266,-1.14456266,-0.340399338,-0.005082435,-1.14456266,-1.14456266,-1.14456266,-1.14456266,-1.14456266,-1.14456266
citA,1.701594873,0.813307996,1.06506632,2.256535936,2.63403818,2.584095042,2.133511042,1.402984775,2.089747114,1.42689579,1.341744444,1.458599818
citC,0.658708418,0.04093922,-1.14456266,-1.14456266,-0.165749464,-0.328638789,0.154497435,-1.14456266,-1.14456266,-1.14456266,-1.14456266,-1.14456266
citD,-1.14456266,0.04093922,-1.14456266,-0.233394293,-0.165749464,-1.14456266,-1.14456266,-1.14456266,-1.14456266,-1.14456266,-1.14456266,-1.14456266
citF,1.279535868,-1.14456266,1.878486406,1.429612449,1.074094981,0.743193164,0.983904798,0.10884003,0.950201861,0.778581957,1.341744444,-1.14456266
citG,-1.14456266,-1.14456266,-1.14456266,-1.14456266,-1.14456266,-0.151607991,-1.14456266,-1.14456266,0.396002577,0.261889892,-1.14456266,-1.14456266
citT,1.279535868,1.632120246,1.393037856,1.206669469,2.035469178,2.095594769,2.133511042,2.044750511,1.634841947,1.42689579,1.341744444,-1.14456266
citX,-1.14456266,0.04093922,-1.14456266,-1.14456266,-0.57230235,-1.14456266,-1.14456266,-1.14456266,-1.14456266,-1.14456266,-1.14456266,-1.14456266
clpA,8.224224225,7.23627853,7.420782408,7.245888476,7.438421716,7.352662971,9.271999486,8.300485041,7.010950178,7.872513043,8.963683334,8.348903466
clpB,9.116340512,8.191081317,7.741623233,7.614615302,8.140908433,7.185288293,9.055134385,8.80831395,9.272857155,8.98012954,9.410665383,9.877781718
clpP,7.043221821,6.677032183,6.550106779,7.072821292,7.248302865,6.846534319,6.941079611,6.903852661,6.701000653,7.09478332,6.934974472,6.278545747
clpS,5.415757986,5.777229285,6.07650334,6.076466604,5.48585322,5.523339826,6.759768889,6.222651574,5.530929281,6.278578159,6.07931016,6.047025682
clpX,8.924478509,8.752035561,8.890099896,9.144690008,8.854087496,8.682117167,8.573448721,8.779966693,8.616503246,9.023317681,9.110803452,8.478692524
cls,4.936959574,4.514756309,4.219726587,4.597486218,5.36735742,5.050475489,4.921866334,4.990526226,4.78302168,4.91622588,4.601402454,4.520742021
cmk,3.396246232,3.853667527,3.859553062,4.619552847,3.732449625,4.796467226,1.675275111,2.28107207,2.433038119,3.348396791,3.148053403,2.501831767
cmr,1.279535868,2.340080965,1.393037856,2.074906101,2.085930983,2.769278728,0.983904798,0.57980147,1.335513986,0.261889892,0.400375956,2.231895253
cmtA,-1.14456266,-1.14456266,0.864408982,-1.14456266,-0.340399338,-0.005082435,-1.14456266,-1.14456266,0.396002577,0.261889892,0.955758142,-1.14456266
cmtB,-1.14456266,-1.14456266,-1.14456266,-0.233394293,-1.14456266,-1.14456266,-1.14456266,-1.14456266,-1.14456266,-1.14456266,-1.14456266,-1.14456266
coaA,3.694112533,3.357811199,3.668374493,3.638246641,4.208493184,5.076123339,3.188788908,3.727500311,3.676850297,3.645476578,4.16990457,4.021274137
coaD,3.020056016,2.809943836,3.145844317,3.060098585,3.139667088,3.448209222,0.639427359,1.760580758,3.542781318,2.03916712,2.585564792,2.231895253
coaE,1.701594873,2.141213121,1.772119263,1.789321157,2.35586119,2.452362542,1.255666409,0.57980147,0.950201861,0.261889892,0.400375956,-1.14456266
cobB,1.50675362,0.490617291,0.328725926,0.938810998,2.060925945,1.202582163,1.845238606,1.593346297,0.396002577,1.142112545,0.400375956,-1.14456266
cobS,2.024617477,1.069845507,1.239066079,1.322734996,1.39479921,2.412372376,1.481501414,0.10884003,-1.14456266,0.778581957,-1.14456266,0.804561649
cobT,2.946518091,2.937542598,2.238018242,2.81356451,2.747355123,3.597556698,2.372776568,1.760580758,1.634841947,1.42689579,1.341744444,1.898039616
cobU,1.50675362,0.813307996,2.458083344,2.138078784,1.39479921,1.990318907,2.478808946,1.909857469,-1.14456266,1.142112545,1.341744444,1.458599818
codA,4.797972256,4.723247491,4.705462124,4.529184383,4.869659278,4.373622762,4.051405413,4.108320124,3.314863079,3.749023528,3.478994982,2.92436909
codB,2.161956914,2.937542598,2.524469212,2.562090015,2.715885433,3.248004389,0.639427359,2.385922444,2.089747114,1.142112545,-1.14456266,1.458599818
cof,5.21186605,4.27092816,4.199670149,3.999884323,4.604724611,3.615180267,4.656098509,4.71905375,5.832977856,4.700905348,5.133881715,5.892547281
copA,12.29575028,11.46268293,10.22656506,11.22314784,5.549436152,6.348806731,6.439531299,6.780501258,6.525750678,8.327819861,5.938853575,7.296796792
corA,5.063720883,4.705491563,4.507634548,4.597486218,4.574470194,5.37109104,3.94512394,4.196810065,3.542781318,4.101715412,4.382139907,2.92436909
cpdA,4.85918554,4.775239862,4.774862943,4.14392163,4.493626032,4.544164416,3.90787948,4.138424687,5.280499269,5.269285949,4.667657167,4.890972848
cpdB,5.886634934,4.873917376,3.909816478,4.188902497,5.672849562,4.878932606,6.070039351,5.35325148,5.101543425,4.537126357,5.737703654,5.107155918
cpsG,0.658708418,0.813307996,0.328725926,0.124258233,0.718619532,0.596683146,0.639427359,1.593346297,1.335513986,0.778581957,1.641516703,1.898039616
cpxA,5.653148175,5.883671912,5.844454334,6.06042838,5.488172966,5.675794042,4.656098509,4.699000984,5.401502618,4.847963526,4.933060362,4.459142826
cpxP,5.19613721,5.625015017,4.507634548,5.570658291,2.823126441,4.534944143,3.188788908,2.385922444,3.314863079,3.645476578,3.148053403,2.728660382
cpxR,6.233362159,5.689647961,4.719612099,5.138144538,4.911748428,5.232560986,4.514690377,4.167913085,5.171279534,4.565747746,4.601402454,4.691164879
creA,3.020056016,2.514481243,2.918707025,2.734557267,2.963602834,3.092938198,2.372776568,1.909857469,2.433038119,2.690038402,2.096977156,1.458599818
creB,2.402133773,3.569197809,2.315226014,2.312245118,3.079237974,3.213677654,2.133511042,1.402984775,2.089747114,2.195417295,1.341744444,2.231895253
creC,2.024617477,2.340080965,2.58789945,2.256535936,2.880980903,2.90476351,2.372776568,2.483565826,2.271761073,2.690038402,0.955758142,1.898039616
crl,7.837497819,7.296804088,6.855712358,7.110304479,6.420010274,7.306015969,8.138120044,8.062342223,7.553910211,8.272483803,7.723238552,8.340390508
crp,8.621587366,8.320619896,8.348079194,8.110461559,8.105086651,7.506753328,8.436435823,8.438368642,8.21018408,9.029750003,8.678594886,8.403045977
crr,8.711450738,8.522925912,8.868837265,8.452913375,8.908355974,8.15847578,8.140127125,7.631185284,8.199099032,8.467041598,8.741451542,7.852300142
csdA,3.978067213,4.196588626,4.316023771,4.274859093,4.781605888,4.827003085,3.188788908,3.026504243,4.11494029,3.412926304,3.403127684,3.515622458
csgA,1.872409522,2.244134095,2.069687809,2.138078784,1.900776578,2.070004129,2.577489015,2.28107207,2.089747114,2.195417295,2.27917705,2.728660382
csgB,0.169307087,-1.14456266,0.328725926,0.59996766,0.215468341,0.121745392,0.639427359,-1.14456266,1.335513986,0.261889892,0.955758142,0.804561649
csgC,4.667150713,4.705491563,4.474637679,4.432769881,3.838169984,3.487025063,5.097434842,6.035485785,6.253079176,5.46426915,5.390780372,5.552659643
csgD,-1.14456266,-1.14456266,-1.14456266,-1.14456266,-0.340399338,-0.151607991,-1.14456266,-1.14456266,-1.14456266,-1.14456266,-1.14456266,-1.14456266
csgE,-1.14456266,-1.14456266,-1.14456266,-1.14456266,-0.340399338,-0.563826259,-1.14456266,-1.14456266,-1.14456266,-1.14456266,-1.14456266,-1.14456266
csgF,-1.14456266,-1.14456266,-1.14456266,-1.14456266,-0.57230235,-1.14456266,-1.14456266,-1.14456266,-1.14456266,-1.14456266,-1.14456266,-1.14456266
csgG,2.607531025,2.741607747,2.238018242,1.866355798,1.928768743,1.962721439,3.058650775,3.208145339,2.271761073,3.056677113,3.323031869,1.458599818
csiD,3.450374263,1.632120246,2.156357825,1.621147031,2.335230105,1.101997975,4.464294359,3.559550295,2.829743201,2.336112447,4.878159346,4.327436117
csiE,2.787044417,1.069845507,1.878486406,1.322734996,2.060925945,1.651898241,1.845238606,3.317609911,2.433038119,1.42689579,3.051855849,3.096523317
cspA,8.002557822,12.54024214,13.2990227,13.99173271,12.02577705,13.49687441,11.21674601,11.33328557,11.98084573,13.34454001,8.650209817,8.58340563
cspC,9.398183117,9.625719156,10.10756278,10.21704007,9.955894968,9.248771776,9.773340463,9.713143745,10.50064269,10.18018718,10.03552818,9.846561146
cspD,6.202207582,4.723247491,4.474637679,3.820892159,4.151060972,3.213677654,7.545406076,6.790009004,6.366421432,6.329521808,7.643197896,7.047670193
cspE,2.287124403,2.937542598,3.413390689,3.742562398,2.778146992,2.547683181,2.915514321,2.81846539,3.139979739,3.280832743,3.148053403,1.898039616
cspG,0.658708418,2.66984026,4.199670149,5.364033933,2.89508645,6.416870299,2.75646861,3.947569154,3.139979739,4.140297819,2.096977156,1.458599818
cspH,-1.14456266,-1.14456266,-1.14456266,-1.14456266,-0.57230235,1.784647728,0.154497435,-1.14456266,0.396002577,0.261889892,1.341744444,-1.14456266
cspI,-1.14456266,0.813307996,2.156357825,2.81356451,2.035469178,3.25926669,3.86964614,2.167844039,2.709352471,3.936139379,1.341744444,-1.14456266
csrA,6.035464618,5.751508666,5.974018158,6.161624566,6.565500954,6.679879913,6.811061518,6.00315002,5.301384668,6.278578159,5.768214385,4.794527028
cueO,10.29110257,9.366666628,7.753703119,8.919827189,4.844527721,6.480667115,5.583897979,6.158034043,4.206408091,6.074695326,4.634910367,6.260609958
cueR,4.644144788,5.344446285,6.295360596,5.620736573,5.646091578,5.072942191,6.509518587,6.187110844,4.206408091,5.353754052,5.642097062,4.843556128
cusA,9.289366653,7.748568756,6.426194604,7.771847886,5.689072655,6.955899962,6.324213842,6.813507788,7.02984289,8.205880155,4.985947661,4.936879918
cusB,8.697555168,7.477622765,5.19508043,6.93448478,5.404676353,6.216698656,4.825356113,5.673987748,6.242319721,7.546242051,3.619684692,3.839737144
cusC,8.751007169,8.700320436,8.005376013,8.951151382,5.32386142,6.296588109,5.367946811,6.581353651,5.995578244,7.487638554,5.011681315,4.890972848
cusR,6.531613165,6.396391036,5.487383632,5.98596444,3.163143758,4.71717262,3.90787948,4.077573058,3.230082065,4.751609612,2.27917705,3.515622458
cusS,4.620765799,4.514756309,3.059257218,4.493780314,2.473728372,3.467748119,1.481501414,2.741810914,3.043839098,3.590767972,0.955758142,2.501831767
cutA,2.161956914,1.632120246,2.388448808,1.621147031,1.434968744,2.043940294,2.258187993,1.402984775,2.433038119,1.662278962,0.400375956,0.804561649
cutC,5.415757986,5.875757139,6.899863326,7.070821255,5.17916984,6.982417163,7.650524161,7.612551863,6.628483803,6.813909074,6.35531099,4.743771959
cutF,3.694112533,3.885576928,3.546525499,3.453809343,4.04153546,3.796005249,2.478808946,2.960458629,3.043839098,3.412926304,3.051855849,2.231895253
cvpA,3.020056016,4.554975603,4.747502147,4.765229351,5.021533678,6.088689582,3.058650775,3.559550295,4.333566771,2.581544051,2.717142687,1.898039616
cyaA,6.248690719,6.987263978,6.816762535,7.088722546,7.657768026,7.239486758,5.812535621,6.519828622,6.480687695,6.695913836,5.856055678,6.148043679
cyaY,4.118279568,4.27092816,4.199670149,3.948483134,4.552464448,4.914912551,4.051405413,4.196810065,4.29241472,3.749023528,4.601402454,4.256775916
cybB,4.87902582,4.594103225,4.841076244,5.370553202,5.369875615,4.914912551,3.30810401,4.527669483,4.450410319,4.416595346,4.56709718,4.743771959
cycA,8.132180314,7.711253409,7.93437402,8.032450523,7.026082123,7.079117129,8.441327405,8.595729665,8.065094777,8.511841107,9.216912252,8.646917559
cydA,8.987506182,7.185960628,7.450772259,6.921225284,9.265380774,6.400470311,6.484459754,6.676693396,6.784950909,7.889588522,7.545302286,7.296796792
cydB,7.489514422,5.914903759,6.485346908,5.542066938,7.634397874,5.406901523,5.239023665,5.314243721,5.616746336,6.987844966,6.293725877,6.186550025
cydC,5.698508438,5.634427502,5.938171966,5.08363417,5.849231257,5.255190527,4.016842324,4.550232955,4.78302168,5.25178206,4.258583241,4.256775916
cydD,3.978067213,4.825422553,4.406287667,4.274859093,5.399755932,4.780953325,2.988868548,3.981186599,4.11494029,4.285058031,3.323031869,3.389035879
cynR,2.508531198,0.490617291,1.239066079,1.206669469,1.221030684,1.543254621,0.154497435,1.593346297,0.950201861,0.778581957,1.341744444,2.501831767
cynT,-1.14456266,-1.14456266,-1.14456266,0.124258233,0.215468341,-0.563826259,-1.14456266,-1.14456266,-1.14456266,-1.14456266,-1.14456266,-1.14456266
cynX,1.701594873,0.490617291,1.656951679,0.59996766,0.90863663,0.743193164,-1.14456266,0.915725688,0.950201861,0.261889892,0.400375956,-1.14456266
cyoA,9.298601411,9.393244092,10.91287263,11.54683409,9.041255646,8.947794691,8.605761143,8.690152574,9.027058001,10.22963744,9.498584227,8.374145031
cyoB,9.978197085,10.04946047,9.704078822,9.924030183,10.08955078,9.843381368,8.163996786,8.87683701,9.326051518,9.460444346,9.617505327,8.543169879
cyoC,8.196827288,7.983966994,7.218989108,7.562902228,7.767825222,7.528974736,6.2592144,6.691988305,7.436107924,7.366837227,6.880159582,6.78450961
cyoD,7.169395703,7.176327469,6.177322263,6.290965174,6.746914225,6.878766828,5.381585361,5.829613643,6.141693248,6.346110938,6.07931016,5.960787357
cyoE,8.009323136,7.863079711,7.452890724,7.677740112,7.659827168,7.670894947,6.465375776,6.872871422,6.946125453,7.370896128,7.000688077,7.099038992
cysA,7.732384191,7.528988499,7.342961395,7.273976613,8.580110096,6.555500491,6.576267042,7.649581105,5.916567851,4.871078557,5.608766201,4.520742021
cysB,4.597001437,5.273924334,5.057043491,5.50106235,6.381847337,5.098197038,4.656098509,4.678665387,4.722356551,5.523815701,3.619684692,3.631962725
cysC,7.877488666,7.230083936,6.756292131,6.637543563,7.363963753,4.539561651,5.223960752,6.841210225,6.058267485,5.160926849,5.133881715,4.520742021
cysD,8.350361041,8.69919972,8.041017073,8.39494224,9.408183437,5.506933595,6.044548015,7.322737258,5.774432815,6.074695326,4.849904581,4.327436117
cysE,4.471922423,5.486353063,5.410979948,5.364033933,5.295001461,6.110570392,4.994678045,5.994951542,4.951059033,5.622449959,5.224694762,4.981370547
cysG,4.118279568,3.488332863,3.187254339,3.762548024,4.009573344,4.562429913,3.249685166,3.263920196,3.230082065,3.590767972,3.619684692,3.739595723
cysH,8.880876407,8.067983066,9.635323059,9.328343488,8.827313571,6.639599964,9.298300205,8.704049208,7.638403094,7.147787198,5.99152453,6.916365745
cysI,9.16965634,8.70925496,9.147191893,8.753982931,9.409254816,6.665170455,7.301807546,8.189917377,7.913971119,6.410623175,6.293725877,6.881583466
cysJ,8.247300205,8.899839134,8.551565503,8.526996711,9.55245613,5.999364694,5.928563589,7.402379519,6.569448572,5.67592496,5.625527902,4.636565409
cysK,8.516284401,8.200616717,7.322252798,7.68951899,9.712409734,6.588172128,7.326694472,7.667745308,7.036085877,7.014034744,6.709867923,6.36502486
cysM,5.507824383,5.698649292,5.882675071,6.064454684,5.970326295,6.262092259,4.743209479,5.21890065,4.01726939,3.412926304,3.478994982,3.096523317
cysN,9.469421099,9.118491852,8.939282668,8.603007479,9.812982184,6.282888594,6.913182431,8.365519978,6.972405906,6.394763557,6.261918503,5.259434137
cysP,7.511919661,8.329338898,6.918379226,7.61324175,8.909870721,5.677889247,5.253930888,6.697050784,5.439681725,6.278578159,5.224694762,4.10412621
cysQ,5.2428183,4.66930994,4.406287667,4.369062526,4.851752971,4.373622762,5.063989539,5.378682627,4.841237185,4.981402413,5.539700958,5.024529565
cysS,6.21005953,5.937891749,4.916716529,5.776121791,6.439319223,6.323602921,3.789992042,5.11680583,5.342269504,4.847963526,5.110255974,4.636565409
cysU,6.194312662,6.807568121,6.634655827,6.354823086,6.839751506,3.764772941,3.748448948,5.829613643,4.626286693,4.960002543,4.16990457,2.92436909
cysW,4.898596823,5.422587417,5.503826309,5.415381216,5.635666415,3.487025063,3.520582185,4.905589993,4.41250523,3.056677113,2.440603361,1.898039616
cysZ,2.607531025,2.66984026,1.656951679,2.693353613,3.103715873,2.704682599,2.258187993,1.593346297,2.089747114,2.581544051,2.27917705,1.898039616
cytR,4.391310335,4.494217894,4.406287667,4.673285531,3.81616005,4.10112616,2.478808946,2.574940804,3.739474064,3.474683089,3.323031869,3.389035879
dacA,6.556462069,7.337710079,7.66328481,8.205587126,7.67110021,7.559975109,5.983255725,6.413122808,5.969719317,5.928136485,6.138896649,4.890972848
dacB,2.946518091,2.937542598,2.388448808,3.213392485,3.592669597,4.454095271,2.133511042,2.385922444,3.043839098,2.03916712,2.440603361,2.728660382
dacC,5.288035752,4.318439392,3.833747712,3.742562398,4.534614753,4.010866402,4.84518182,4.678665387,3.139979739,4.177873934,5.03696381,4.18247159
dacD,2.161956914,2.030199546,2.458083344,2.77460641,2.035469178,2.510316822,2.577489015,2.167844039,1.880704813,1.662278962,1.641516703,0.804561649
dadA,8.369767848,8.005887437,8.009699723,7.694723336,6.833379957,6.939403237,8.212491846,8.480081458,7.674868158,8.573016254,8.116127284,8.916872362
dadX,7.095022922,6.667895051,7.296531832,7.374689731,6.396740083,6.579232916,8.078665782,8.179103673,6.946125453,7.666696834,8.02747498,8.187410816
dam,3.020056016,3.263708482,3.447847771,3.638246641,3.684650643,3.42840113,2.915514321,2.960458629,3.314863079,3.474683089,3.478994982,3.096523317
damX,7.456891008,8.023903437,8.097626976,8.072982819,8.175142638,8.108869593,7.02167346,7.471959446,7.710434211,7.414806223,7.754051467,6.809397283
dapA,7.32933262,7.518860619,7.363376936,7.539952621,8.262086127,7.805375924,6.875126671,6.832035059,6.892083187,7.044847521,6.67808564,6.242448363
dapB,3.552876099,4.554975603,5.737285953,5.512897374,4.719766935,4.299324022,3.616100965,3.64597429,3.611376894,3.979351652,3.323031869,3.096523317
dapD,6.914588339,7.02711087,7.676035806,7.519567803,7.465749525,6.51505768,6.198871044,6.946988365,7.244536075,7.333948241,6.851950794,6.821681944
dapE,4.305921278,5.038959657,4.259020946,4.563739763,5.377403927,5.804104842,3.125194645,3.559550295,3.611376894,3.590767972,3.619684692,3.250214154
dapF,3.940772686,4.318439392,3.753434699,3.999884323,4.432283457,4.729348391,3.249685166,3.913148221,3.230082065,3.348396791,3.051855849,2.92436909
dbpA,2.161956914,2.809943836,2.918707025,3.594306625,3.888254686,4.856905685,2.133511042,2.044750511,2.271761073,1.662278962,0.955758142,1.898039616
dcd,5.78516175,5.237326669,4.988586183,4.915475797,4.989139086,4.796467226,5.029750154,5.21890065,5.259306988,5.269285949,5.429476593,5.185303861
dcp,5.02862589,4.723247491,4.491230524,4.630460784,4.762564572,4.811815985,4.940416807,4.79658715,4.250052949,4.177873934,5.03696381,4.459142826
dcrB,5.999671831,6.207522342,6.003224231,6.161624566,6.259542145,5.749367604,6.338268894,6.082669713,6.525750678,7.099683136,6.272599074,6.707161912
dctA,6.580890195,5.653070195,5.215191394,5.067673712,3.548833523,4.449195239,6.588078163,6.822801166,5.956613921,5.44899032,6.987782639,6.381715548
dcuA,6.668979431,5.486353063,5.658699368,5.227049548,6.066599589,5.162460655,5.434885402,5.378682627,6.058267485,5.789453672,6.150524188,6.331052743
dcuB,0.169307087,0.04093922,1.06506632,-1.14456266,0.408571111,0.121745392,-1.14456266,0.915725688,1.335513986,-1.14456266,0.955758142,1.458599818
dcuC,2.700105232,2.030199546,1.239066079,1.528716401,1.173835043,1.784647728,-1.14456266,0.10884003,0.396002577,0.261889892,0.400375956,1.898039616
dcuR,2.946518091,0.813307996,1.239066079,1.528716401,0.848411752,0.874259721,1.675275111,2.044750511,1.634841947,0.778581957,2.27917705,2.501831767
ddg,2.946518091,6.213814537,6.642101954,7.500377613,5.79966474,7.103481751,5.653002823,5.131840795,4.722356551,5.789453672,3.148053403,2.92436909
ddl,5.49502639,5.161221694,4.602321954,5.212607436,5.74251646,5.200853998,4.181918076,4.077573058,4.373576347,4.25020836,4.761658349,4.021274137
ddpX,1.005901477,0.490617291,0.864408982,0.938810998,0.408571111,0.874259721,2.258187993,1.760580758,0.396002577,1.42689579,1.887696574,2.231895253
deaD,7.870074334,10.04770044,8.848061637,10.60585202,9.61508259,11.10929826,7.254418138,7.512725887,7.4595218,7.602557633,6.786389002,6.047025682
dedA,4.334950048,4.246571952,3.608739568,4.274859093,4.225285767,4.769207369,2.988868548,3.687314521,3.043839098,3.056677113,3.051855849,2.92436909
dedD,4.839068467,5.038959657,4.705462124,5.440385265,4.962689059,4.929056872,5.31206518,5.578456755,4.11494029,5.234063128,5.268043282,4.256775916
def,6.225636365,6.773897046,6.304774665,6.588058686,6.864959972,6.820219546,6.528031131,6.187110844,6.187284753,6.837566392,5.92537976,6.224055203
degP,8.687748017,7.556479045,6.187536183,7.306636189,6.62468075,7.537652982,6.214195168,7.196158443,7.07904632,6.457181988,7.242603799,6.611347494
degQ,4.712089729,3.263708482,3.145844317,2.993879944,4.263723805,3.496567487,4.764189033,4.852118296,3.965832754,4.44768603,4.878159346,3.250214154
degS,4.572838776,4.430786254,4.647431257,5.07567602,5.002184374,5.183260904,4.085158623,4.196810065,4.333566771,4.44768603,5.03696381,4.843556128
deoA,7.546439602,6.357137022,6.276346128,6.234906914,5.407130283,5.782847954,5.283290913,5.944757397,5.002984938,5.883374115,6.150524188,5.259434137
deoB,7.702082842,6.739421275,6.242455552,6.599202947,7.916027645,6.519737514,7.301807546,6.650835919,6.507894042,7.248287889,7.274834313,7.215338757
deoC,6.337391448,6.558434983,5.583340411,6.135070191,5.287029297,5.011127641,4.301584813,4.527669483,4.48734413,4.177873934,4.634910367,4.936879918
deoD,6.708316616,5.5474187,5.225142684,5.002004611,7.294095665,5.620222278,6.651365419,6.536870072,6.263758977,6.574457958,6.987782639,6.523830456
deoR,3.822718504,3.263708482,3.059257218,3.403751415,4.337654502,4.414420536,3.058650775,3.841735214,3.470749835,3.590767972,4.07540813,3.250214154
dfp,4.334950048,4.341620276,3.514379414,3.820892159,4.735477084,4.534944143,3.125194645,4.2801787,3.470749835,3.135350084,3.551059262,2.728660382
dgkA,1.50675362,2.141213121,1.531325051,1.429612449,1.900776578,2.432507975,1.255666409,1.402984775,2.089747114,2.03916712,1.641516703,0.804561649
dgoA,1.279535868,0.490617291,3.145844317,2.515506793,0.104113823,0.121745392,3.470333633,3.150115972,2.089747114,1.662278962,2.837620345,2.501831767
dgoD,0.658708418,0.813307996,0.626040423,0.59996766,0.966163097,1.048683592,-1.14456266,0.10884003,0.396002577,0.778581957,2.27917705,1.898039616
dgoK,1.279535868,0.04093922,1.06506632,-0.233394293,0.648269063,0.874259721,-1.14456266,1.181552541,1.335513986,1.142112545,1.887696574,-1.14456266
dgoR,3.450374263,2.340080965,3.30476737,2.515506793,2.762833939,1.962721439,3.249685166,3.369365381,3.470749835,3.056677113,3.865501508,2.501831767
dgt,4.797972256,4.170931385,3.514379414,3.801705643,4.617498924,4.667414521,4.301584813,3.804655043,3.965832754,4.101715412,3.807869657,3.839737144
dhaK,5.288035752,5.760133264,6.649509845,5.741333623,6.89935352,6.144297705,6.018598109,5.910297301,5.943388371,5.917075436,5.521905279,5.295117765
dhaL,5.097982093,4.808888284,5.164378196,4.14392163,5.161836089,4.620243429,3.90787948,3.913148221,4.29241472,4.25020836,3.865501508,4.10412621
dhaM,6.480593228,6.357137022,6.271553091,6.533915011,6.032040873,6.245236602,4.940416807,5.327363875,5.956613921,5.813513264,5.330716994,4.794527028
dhaR,2.700105232,2.141213121,2.816710004,2.562090015,2.683707116,2.784981838,2.258187993,2.741810914,3.139979739,2.581544051,1.887696574,2.92436909
dicB,-1.14456266,-1.14456266,-1.14456266,-1.14456266,-1.14456266,-1.14456266,-1.14456266,-1.14456266,-1.14456266,0.261889892,-1.14456266,-1.14456266
dicC,0.169307087,-1.14456266,-1.14456266,-1.14456266,-0.57230235,-0.563826259,-1.14456266,-1.14456266,-1.14456266,-1.14456266,-1.14456266,-1.14456266
dinB,1.50675362,2.937542598,2.458083344,2.693353613,2.650787194,3.041646281,3.569134251,3.026504243,2.089747114,2.973436686,0.955758142,2.501831767
dinD,3.694112533,3.821034916,4.11653034,4.128610446,2.63403818,3.649792729,6.095088043,4.57244871,3.739474064,5.197958528,3.747834198,4.10412621
dinF,3.22043646,3.718449416,3.413390689,3.525772893,4.133375217,4.063133718,3.520582185,4.196810065,4.373576347,3.533896365,3.619684692,3.515622458
dinG,4.523263489,5.237326669,6.656879892,6.610261779,5.289691584,5.521007473,5.992172829,6.324303976,5.19379519,6.457181988,5.429476593,4.981370547
dinI,1.872409522,2.514481243,2.238018242,2.607199367,2.699886861,1.784647728,3.661582857,2.960458629,3.799486457,3.280832743,4.214925963,3.839737144
dinJ,3.22043646,3.357811199,3.546525499,2.959587103,2.89508645,2.784981838,3.661582857,4.014037271,3.470749835,3.979351652,4.123430944,4.636565409
dipZ,3.781113532,4.318439392,4.094973529,4.407623815,4.815259152,4.628935583,3.125194645,3.687314521,3.676850297,3.979351652,3.807869657,2.501831767
djlA,3.694112533,3.529333577,3.378087341,4.033160204,3.793808405,4.186062945,2.988868548,3.467600001,3.139979739,3.698181102,2.948738551,4.459142826
dkgA,3.281461771,2.429952245,2.816710004,3.378053213,2.667342007,1.38357723,5.697299413,5.161448526,4.250052949,5.17956154,5.351017305,5.295117765
dkgB,2.024617477,2.141213121,2.58789945,2.074906101,2.990117586,3.001936354,2.372776568,2.28107207,1.634841947,0.778581957,1.341744444,1.458599818
dksA,8.05144877,7.113776675,7.827401922,8.177051571,7.274071907,6.641748235,7.935773787,7.037577533,7.575501861,7.8170675,8.101225861,7.314290523
dld,7.546439602,7.217614376,7.760560768,7.694723336,7.975928464,6.837191191,8.498768157,8.373447018,7.815789121,8.166726798,8.370943151,7.233842173
dmsA,3.020056016,1.909674822,2.315226014,2.138078784,2.715885433,2.043940294,0.983904798,1.909857469,1.880704813,1.662278962,1.887696574,1.458599818
dmsB,2.700105232,1.469254964,2.238018242,1.528716401,1.872213685,1.651898241,0.983904798,0.915725688,-1.14456266,0.261889892,2.717142687,2.728660382
dmsC,2.508531198,2.429952245,2.648628761,1.322734996,2.204714673,1.84655887,2.133511042,2.044750511,1.634841947,2.336112447,1.641516703,2.728660382
dnaA,5.273120228,4.995788521,4.617515752,5.440385265,5.902378512,6.242408079,3.90787948,3.841735214,4.161399886,3.749023528,3.920915173,4.18247159
dnaB,5.753273643,5.851748877,5.330301595,6.044209839,6.311550086,6.763147601,4.357887081,3.981186599,4.29241472,3.645476578,3.685185387,3.515622458
dnaC,3.601511777,2.997317952,3.413390689,3.213392485,3.830870661,3.935754182,2.577489015,3.369365381,2.709352471,3.348396791,2.440603361,2.501831767
dnaE,6.984922015,7.343460248,7.697635833,7.905783314,7.411788597,7.792864786,6.281207902,6.542506112,6.857248971,6.708798756,6.18485484,5.107155918
dnaG,6.053033393,6.143043189,6.020468196,6.754303003,5.64193055,6.903148983,5.782009402,7.163613551,6.708837597,5.58100117,6.900959997,5.295117765
dnaJ,5.49502639,4.889726544,5.636502165,5.269527956,4.69988543,5.043991617,4.016842324,3.841735214,4.250052949,4.25020836,3.747834198,4.10412621
dnaK,9.982214537,8.450178124,8.28645663,8.006527103,8.323126197,7.837593461,8.30305919,8.699011361,7.634293935,7.20347167,8.942102725,7.740282339
dnaN,5.442667736,5.596403334,5.174685065,5.536280025,6.485329624,6.121387585,4.784867708,4.905589993,5.681903612,4.751609612,5.330716994,3.631962725
dnaQ,3.156702039,2.937542598,3.69729008,4.369062526,3.60983673,4.119753153,3.418265311,4.167913085,3.230082065,3.891590314,3.403127684,3.389035879
dnaT,2.787044417,4.063473801,3.807471401,3.47819954,3.692728198,3.900272783,3.520582185,3.369365381,2.577877013,4.021305152,3.051855849,2.728660382
dnaX,6.154176649,6.401912565,6.34182837,6.548361526,6.526536471,6.489043656,5.900419743,6.304538465,6.033517734,5.971551565,5.625527902,4.890972848
dos,2.607531025,2.514481243,2.868616656,2.81356451,3.485128086,2.688066835,3.125194645,2.81846539,2.433038119,1.863384156,1.641516703,2.231895253
dpiA,0.169307087,0.490617291,0.864408982,0.938810998,1.782847418,1.61662547,1.255666409,0.915725688,-1.14456266,-1.14456266,0.955758142,1.458599818
dppA,10.18554804,9.584433216,9.456833434,8.958201243,9.126177991,8.391430849,11.05967025,10.71392809,10.27047922,11.11515186,11.89620118,11.02053586
dppB,6.11289192,6.004736209,4.828074589,5.107248479,5.156011566,5.296687064,4.976816861,5.476147259,5.028263183,6.133217645,6.173501826,5.066434401
dppC,6.286314327,5.625015017,6.008995153,5.427937421,5.591038825,4.970676017,5.434885402,5.464318308,5.362285377,6.721569613,6.498668765,5.666016025
dppD,6.225636365,5.875757139,5.919909207,5.559289666,5.990101829,5.339672401,5.239023665,5.567440861,5.789293337,7.221565562,6.560986841,4.843556128
dppF,6.685969733,6.129794157,6.350944974,5.609757349,6.347765659,5.414460878,5.523668737,6.194289384,6.336382459,7.609444991,7.204068238,5.693015926
dps,6.420952758,5.212401905,4.866733062,4.469685116,6.204178579,4.654701975,6.622942178,6.187110844,5.513135725,6.161611931,7.198478159,6.693857625
dsbA,6.674665127,5.99746018,5.791865152,6.06042838,6.032040873,5.591612358,4.563383936,4.92298217,5.101543425,5.14204823,4.985947661,4.636565409
dsbB,4.85918554,4.341620276,4.094973529,4.673285531,4.840901474,5.085624895,4.610486392,4.333193505,4.450410319,4.776308408,4.300956729,4.394793315
dsbC,3.22043646,3.163005359,3.725636131,3.242180345,4.109451354,4.063133718,3.30810401,3.208145339,3.611376894,3.135350084,3.323031869,2.501831767
dsbG,2.508531198,3.263708482,3.884904066,3.782259969,3.338298716,3.314290528,2.669780771,2.483565826,3.043839098,1.662278962,2.948738551,1.898039616
dsdA,2.287124403,2.429952245,2.967104776,2.138078784,3.275092125,3.377652838,2.669780771,2.574940804,1.335513986,1.863384156,2.948738551,1.898039616
dsdC,0.658708418,1.909674822,0.328725926,0.938810998,1.021243697,0.993108595,0.154497435,1.402984775,0.950201861,-1.14456266,1.887696574,2.501831767
dsdX,0.169307087,0.813307996,-0.081165644,-0.233394293,0.408571111,0.429826472,1.845238606,1.760580758,-1.14456266,1.863384156,2.096977156,-1.14456266
dtd,3.86315489,4.144808978,3.884904066,4.274859093,3.852658546,4.745424444,3.748448948,3.804655043,3.799486457,3.474683089,3.807869657,1.898039616
dut,3.902486666,4.430786254,3.187254339,3.876963743,4.139294623,4.548752532,3.364239935,3.263920196,3.611376894,3.533896365,3.051855849,3.631962725
dxs,5.010752842,5.465409512,4.953099035,5.269527956,5.564903403,5.293957465,4.587127522,4.990526226,5.321971949,4.64835278,5.202521931,4.520742021
eaeH,3.396246232,3.718449416,3.638865955,3.782259969,3.388926716,4.004197595,3.789992042,4.225138912,3.139979739,3.348396791,3.403127684,3.096523317
eamA,4.548264225,5.134933992,5.428311724,5.785909093,4.548022701,5.864219484,5.130122075,4.957149614,3.611376894,4.565747746,3.865501508,3.739595723
ebgA,1.005901477,1.069845507,0.626040423,0.938810998,1.353406739,0.429826472,1.996751073,1.181552541,1.634841947,0.778581957,0.955758142,0.804561649
ebgC,-1.14456266,-1.14456266,-1.14456266,-1.14456266,-0.57230235,-0.151607991,-1.14456266,-1.14456266,-1.14456266,-1.14456266,-1.14456266,-1.14456266
ebgR,2.607531025,2.741607747,2.648628761,2.417504478,3.041719637,3.236653072,2.75646861,2.385922444,2.940786701,3.533896365,2.585564792,2.501831767
ecnB,2.402133773,1.777799163,1.656951679,2.36584946,3.60983673,2.095594769,4.438419863,3.841735214,4.250052949,3.645476578,5.246531873,4.794527028
eco,4.992655501,4.632196912,4.005368097,4.445180299,5.056346889,4.144220349,4.743209479,4.433708824,3.314863079,4.621340262,4.342119852,4.579816561
ecpD,-1.14456266,-1.14456266,-1.14456266,-1.14456266,-1.14456266,-0.563826259,-1.14456266,-1.14456266,-1.14456266,-1.14456266,-1.14456266,-1.14456266
eda,5.720664644,5.444157374,5.079159021,4.673285531,5.786531222,4.692508209,4.330010862,4.2801787,3.965832754,3.891590314,5.351017305,3.739595723
edd,4.667150713,4.687514244,4.87939229,4.2035894,4.811558453,3.99749777,4.150381458,3.514309881,3.739474064,3.590767972,3.807869657,2.92436909
efp,6.794395487,6.824113468,6.125138888,6.571179196,7.418493112,7.071965764,5.208738863,5.694384258,6.033517734,5.402158074,5.722202821,4.256775916
elaA,2.946518091,2.937542598,2.967104776,3.453809343,3.660142332,3.834116274,3.520582185,2.960458629,1.634841947,3.474683089,2.585564792,2.231895253
elaB,4.734044673,3.357811199,3.807471401,3.594306625,4.493626032,3.780473794,6.251808084,4.990526226,4.373576347,4.893828896,5.753039686,4.890972848
elaC,1.279535868,1.909674822,2.388448808,2.959587103,2.060925945,2.193556411,0.154497435,2.167844039,0.950201861,1.662278962,1.641516703,1.898039616
elaD,-1.14456266,-1.14456266,-0.081165644,0.59996766,-0.021124796,0.874259721,-1.14456266,0.10884003,1.335513986,-1.14456266,-1.14456266,0.804561649
elfG,1.279535868,1.469254964,1.06506632,2.562090015,1.584796819,2.193556411,0.154497435,1.181552541,1.880704813,1.42689579,-1.14456266,1.898039616
emrA,2.508531198,2.514481243,3.145844317,3.594306625,3.584008594,3.849082632,1.675275111,1.760580758,3.139979739,1.42689579,2.585564792,-1.14456266
emrB,3.502538225,4.27092816,4.219726587,4.469685116,4.327322346,3.907439343,2.75646861,3.514309881,3.965832754,2.885061637,2.837620345,2.501831767
emrD,0.169307087,0.04093922,-1.14456266,0.387042983,-0.021124796,0.23446579,-1.14456266,0.10884003,-1.14456266,-1.14456266,0.400375956,1.898039616
emrE,1.279535868,0.490617291,0.626040423,1.07954682,0.785190935,1.580428267,1.481501414,1.593346297,0.396002577,-1.14456266,0.955758142,-1.14456266
emrK,-1.14456266,-1.14456266,-1.14456266,-1.14456266,-1.14456266,-1.14456266,-1.14456266,-1.14456266,0.396002577,-1.14456266,-1.14456266,-1.14456266
emrR,4.497821511,5.148137736,4.953099035,5.227049548,5.081147958,4.458978702,3.748448948,3.514309881,4.206408091,3.891590314,4.025729113,3.631962725
emrY,-1.14456266,-1.14456266,-1.14456266,-0.233394293,-0.165749464,-0.328638789,-1.14456266,-1.14456266,0.396002577,0.261889892,-1.14456266,-1.14456266
endA,1.279535868,2.030199546,2.315226014,2.693353613,1.956213143,3.543352358,0.639427359,1.909857469,0.950201861,0.778581957,1.341744444,-1.14456266
engA,6.400511802,7.281909087,7.241222544,8.408467525,7.200301536,7.709297802,6.03594981,6.172645701,6.669220083,6.346110938,5.898048597,5.185303861
engB,6.078991766,5.794125061,5.59105596,5.875719046,5.946906893,5.807936301,5.852257643,6.284498374,5.07752804,6.243588001,6.054768889,6.025944594
eno,10.32674622,10.16315058,10.03729981,10.17203721,11.2594258,9.975612933,9.110436628,9.242381514,9.562821391,10.13794082,9.333709059,9.263808203
entA,2.607531025,3.607987039,4.586966324,3.616444367,2.009543656,3.105479645,1.996751073,2.891221262,4.11494029,3.348396791,2.27917705,3.250214154
entB,1.872409522,3.214239589,4.028297391,2.650926218,1.751739463,2.26281716,0.154497435,2.574940804,3.230082065,1.42689579,0.400375956,1.898039616
entD,1.701594873,3.821034916,4.37085753,3.453809343,3.275092125,3.641217357,0.983904798,2.81846539,3.139979739,2.464111871,1.887696574,2.728660382
entE,1.872409522,1.469254964,3.266654798,2.008769244,1.68735496,1.580428267,0.983904798,0.57980147,2.577877013,1.662278962,0.400375956,0.804561649
entF,3.156702039,3.821034916,4.662159411,3.548982175,3.054335116,2.815880163,0.639427359,3.913148221,4.59278618,3.209933256,2.440603361,4.10412621
envR,-1.14456266,-1.14456266,0.328725926,-0.233394293,-1.14456266,-1.14456266,-1.14456266,-1.14456266,-1.14456266,-1.14456266,-1.14456266,-1.14456266
envZ,4.523263489,4.00658169,3.807471401,3.722295367,4.085123505,3.303453074,3.748448948,3.804655043,4.523355236,3.348396791,4.495936007,3.631962725
epd,6.751997969,7.640618851,7.774179042,7.534157719,8.09940827,6.539459162,7.235768757,7.103878633,6.939479849,7.574674612,6.443023237,7.099038992
era,3.22043646,4.535006212,4.38868146,5.107248479,4.93914051,5.502211621,2.915514321,1.593346297,3.230082065,2.195417295,2.27917705,1.898039616
erfK,3.940772686,3.682562565,3.807471401,3.820892159,3.740264039,3.202050598,5.572051643,5.533879227,2.433038119,4.101715412,4.421078721,4.10412621
essQ,-1.14456266,-1.14456266,-1.14456266,-0.233394293,-0.57230235,0.121745392,-1.14456266,-1.14456266,-1.14456266,-1.14456266,0.400375956,-1.14456266
eutA,1.005901477,-1.14456266,0.626040423,0.59996766,0.966163097,0.23446579,0.983904798,0.10884003,0.396002577,1.42689579,-1.14456266,1.458599818
eutB,2.402133773,2.809943836,2.238018242,1.621147031,1.900776578,1.296115878,2.478808946,1.760580758,2.433038119,2.195417295,2.717142687,-1.14456266
eutC,1.872409522,1.469254964,1.656951679,1.528716401,1.719920157,0.516202858,2.75646861,1.909857469,1.880704813,2.581544051,3.051855849,1.458599818
eutD,0.658708418,0.490617291,2.648628761,2.888436333,0.104113823,0.121745392,0.639427359,0.915725688,1.634841947,2.973436686,2.096977156,1.458599818
eutE,-1.14456266,0.490617291,-1.14456266,-1.14456266,-0.340399338,-0.328638789,-1.14456266,0.57980147,-1.14456266,0.261889892,0.400375956,-1.14456266
eutG,0.169307087,0.04093922,0.626040423,-1.14456266,0.408571111,-0.005082435,0.154497435,0.57980147,0.950201861,1.42689579,0.955758142,1.458599818
eutH,1.005901477,0.04093922,0.864408982,0.59996766,-0.165749464,0.23446579,0.639427359,1.181552541,0.396002577,1.42689579,0.400375956,0.804561649
eutJ,-1.14456266,-1.14456266,-1.14456266,-1.14456266,-1.14456266,-0.563826259,-1.14456266,-1.14456266,-1.14456266,-1.14456266,-1.14456266,-1.14456266
eutL,0.658708418,0.490617291,0.864408982,-0.233394293,0.848411752,-0.005082435,0.983904798,0.10884003,0.396002577,0.778581957,1.641516703,-1.14456266
eutP,0.169307087,0.04093922,-0.081165644,-0.233394293,-1.14456266,-1.14456266,-1.14456266,-1.14456266,-1.14456266,0.261889892,-1.14456266,-1.14456266
eutQ,0.169307087,-1.14456266,-1.14456266,-0.233394293,-0.340399338,-1.14456266,-1.14456266,-1.14456266,-1.14456266,-1.14456266,-1.14456266,-1.14456266
eutT,-1.14456266,-1.14456266,-1.14456266,-0.233394293,0.104113823,-0.563826259,-1.14456266,-1.14456266,0.396002577,-1.14456266,-1.14456266,-1.14456266
evgA,1.279535868,1.469254964,1.977337143,1.866355798,1.928768743,2.412372376,0.639427359,1.181552541,-1.14456266,0.261889892,0.955758142,1.898039616
evgS,2.024617477,2.514481243,2.238018242,2.993879944,3.651879253,4.024112099,1.996751073,2.891221262,1.634841947,3.209933256,0.955758142,2.501831767
exbB,3.902486666,4.857932964,4.571445375,4.619552847,5.357240445,3.914570415,1.675275111,2.167844039,3.470749835,1.662278962,2.27917705,3.933364168
exbD,3.978067213,4.841769377,5.111709151,4.906530356,5.81637687,4.249454985,2.669780771,2.483565826,3.965832754,2.195417295,3.148053403,3.250214154
exoX,4.084485016,2.66984026,3.059257218,3.184015617,3.895269527,3.57070982,3.125194645,2.483565826,3.230082065,3.749023528,3.403127684,2.231895253
exuR,3.502538225,4.951285027,4.352810418,4.683795876,4.638541095,4.107361955,4.70031177,4.409229475,4.373576347,4.800591248,3.619684692,3.631962725
exuT,3.090005404,2.66984026,2.388448808,2.515506793,2.293045961,1.784647728,3.249685166,3.263920196,3.043839098,3.412926304,3.323031869,2.92436909
fabA,5.774610513,6.492682661,6.07650334,6.726622382,6.233509194,7.094099035,5.146192008,5.274151598,5.943388371,5.083882748,5.246531873,5.522871788
fabB,7.440298421,7.459203796,6.638383694,6.964957745,5.027926181,7.12590786,6.053095275,6.277755998,6.701000653,6.479909768,6.543454666,7.365533863
fabD,6.900100562,7.260794299,6.759718928,7.14873584,6.810391916,7.334184766,5.871715865,6.011302168,6.118345527,5.939113365,5.898048597,5.295117765
fabF,8.402685828,8.684550629,9.344937004,10.01863016,9.047560336,8.80294015,7.74850045,7.414723971,8.027989054,8.126481138,7.64730717,7.56869094
fabG,8.49876316,9.009692167,8.621977668,8.607843306,8.699522672,8.523406178,7.502364975,8.136883599,8.32170731,7.875373028,7.727126349,7.196594933
fabH,6.487070273,7.016352227,6.332653786,6.827202663,6.385584962,7.343453453,4.539242739,5.055047761,5.301384668,4.91622588,4.959746448,5.295117765
fabI,7.968247027,7.983966994,7.938915502,8.503464131,8.485178901,7.530714567,6.711992604,6.859387331,7.108967515,6.370642342,6.612340105,6.128398078
fabZ,7.209115128,7.765800446,7.513010848,7.97372134,7.694390255,7.087809817,7.197730787,7.31945827,6.754985725,6.721569613,7.00709776,6.36502486
fadA,4.776976412,3.488332863,2.238018242,3.213392485,2.134649391,4.08857301,8.836160259,7.119045838,5.995578244,6.123627313,7.769214599,7.296796792
fadB,8.125968465,6.915733844,7.517066154,6.677522609,3.64356845,5.246746003,11.14609878,10.8839402,9.759569032,10.27149043,10.92749614,9.993604763
fadD,6.21005953,5.78570191,5.962168125,5.690134145,3.801297577,4.99104366,8.266776902,8.266834083,7.21732401,7.581696052,7.919488294,7.243005639
fadE,7.913999309,6.686111809,7.118476481,6.277153507,4.583179293,6.297950932,11.43640839,10.44535692,9.286013377,9.940434332,10.65340246,9.694548491
fadH,7.069354859,5.85979611,6.369007143,5.269527956,3.115799972,3.314290528,8.465539584,8.582112634,7.920734926,8.126481138,8.563717289,8.037485079
fadI,7.090776501,6.345722569,7.372358593,6.209679364,3.601278769,5.893362736,8.637365679,8.748615277,7.940838137,8.739228555,8.443628074,7.44709108
fadJ,5.944260291,5.261828004,5.737285953,5.838583508,3.358764436,6.743277187,9.076252966,8.601140693,7.307824236,8.016782493,8.660411572,7.611772306
fadL,5.886634934,4.758116538,4.073089259,4.315988192,4.655156473,4.907788022,7.464422155,7.100061785,6.586563728,6.410623175,7.902397934,6.893270985
fadR,4.776976412,5.577008641,5.818399383,5.907446474,5.591038825,5.911282739,5.253930888,5.48787999,4.897193331,5.860461045,4.667657167,4.936879918
farR,1.872409522,0.490617291,1.393037856,0.938810998,1.928768743,1.686294403,1.675275111,1.593346297,1.634841947,1.662278962,1.341744444,-1.14456266
fbaA,10.48517826,9.98975669,9.673974941,9.667674555,10.82870906,9.620117027,9.780435259,10.31559748,10.1132889,10.82129981,10.41272734,10.02714351
fbaB,2.787044417,1.909674822,3.958384548,4.1131348,3.016150758,1.543254621,4.514690377,3.60341114,3.139979739,3.056677113,4.07540813,1.898039616
fbp,6.890360578,6.60704995,6.309458761,6.213310423,5.98354006,5.600476003,6.044548015,6.50835478,6.130066621,6.950361684,6.815896002,6.224055203
fdhD,3.902486666,4.554975603,4.352810418,4.382031256,5.043784559,5.095064262,4.514690377,4.014037271,4.161399886,4.062071252,4.025729113,3.739595723
fdhE,5.482113828,4.995788521,4.278273498,4.188902497,5.775177957,5.864219484,5.381585361,5.131840795,4.250052949,4.621340262,5.246531873,4.520742021
fdhF,2.287124403,2.809943836,3.884904066,3.594306625,3.016150758,3.303453074,2.478808946,2.660811997,1.335513986,2.973436686,2.717142687,3.515622458
fdnG,1.50675362,1.284323171,1.393037856,0.780805482,1.872213685,2.095594769,1.996751073,1.593346297,0.396002577,0.778581957,0.955758142,-1.14456266
fdnH,0.169307087,1.469254964,0.864408982,0.780805482,0.493994953,1.296115878,0.983904798,0.915725688,0.396002577,0.261889892,1.887696574,-1.14456266
fdnI,1.005901477,0.490617291,1.06506632,0.780805482,0.408571111,0.121745392,0.983904798,0.915725688,0.396002577,-1.14456266,0.400375956,1.898039616
fdoG,7.300204301,7.311546874,7.870830221,7.492928264,8.550173208,8.476936764,8.315545449,7.515594166,7.505239505,7.623121844,8.539601826,7.531780207
fdoH,6.12954786,5.78570191,6.951719885,6.238475103,8.291601592,8.048619033,8.908593596,7.828621442,6.560814243,6.123627313,8.847050212,6.004550859
fdoI,3.86315489,2.937542598,3.638865955,3.325235785,5.678954623,5.459003459,5.771688734,4.77759114,3.912490909,3.280832743,5.503887302,3.096523317
fdrA,-1.14456266,-1.14456266,-0.081165644,-0.233394293,0.104113823,-0.328638789,-1.14456266,1.181552541,0.950201861,-1.14456266,-1.14456266,-1.14456266
fdx,3.502538225,4.613275881,4.42368141,4.342769652,4.168532269,3.977209255,3.418265311,3.60341114,3.739474064,3.645476578,3.051855849,2.728660382
feaB,2.161956914,1.284323171,2.762849217,2.074906101,1.548844669,2.529122468,3.364239935,3.208145339,1.634841947,2.195417295,3.148053403,2.501831767
feaR,4.118279568,3.529333577,3.725636131,3.453809343,1.68735496,2.145424475,4.903074115,5.246790676,5.125165448,5.197958528,4.16990457,4.691164879
fecA,9.059892743,9.901399835,9.284367347,9.636236566,10.00895504,9.223536045,7.732626197,7.849232237,8.726748254,6.987844966,6.974760711,6.582761025
fecB,6.592950872,7.023533563,7.129113764,7.204528918,7.196760322,6.718048002,5.253930888,5.287639846,6.850180046,5.269285949,4.458993237,5.066434401
fecC,4.014420386,5.148137736,4.747502147,5.402714745,5.105529726,4.984286358,2.988868548,3.317609911,5.07752804,2.464111871,2.440603361,2.728660382
fecD,3.552876099,4.905364271,4.814954636,5.255507037,4.465638071,5.098197038,1.675275111,3.317609911,4.450410319,2.885061637,1.341744444,0.804561649
fecE,4.084485016,5.17418802,5.153997139,5.642447453,5.313433582,5.878864706,3.30810401,3.559550295,4.161399886,3.135350084,2.717142687,-1.14456266
fecI,2.024617477,3.78764548,3.30476737,3.999884323,3.466395889,2.240104539,1.845238606,1.402984775,2.829743201,2.03916712,1.341744444,2.231895253
fecR,1.005901477,3.263708482,3.668374493,4.174064352,3.307042989,2.193556411,-1.14456266,0.10884003,2.433038119,0.778581957,-1.14456266,1.898039616
feoB,6.308426327,4.318439392,4.953099035,3.680884508,6.179990062,3.25926669,2.372776568,2.28107207,3.965832754,2.973436686,3.148053403,3.389035879
fepA,6.487070273,7.728933859,8.218352973,7.685603373,7.105281242,6.508009341,4.539242739,6.635096006,7.527566302,5.103533051,4.025729113,5.146759137
fepB,2.607531025,3.054700123,4.219726587,3.930933505,3.888254686,2.217021787,2.372776568,2.660811997,3.230082065,2.03916712,2.096977156,1.898039616
fepC,4.183579732,4.554975603,4.87939229,4.563739763,4.353015169,4.08857301,1.675275111,3.64597429,4.066932431,3.135350084,1.341744444,1.458599818
fepD,2.161956914,3.109874429,3.982067889,3.594306625,3.054335116,2.307178975,1.675275111,2.81846539,2.271761073,3.056677113,1.341744444,2.728660382
fepG,2.402133773,3.402648158,4.788351079,4.288699623,3.943439326,2.890327556,1.996751073,3.150115972,3.912490909,3.698181102,2.096977156,4.18247159
fes,0.169307087,1.777799163,2.315226014,2.074906101,2.249568588,0.516202858,-1.14456266,-1.14456266,2.089747114,0.261889892,-1.14456266,1.898039616
ffh,6.933681794,7.700092074,7.652264962,7.75575368,7.665987017,7.91556751,8.473520846,8.050524617,7.004597223,7.468825782,6.808575639,6.950329131
fhlA,2.161956914,1.469254964,1.977337143,2.198546665,2.35586119,2.412372376,2.133511042,1.909857469,1.335513986,2.195417295,0.955758142,-1.14456266
fhuA,6.256294349,6.58294724,7.223959567,6.415973704,6.999499081,5.312957061,3.94512394,5.403673137,6.595045759,5.622449959,4.699676686,4.843556128
fhuB,3.090005404,4.364434217,5.10094053,4.941983916,3.174739649,3.963523049,2.258187993,3.559550295,4.206408091,3.936139379,2.837620345,2.501831767
fhuC,1.50675362,2.141213121,3.013921285,1.707779131,2.492457405,2.070004129,0.983904798,1.593346297,1.880704813,0.261889892,1.341744444,1.458599818
fhuD,3.156702039,4.221796997,4.89194135,4.794619003,3.888254686,3.42840113,3.058650775,3.804655043,3.857096996,2.973436686,2.717142687,2.231895253
fhuE,2.024617477,3.311530153,4.352810418,3.213392485,3.348568009,2.784981838,2.133511042,3.514309881,4.626286693,2.790871234,0.955758142,2.501831767
fhuF,2.161956914,3.311530153,3.378087341,2.851489903,3.475792491,1.752629909,-1.14456266,1.402984775,1.335513986,1.142112545,0.955758142,1.458599818
fic,2.161956914,2.030199546,1.977337143,2.993879944,2.035469178,3.015295573,3.364239935,2.483565826,-1.14456266,2.581544051,1.641516703,1.458599818
fieF,5.180234943,5.285920058,4.788351079,5.357485063,5.556085293,5.282987113,5.653002823,5.684222053,5.053105965,5.608765607,4.634910367,4.394793315
fimA,0.169307087,-1.14456266,0.864408982,0.780805482,0.785190935,0.874259721,0.983904798,0.57980147,2.271761073,1.42689579,1.341744444,1.458599818
fimC,-1.14456266,-1.14456266,-1.14456266,-1.14456266,-0.57230235,-0.563826259,-1.14456266,0.57980147,-1.14456266,0.261889892,-1.14456266,1.458599818
fimD,0.169307087,0.490617291,-1.14456266,-1.14456266,-0.340399338,0.121745392,0.154497435,0.10884003,-1.14456266,-1.14456266,-1.14456266,-1.14456266
fimE,0.658708418,0.04093922,0.626040423,1.07954682,0.648269063,1.465745832,0.639427359,0.10884003,-1.14456266,0.778581957,0.955758142,1.898039616
fimF,-1.14456266,-1.14456266,-1.14456266,-0.233394293,-1.14456266,-0.151607991,-1.14456266,0.57980147,-1.14456266,0.261889892,-1.14456266,-1.14456266
fimG,-1.14456266,-1.14456266,-1.14456266,-1.14456266,-0.57230235,-0.563826259,-1.14456266,-1.14456266,-1.14456266,-1.14456266,-1.14456266,-1.14456266
fimH,-1.14456266,0.490617291,-1.14456266,-0.233394293,0.90863663,1.202582163,0.639427359,1.181552541,0.396002577,-1.14456266,1.641516703,-1.14456266
fimI,-1.14456266,-1.14456266,-1.14456266,-1.14456266,-1.14456266,-0.328638789,-1.14456266,-1.14456266,-1.14456266,-1.14456266,-1.14456266,-1.14456266
fimZ,-1.14456266,-1.14456266,-1.14456266,-1.14456266,-1.14456266,-0.563826259,-1.14456266,-1.14456266,-1.14456266,-1.14456266,-1.14456266,-1.14456266
fis,5.131448233,5.742832193,5.64393925,5.951594065,6.519749883,7.363767493,4.412072405,3.766594532,4.01726939,3.209933256,3.807869657,3.389035879
fixA,0.169307087,0.813307996,0.328725926,1.322734996,0.215468341,0.121745392,-1.14456266,1.402984775,-1.14456266,0.261889892,1.341744444,0.804561649
fixB,-1.14456266,-1.14456266,-1.14456266,-0.233394293,-0.165749464,-0.328638789,-1.14456266,0.10884003,0.396002577,-1.14456266,-1.14456266,0.804561649
fixC,-1.14456266,-1.14456266,-1.14456266,-1.14456266,0.104113823,-1.14456266,-1.14456266,0.10884003,-1.14456266,-1.14456266,0.955758142,-1.14456266
fixX,-1.14456266,-1.14456266,-0.081165644,-1.14456266,-0.165749464,-0.328638789,0.639427359,0.57980147,-1.14456266,-1.14456266,-1.14456266,-1.14456266
fklB,5.806035477,5.802499313,5.225142684,5.542066938,6.197106314,5.944729373,4.805254016,4.678665387,5.362285377,3.979351652,4.531955639,4.327436117
fkpA,8.362740995,8.867280138,8.468144469,9.564846872,8.272216203,9.00377567,7.837772751,8.573880292,8.829163538,8.903745699,8.462407792,7.746739058
fkpB,3.648556922,3.682562565,3.833747712,3.5718229,4.139294623,4.429426824,3.058650775,3.467600001,3.912490909,3.209933256,2.27917705,2.728660382
fldA,7.336523725,7.38587114,7.892844231,8.064966949,8.172981581,7.987432414,7.724623086,7.486651482,6.534596789,7.683112126,7.473058221,6.857920479
fldB,5.16415538,5.742832193,5.393437374,5.337658133,5.374898853,4.946544386,5.653002823,5.901552098,5.19379519,5.950007348,5.503887302,5.146759137
flgA,7.140926767,6.892388135,6.749414022,6.525177147,6.786089306,6.57811161,7.639215531,7.812384739,7.036085877,7.574674612,7.486882432,7.58319481
flgB,7.956626335,8.25196379,9.119453459,9.044809529,8.5730254,8.106538377,9.344291909,9.23717788,9.512218304,9.732979343,8.930347287,8.766122733
flgC,7.737825797,7.733320322,7.401168711,7.422526843,7.988271491,7.459430855,7.985738123,8.03061091,8.671676469,8.916297701,8.307443423,8.220260292
flgD,8.578262125,8.55301456,8.292383831,8.261895673,9.092463506,8.405090245,8.81872272,8.725265943,9.168744677,9.348608608,8.696551872,8.30144806
flgE,10.18205936,10.13192752,9.898084065,10.0323128,10.55725961,9.722997568,10.22487903,10.36095767,10.61348716,11.05398727,10.88332093,9.931197296
flgF,7.540224374,7.461849519,7.59010357,7.63370896,7.897823172,7.059164031,7.71118511,7.351917522,8.151013597,8.626619299,7.919488294,6.809397283
flgG,8.923284965,8.78726932,8.312356086,8.517482848,9.354527711,8.526025206,9.217914403,9.472361385,9.512218304,9.511892975,9.268511172,8.650365338
flgH,6.358739907,6.998240917,6.5180902,6.903354225,7.293432665,7.451492687,6.540242152,6.525531502,7.072986884,7.531812839,6.62072403,6.296261277
flgI,6.947837858,7.360574506,8.70963348,9.037659486,7.132968593,7.187495779,7.37180403,7.469002998,8.153886956,9.033595675,8.052479865,6.983511298
flgJ,5.742485677,6.663304691,6.67876678,6.969258953,6.4536332,6.891460855,6.576267042,6.661234591,7.189588779,7.221565562,5.898048597,5.397159016
flgK,7.251579389,7.925747718,7.702985684,8.11240741,7.919039515,8.099131243,7.524046032,8.180911595,8.386660193,8.636767931,7.846307175,7.296796792
flgL,7.505553591,7.974734254,8.982451033,9.223321711,8.185899632,8.093648917,8.74282834,8.811818512,8.410883546,8.907941845,7.995596818,7.470685512
flgM,5.374427949,5.367207619,5.174685065,4.933201906,5.508884491,5.350221508,5.761293691,6.187110844,6.220557031,6.234706227,5.898048597,6.004550859
flgN,6.372798694,6.968781411,7.523127819,7.401991884,6.897609553,6.502109305,8.034029818,7.396167456,7.085080411,7.553402897,6.694064303,6.653192364
flhA,7.32210549,8.157202181,7.992326588,8.184469791,8.429541813,8.126618191,7.422159083,7.964974512,7.85162602,7.903665309,7.454417434,7.138856434
flhB,7.798972088,8.442161625,7.953951347,8.313553807,7.464572062,7.898151291,8.30305919,9.260447836,8.532888156,8.723443009,9.223807951,9.361700904
flhC,3.339999835,3.529333577,3.859553062,3.858514772,4.03519952,4.320945934,2.988868548,4.138424687,5.259306988,3.412926304,3.478994982,3.515622458
flhD,1.701594873,2.937542598,2.238018242,2.562090015,2.699886861,3.166593538,1.845238606,1.909857469,3.394918736,1.662278962,0.955758142,1.898039616
flhE,3.22043646,4.594103225,4.733624557,5.043396869,4.969347185,5.135268969,4.301584813,4.358987101,4.626286693,5.433547911,3.920915173,3.839737144
flk,2.787044417,2.997317952,2.648628761,2.467348851,3.327955503,3.41839379,0.154497435,1.402984775,2.940786701,1.42689579,0.955758142,1.898039616
flu,4.85918554,5.161221694,4.647431257,4.704589469,4.290565088,4.58494108,5.097434842,5.366023102,4.161399886,4.824471917,5.011681315,5.429629227
fmt,5.063720883,5.596403334,5.716274327,6.161624566,6.273057303,6.12906479,5.326239871,4.905589993,5.548506009,5.992778751,5.133881715,5.522871788
fnr,6.768043408,6.876611768,6.561932149,6.582454105,6.840659434,6.786636376,6.840983945,7.013430133,6.489813606,6.928497131,6.324847044,6.538790314
focA,4.572838776,4.473382622,4.44086776,4.540795119,5.536045206,3.885831771,4.272586782,3.841735214,3.912490909,3.698181102,3.478994982,2.728660382
focB,0.169307087,0.490617291,-1.14456266,0.124258233,1.021243697,0.743193164,0.639427359,0.10884003,0.396002577,2.03916712,-1.14456266,1.898039616
folA,2.946518091,2.66984026,3.059257218,3.270402455,3.079237974,3.928727492,2.838199673,3.026504243,2.577877013,2.195417295,2.837620345,2.92436909
folB,3.396246232,3.488332863,3.78070658,3.965821487,3.716692358,4.203630089,2.669780771,3.419321637,0.950201861,2.336112447,2.27917705,2.231895253
folC,4.689795299,5.261828004,4.853961715,5.810090704,5.377403927,5.62457387,4.438419863,4.077573058,4.11494029,3.645476578,3.478994982,4.691164879
folD,4.183579732,5.653070195,4.676738632,5.344297439,5.938449816,6.076035619,4.118139092,4.077573058,4.626286693,3.749023528,3.974275373,3.515622458
folE,9.330465354,9.694821462,10.98564615,10.38802343,9.70382819,8.744168088,8.778055826,8.826907336,8.631011261,8.221698288,7.66362821,7.39871204
folK,1.50675362,0.04093922,-1.14456266,1.322734996,1.124904303,2.017385007,-1.14456266,0.10884003,1.335513986,0.261889892,0.955758142,-1.14456266
folP,4.523263489,4.514756309,4.788351079,4.505678545,4.202851886,4.304759987,3.981429471,4.594327311,3.739474064,4.416595346,3.974275373,3.933364168
folX,5.545550835,5.332929487,6.456073916,6.453300926,5.569292325,4.696648356,6.119709205,6.343802331,5.969719317,5.871963074,6.150524188,5.638501087
fpr,5.944260291,5.760133264,5.870047013,5.536280025,6.039968141,5.027653241,5.434885402,5.533879227,4.11494029,4.565747746,5.011681315,4.459142826
frcK,2.869000612,4.196588626,4.80171421,5.198019244,4.928929357,5.060146964,4.21277922,4.196810065,3.470749835,4.352326751,3.478994982,3.515622458
frdA,6.640209887,5.411680257,5.511977888,4.99358166,4.959348432,4.347524994,4.633472821,5.006929252,4.78302168,4.751609612,5.753039686,4.981370547
frdB,4.151299554,2.66984026,3.514379414,2.851489903,3.327955503,2.471943915,3.520582185,3.877884375,3.043839098,3.533896365,4.123430944,3.096523317
frdC,3.090005404,1.777799163,2.388448808,1.621147031,2.009543656,1.784647728,1.675275111,2.044750511,1.335513986,3.412926304,3.323031869,2.501831767
frdD,3.940772686,2.66984026,1.772119263,2.607199367,2.699886861,2.217021787,2.372776568,2.81846539,2.709352471,2.973436686,4.16990457,2.728660382
fre,5.097982093,5.367207619,5.164378196,5.145766231,5.184901769,5.696610389,4.412072405,4.699000984,4.333566771,4.800591248,4.342119852,4.459142826
frlA,-1.14456266,-1.14456266,-1.14456266,-1.14456266,-1.14456266,-1.14456266,-1.14456266,0.10884003,-1.14456266,-1.14456266,-1.14456266,-1.14456266
frlB,0.169307087,0.813307996,-0.081165644,0.780805482,1.124904303,0.810426666,1.481501414,0.10884003,1.335513986,1.863384156,1.341744444,0.804561649
frlC,1.005901477,0.813307996,1.531325051,1.206669469,1.021243697,1.153242155,0.983904798,0.57980147,2.089747114,1.142112545,-1.14456266,-1.14456266
frmA,4.215152564,3.488332863,2.156357825,3.298080719,4.191502596,3.408316295,3.125194645,2.960458629,3.470749835,2.690038402,2.585564792,2.501831767
frmB,2.607531025,2.875164209,2.156357825,2.607199367,3.408688896,2.784981838,2.372776568,2.28107207,0.950201861,2.195417295,2.585564792,1.458599818
frmR,3.396246232,2.244134095,3.378087341,4.445180299,3.079237974,2.769278728,3.418265311,1.760580758,1.634841947,3.056677113,0.400375956,1.458599818
frr,9.018016645,9.218876923,9.568997395,9.988487448,9.759737292,9.687694379,9.432097534,9.522414962,7.920734926,8.651858264,8.629587302,8.314546021
frsA,5.046280139,4.889726544,5.730316029,6.131236489,5.522528777,4.925533777,4.940416807,4.852118296,4.78302168,5.023272408,4.849904581,4.691164879
fruA,5.49502639,5.615540708,5.479091466,5.761315187,4.151060972,4.424442067,7.68392772,8.246260188,6.985368757,8.651858264,9.167696827,8.297055514
fruB,3.552876099,4.473382622,4.028297391,4.683795876,3.852658546,3.641217357,6.273913928,5.65329869,5.633313653,6.378727643,5.539700958,5.820918056
fruK,4.523263489,3.821034916,3.884904066,4.586324941,3.115799972,2.961095005,5.93782416,5.901552098,5.476876255,6.982549469,6.31454774,6.523830456
fruR,6.865718979,6.611822542,6.522131347,6.718980023,6.445300649,6.159371447,5.740276141,6.324303976,6.045945687,6.152209131,6.480357712,5.745545316
frvA,-1.14456266,0.04093922,-1.14456266,-1.14456266,-0.340399338,-1.14456266,-1.14456266,-1.14456266,-1.14456266,-1.14456266,-1.14456266,-1.14456266
frvB,0.169307087,0.490617291,0.626040423,0.59996766,0.104113823,0.429826472,0.154497435,0.57980147,0.950201861,-1.14456266,1.641516703,-1.14456266
frvR,0.658708418,1.069845507,1.239066079,0.124258233,1.434968744,1.425280607,1.255666409,1.181552541,1.880704813,0.261889892,0.955758142,1.458599818
frvX,1.50675362,0.490617291,1.06506632,1.528716401,1.654006666,1.505047819,1.481501414,2.28107207,1.335513986,0.778581957,1.341744444,2.501831767
frwB,3.020056016,1.632120246,2.918707025,2.851489903,2.009543656,1.686294403,5.130122075,3.089641103,3.230082065,3.056677113,3.974275373,2.231895253
frwC,2.161956914,0.813307996,0.626040423,0.938810998,-0.021124796,0.23446579,2.258187993,2.385922444,1.634841947,1.662278962,3.051855849,2.501831767
fsa,2.402133773,2.809943836,1.977337143,2.515506793,2.396245648,2.371224964,2.258187993,2.81846539,0.950201861,2.885061637,2.096977156,1.898039616
fsr,2.402133773,2.937542598,2.918707025,2.008769244,3.557708257,2.753401269,0.983904798,2.385922444,2.829743201,2.885061637,2.096977156,2.231895253
ftn,5.010752842,4.808888284,3.103203875,4.445180299,6.252736786,6.537152913,5.283290913,4.738831449,5.125165448,5.622449959,5.268043282,4.579816561
ftsA,7.558790302,7.717908995,8.470237585,8.708397265,6.915816898,7.871855072,7.85008667,8.168208303,7.126626817,8.289737449,8.194038661,7.205997286
ftsB,2.700105232,2.514481243,2.58789945,3.428998246,2.793297826,3.80370859,1.675275111,2.483565826,2.271761073,2.464111871,2.440603361,2.728660382
ftsE,5.442667736,5.273924334,4.199670149,4.714874882,4.543567227,5.195013446,4.587127522,4.637112956,3.799486457,3.798131235,4.07540813,3.739595723
ftsI,7.870074334,7.103647519,7.4863698,7.182469931,7.409954672,6.496185039,8.511228035,8.463837813,7.92746717,8.732935048,8.578856235,8.657236273
ftsK,6.73577206,7.110408185,7.303592241,7.428786935,7.211575359,7.250790206,6.770174347,6.836629936,7.004597223,7.054973915,6.653780828,6.088285561
ftsL,4.548264225,4.594103225,5.791865152,5.402714745,4.638541095,4.373622762,5.523668737,4.504747228,5.148406791,4.776308408,4.791677849,4.10412621
ftsN,4.363405661,3.916794537,4.45785161,4.407623815,4.388232621,4.925533777,3.249685166,3.766594532,3.611376894,2.790871234,3.323031869,2.92436909
ftsQ,5.302798607,5.698649292,6.01474308,5.998645098,4.93914051,5.847563904,5.063989539,5.146720637,4.78302168,5.58100117,4.56709718,3.739595723
ftsW,4.597001437,4.857932964,5.462362737,5.446569132,4.316915584,5.183260904,3.569134251,4.77759114,4.206408091,4.893828896,4.258583241,2.728660382
ftsX,5.317411886,5.285920058,5.143540818,5.002004611,5.397289413,5.358083011,4.301584813,5.039185982,4.977255686,4.285058031,4.791677849,4.459142826
ftsY,5.866903322,5.945473719,5.184918799,6.031925139,5.270951543,6.768072734,4.903074115,5.464318308,4.659026421,4.44768603,5.503887302,4.394793315
ftsZ,8.803846993,8.870270598,8.683710996,8.657997348,8.523847616,8.698204465,8.140127125,8.615917218,8.037355338,8.502621905,8.55718022,8.016264036
fucI,6.044275751,4.687514244,4.179330603,3.722295367,2.866735016,2.547683181,3.90787948,4.594327311,5.171279534,4.893828896,5.574646904,4.743771959
fucK,3.940772686,2.997317952,3.668374493,4.174064352,1.872213685,2.890327556,3.616100965,3.727500311,3.314863079,4.537126357,3.685185387,2.728660382
fucO,1.005901477,1.284323171,1.977337143,0.938810998,0.785190935,0.743193164,0.639427359,1.909857469,-1.14456266,1.863384156,0.400375956,-1.14456266
fucR,5.388336631,3.446128737,3.753434699,3.154025009,3.447416429,2.846125329,3.830369867,4.196810065,4.066932431,4.593811949,4.56709718,4.843556128
fucU,3.450374263,2.244134095,1.878486406,1.322734996,2.085930983,2.095594769,2.669780771,1.909857469,2.709352471,2.195417295,2.440603361,2.92436909
fumA,8.528894781,7.869071847,8.078545469,8.332875788,6.334935643,6.753246605,8.454291115,8.275320694,8.074223985,7.702567063,8.769998652,7.956243459
fumB,1.701594873,1.069845507,1.656951679,1.789321157,0.848411752,1.425280607,1.481501414,-1.14456266,1.335513986,0.778581957,2.585564792,-1.14456266
fumC,6.680328503,6.587800105,6.156674876,6.615759566,5.111561301,5.652543663,6.860592904,6.4069568,5.969719317,4.871078557,6.560986841,5.745545316
fur,6.386721794,6.136433883,6.54614335,6.562664807,6.509509761,6.136701354,6.634378762,6.676693396,6.747396158,6.765397797,6.603907172,6.128398078
fusA,12.26369102,12.60779438,12.3810111,12.50069456,12.24345539,12.37359656,9.903696085,11.00904352,11.45402071,10.6623151,10.30109656,9.608540095
fxsA,3.552876099,2.594274625,2.816710004,3.123394332,2.667342007,3.190328614,3.661582857,3.317609911,2.433038119,3.280832743,2.717142687,2.728660382
gabD,3.694112533,3.446128737,2.762849217,3.123394332,3.838169984,2.547683181,4.539242739,4.384327196,3.912490909,3.280832743,4.761658349,4.10412621
gabP,2.161956914,1.069845507,1.06506632,1.322734996,2.060925945,1.38357723,1.675275111,1.909857469,2.577877013,1.863384156,3.807869657,2.92436909
gabT,3.822718504,2.997317952,3.341894942,3.47819954,4.634357158,2.704682599,3.981429471,4.358987101,4.066932431,3.749023528,4.531955639,4.394793315
gadA,1.005901477,-1.14456266,1.06506632,0.124258233,0.966163097,0.429826472,0.154497435,1.402984775,1.335513986,1.662278962,0.955758142,1.898039616
gadB,0.658708418,0.04093922,1.393037856,0.59996766,0.90863663,0.516202858,1.255666409,1.181552541,0.396002577,0.778581957,1.641516703,-1.14456266
galE,5.482113828,4.825422553,4.866733062,4.78488886,4.862523416,3.956630865,5.012320714,4.678665387,5.530929281,4.91622588,5.03696381,5.461384545
galF,5.582315655,5.433412716,5.37567881,5.52463608,6.152467024,6.492618767,5.572051643,4.990526226,4.59278618,4.981402413,4.458993237,4.579816561
galK,3.902486666,4.063473801,3.638865955,4.23252161,4.085123505,4.429426824,4.051405413,4.678665387,4.59278618,5.234063128,5.15712666,5.461384545
galM,5.676006601,5.725321092,5.470751353,5.324287126,5.801531234,5.569211987,5.367946811,5.55634019,5.495119924,5.848866567,6.091425986,5.522871788
galP,3.156702039,2.809943836,2.069687809,2.924453426,3.016150758,1.905843576,2.133511042,2.044750511,1.880704813,1.42689579,1.887696574,0.804561649
galR,5.545550835,5.625015017,5.956206403,6.015381089,5.431442664,5.269155782,5.48628584,5.663680311,4.722356551,5.25178206,4.56709718,5.066434401
galS,5.33187859,5.053067546,4.555755506,4.394884337,3.388926716,3.190328614,4.181918076,4.658038861,3.611376894,3.135350084,5.110255974,4.10412621
galT,3.339999835,2.937542598,3.266654798,2.650926218,3.512776654,2.947218415,3.058650775,3.60341114,3.965832754,4.352326751,3.403127684,3.933364168
galU,6.365786426,6.047638143,6.125138888,6.270197766,6.722494174,6.226751281,5.94702566,6.291209384,5.956613921,6.346110938,5.884186342,5.397159016
gapA,11.05370172,11.01253768,10.82155141,10.65657424,11.41940778,10.39218849,9.633591942,10.39795704,11.0002529,11.12929768,10.34918901,10.47400372
gapC,0.169307087,-1.14456266,-0.081165644,0.124258233,0.848411752,0.743193164,0.154497435,0.915725688,1.335513986,0.261889892,1.641516703,0.804561649
garD,2.787044417,2.244134095,2.156357825,2.312245118,1.021243697,0.743193164,3.249685166,3.467600001,3.139979739,3.135350084,3.747834198,0.804561649
garK,1.005901477,1.069845507,1.393037856,1.528716401,1.353406739,1.651898241,2.75646861,2.483565826,0.396002577,4.021305152,3.148053403,1.898039616
garL,1.50675362,0.04093922,0.626040423,0.387042983,0.215468341,0.121745392,1.996751073,1.402984775,2.089747114,3.209933256,2.717142687,1.898039616
garP,1.005901477,2.030199546,0.328725926,1.939368689,-0.021124796,0.672123583,4.085158623,4.014037271,3.799486457,3.280832743,4.761658349,3.739595723
garR,1.872409522,2.244134095,1.06506632,1.621147031,1.221030684,1.686294403,3.748448948,3.419321637,2.709352471,4.67486849,4.123430944,2.92436909
gatA,-1.14456266,-1.14456266,-1.14456266,-1.14456266,-1.14456266,-1.14456266,-1.14456266,-1.14456266,0.396002577,-1.14456266,-1.14456266,-1.14456266
gatC,0.169307087,-1.14456266,-1.14456266,-1.14456266,-0.57230235,-0.563826259,-1.14456266,0.10884003,0.396002577,-1.14456266,0.400375956,-1.14456266
gatD,1.005901477,0.04093922,0.864408982,0.387042983,0.408571111,0.121745392,1.845238606,0.915725688,-1.14456266,-1.14456266,0.400375956,1.458599818
gatR,3.020056016,1.777799163,2.524469212,1.866355798,3.208975686,3.496567487,2.669780771,2.960458629,2.433038119,2.973436686,2.440603361,3.096523317
gatY,-1.14456266,-1.14456266,-0.081165644,-0.233394293,-1.14456266,-1.14456266,-1.14456266,-1.14456266,-1.14456266,-1.14456266,0.400375956,-1.14456266
gcd,6.751997969,8.298589032,7.504865876,8.261895673,8.884781766,8.532117845,7.330214958,7.495395417,6.885183307,7.014034744,6.207296291,5.429629227
gcl,1.50675362,1.469254964,1.977337143,1.789321157,1.548844669,1.101997975,1.675275111,0.915725688,1.880704813,1.142112545,0.400375956,1.458599818
gcvA,2.161956914,2.997317952,3.103203875,2.81356451,2.492457405,2.933206116,2.478808946,2.483565826,1.880704813,2.03916712,1.641516703,2.231895253
gcvH,5.360383837,5.378454992,5.818399383,5.269527956,7.279438809,6.180213524,4.563383936,3.419321637,3.857096996,4.25020836,3.685185387,2.92436909
gcvP,7.748647818,7.597960103,7.729441345,7.424094415,8.197640418,7.09331438,5.871715865,5.039185982,5.930040443,5.47938783,5.268043282,4.981370547
gcvR,4.620765799,4.514756309,3.934305241,4.407623815,4.932341115,4.539561651,3.188788908,3.804655043,4.161399886,4.140297819,3.619684692,4.256775916
gcvT,5.49502639,5.297816836,5.818399383,6.131236489,6.329771516,5.867894752,3.616100965,3.317609911,3.965832754,4.621340262,3.807869657,3.096523317
gdhA,7.034404542,7.416198744,7.338385105,7.392414719,7.804583528,6.973916366,4.656098509,5.301003122,6.807023285,5.777271699,5.485641401,5.429629227
ggt,1.872409522,1.284323171,1.06506632,0.387042983,1.619835106,0.743193164,0.639427359,2.044750511,2.089747114,2.195417295,1.341744444,1.898039616
gidA,5.934814509,6.251002031,6.413197278,7.263507542,6.503789239,7.357245778,5.560107211,4.957149614,5.028263183,4.847963526,4.731000545,3.096523317
glcB,4.334950048,3.977270191,4.33453446,4.481783059,4.07280377,3.41839379,5.080809141,4.77759114,4.691039172,4.960002543,5.521905279,4.327436117
glcC,4.898596823,4.409006535,4.42368141,4.897529077,1.353406739,1.686294403,6.00103515,6.291209384,5.215964741,5.46426915,6.461811247,6.088285561
glcD,0.658708418,0.813307996,1.239066079,1.07954682,1.39479921,1.048683592,3.616100965,2.385922444,2.271761073,2.464111871,4.123430944,3.389035879
glcF,2.700105232,1.469254964,2.069687809,2.256535936,1.39479921,1.048683592,3.364239935,1.402984775,2.271761073,2.581544051,2.948738551,2.231895253
glcG,1.50675362,1.632120246,1.393037856,1.707779131,1.68735496,1.340552926,2.838199673,1.593346297,0.950201861,1.863384156,2.585564792,0.804561649
gldA,2.946518091,2.030199546,2.156357825,2.138078784,2.35586119,1.465745832,2.258187993,2.28107207,2.577877013,2.790871234,3.403127684,2.231895253
glgA,6.271382425,5.355871851,5.023221002,5.002004611,5.893655506,5.123017236,5.862019563,5.260536017,5.401502618,6.378727643,6.694064303,5.552659643
glgB,7.07366471,6.238712407,6.087453829,5.653181569,6.52427782,5.696610389,6.728094475,5.953245315,6.02098178,6.418488077,6.480357712,6.06780313
glgC,7.243951003,5.689647961,6.615870608,5.98596444,6.18714653,5.302130815,7.312525983,6.473375338,6.070484925,6.928497131,7.545302286,6.857920479
glgP,7.232432256,6.972496916,8.34580098,8.11240741,7.61754572,6.740272878,8.343686079,7.393051365,6.66116433,8.519174285,8.232839209,7.243005639
glgS,4.667150713,3.529333577,3.859553062,3.999884323,3.054335116,2.307178975,5.381585361,4.433708824,3.314863079,4.384819231,4.933060362,5.295117765
glgX,6.1703653,5.596403334,6.417542744,5.746355023,5.823742784,4.875284739,6.97295882,6.671558845,6.295332031,6.329521808,7.075786397,7.047670193
glk,4.992655501,4.687514244,4.42368141,4.432769881,4.446672901,4.16230188,4.825356113,4.615878846,4.48734413,4.751609612,4.821085097,4.890972848
glmM,6.783912348,6.390848292,6.439075875,6.191385698,6.171355173,5.782847954,6.310020505,6.394545153,6.316003255,6.329521808,7.099974868,6.025944594
glmS,8.160820449,7.927662896,7.880305958,7.465787547,7.859366965,7.287612629,5.812535621,6.113289514,7.233712765,6.441828739,6.808575639,6.611347494
glmU,6.783912348,6.592636701,6.290630423,6.885259007,6.969099505,7.464294259,4.385234356,5.428238024,5.633313653,5.370069882,5.351017305,5.693015926
glnA,8.811608659,10.22012797,9.886375452,10.22627897,9.22457716,10.38025651,12.03314347,11.68976958,9.788515492,11.58122671,11.12827104,10.92769034
glnB,4.014420386,4.27092816,4.179330603,4.2035894,4.465638071,4.238134652,4.150381458,3.877884375,4.450410319,5.043760196,4.382139907,5.295117765
glnD,4.936959574,4.758116538,4.278273498,4.505678545,5.644012564,5.024363236,4.118139092,4.2801787,4.450410319,4.478120255,3.403127684,4.021274137
glnE,6.11289192,5.953016047,6.109108542,5.68491281,5.902378512,5.218235071,5.595647816,5.578456755,5.728910005,5.494349685,5.898048597,5.146759137
glnG,6.685969733,7.093446741,6.981375124,7.180616366,6.10941891,6.336922956,8.359277251,7.9670715,7.004597223,7.560528375,7.675748952,7.390488755
glnH,9.660608834,9.363132859,9.177613018,8.706466243,9.683350792,9.133854795,11.87748023,11.40426033,9.451625358,10.62584171,11.29109026,10.84208845
glnK,3.940772686,3.682562565,2.918707025,3.428998246,3.755766735,4.16230188,7.976781462,6.736923511,2.709352471,5.727488205,6.103440902,6.493437144
glnL,3.648556922,6.011975723,5.133008133,5.564985179,4.003094926,5.334368773,6.816091887,6.304538465,4.897193331,5.960819676,5.722202821,6.004550859
glnP,5.886634934,6.807568121,6.247346082,6.539710988,6.266315551,6.751258225,7.891184837,7.667745308,6.231479414,7.362766874,7.430772554,7.037173238
glnQ,6.420952758,7.635940805,6.60828749,7.026103994,6.839751506,6.955899962,7.344211619,7.358322647,6.669220083,7.734420065,7.675748952,6.927775946
glnS,7.01660665,6.990932245,6.426194604,6.800898556,7.732553523,6.949844146,6.281207902,6.536870072,5.982706723,6.152209131,6.207296291,5.185303861
gloA,4.418685018,4.221796997,4.028297391,4.174064352,5.129506138,4.06953578,4.385234356,4.108320124,3.470749835,3.798131235,3.807869657,3.250214154
gloB,2.700105232,2.594274625,3.725636131,3.722295367,3.708748557,2.566005331,3.30810401,2.741810914,2.089747114,3.533896365,2.440603361,2.501831767
glpA,1.005901477,0.04093922,0.626040423,0.124258233,0.648269063,0.121745392,1.845238606,2.483565826,4.206408091,3.209933256,2.837620345,4.10412621
glpB,0.658708418,0.490617291,1.878486406,1.429612449,1.434968744,1.340552926,1.675275111,3.263920196,4.812423203,4.384819231,4.025729113,4.394793315
glpC,0.658708418,1.469254964,-1.14456266,0.124258233,0.3162332,0.810426666,2.75646861,3.687314521,4.626286693,4.44768603,4.667657167,3.631962725
glpD,3.281461771,2.594274625,3.69729008,3.428998246,2.922887473,2.285171535,5.48628584,6.676693396,7.25527879,7.029523395,5.642097062,6.224055203
glpE,2.946518091,2.809943836,2.706879979,2.993879944,2.823126441,3.579714563,1.675275111,2.167844039,0.950201861,2.03916712,2.096977156,2.231895253
glpF,3.502538225,1.909674822,2.648628761,1.528716401,1.584796819,0.935052876,4.994678045,5.663680311,7.491675669,6.074695326,6.115356573,5.610451078
glpG,2.787044417,3.446128737,3.187254339,3.65972349,3.338298716,3.772644773,2.669780771,3.208145339,1.335513986,1.662278962,1.641516703,2.231895253
glpK,5.429275615,4.00658169,4.137769358,3.782259969,3.778712156,3.292533245,8.150120856,9.150338687,10.57648747,9.659391329,9.686019053,9.327650539
glpQ,3.694112533,2.875164209,2.524469212,2.607199367,3.494403465,3.105479645,6.061592191,7.339021326,7.896921551,7.453596912,6.64558737,6.881583466
glpR,2.508531198,3.054700123,1.393037856,2.256535936,3.003193266,3.202050598,2.372776568,0.10884003,3.230082065,1.42689579,2.27917705,-1.14456266
glpT,2.402133773,0.813307996,1.239066079,2.008769244,1.173835043,1.101997975,4.884033764,6.222651574,7.120764369,6.546020589,4.601402454,5.719519721
glpX,3.502538225,3.311530153,3.638865955,3.742562398,4.388232621,4.119753153,4.539242739,5.476147259,6.452958386,5.67592496,5.0618107,5.024529565
gltA,8.967959498,9.022293789,8.09491645,8.381288954,7.300048996,8.289617263,9.509440078,9.500865586,9.671079846,9.12654955,10.04723788,9.52836394
gltB,10.10467353,9.847791392,9.971219175,9.58915453,10.1537868,9.426716283,8.995411866,9.247566447,9.608571183,9.057716399,9.527853719,8.455229864
gltD,9.547412849,9.384206792,10.73040153,10.16549208,9.583160107,8.931204697,9.493828921,9.709390776,9.135696576,9.201393467,9.748559916,8.720928118
gltI,9.651267482,9.110926568,8.4858399,8.466669121,8.273225309,8.234104148,10.89203996,10.42528755,9.835803446,10.29250528,10.87239166,10.05992025
gltJ,5.687301396,6.708563966,5.606364341,6.096266841,5.193457174,6.122926298,7.243257464,7.185391515,6.946125453,7.549826917,6.961620171,6.611347494
gltK,4.955764907,6.188479393,4.647431257,5.866524401,5.251964801,5.804104842,6.372818856,6.388299054,6.405524499,6.734228408,6.974760711,5.581844769
gltP,6.840649157,6.904108213,6.619647272,6.969258953,6.928682878,6.447894155,4.514690377,6.019408504,5.321971949,6.560309343,6.173501826,5.771109663
gltS,9.373924649,8.909562159,8.838371038,8.446757355,8.999995982,8.516984021,9.308152241,9.089078037,8.655547671,9.218387287,9.42987622,9.268302986
gltX,6.474086971,6.852618939,6.833119615,7.574241565,7.054533848,6.46861562,5.70816423,5.970072775,6.02098178,5.197958528,5.574646904,5.024529565
glvBC,0.169307087,-1.14456266,-1.14456266,-1.14456266,-0.340399338,0.23446579,1.255666409,-1.14456266,-1.14456266,0.261889892,1.641516703,-1.14456266
glvG,0.658708418,0.813307996,-0.081165644,0.124258233,0.718619532,0.874259721,1.996751073,2.044750511,1.335513986,0.261889892,-1.14456266,1.458599818
glxK,1.50675362,0.04093922,1.06506632,0.124258233,0.648269063,0.672123583,0.154497435,0.10884003,0.396002577,-1.14456266,1.341744444,0.804561649
glyA,9.78540835,9.880788149,10.22004967,10.28697883,10.36603942,9.629213092,8.202922368,8.663245078,9.400523627,8.315237089,8.606556777,7.922421015
glyQ,5.629921676,5.8677987,4.841076244,5.647824496,6.24452775,6.184640775,3.981429471,4.384327196,4.523355236,4.751609612,4.07540813,4.256775916
glyS,7.935470254,7.842924248,7.909908339,7.528339446,8.258014096,7.316139509,6.540242152,6.942732374,7.579781682,6.998377999,7.372391778,6.477996942
gmd,-1.14456266,0.04093922,-0.081165644,-0.233394293,0.3162332,-0.328638789,0.154497435,-1.14456266,-1.14456266,0.261889892,-1.14456266,-1.14456266
gmhA,5.962968303,5.422587417,4.828074589,4.99358166,6.215422576,5.441844415,5.842429211,5.892753553,5.420718491,5.740096078,5.952202704,5.581844769
gmhB,3.502538225,4.063473801,3.909816478,4.529184383,4.290565088,4.823221279,3.418265311,3.559550295,2.829743201,3.749023528,2.837620345,2.728660382
gmk,4.215152564,4.409006535,4.474637679,4.407623815,5.243750483,4.950016584,4.563383936,3.913148221,4.29241472,4.565747746,4.07540813,3.515622458
gnd,8.156763646,8.142435408,8.795609582,9.142311165,8.377940516,7.679808104,6.826100309,7.174543627,7.5231285,7.212546983,7.099974868,6.582761025
gnsA,2.700105232,3.311530153,2.388448808,2.693353613,1.900776578,2.654243989,0.983904798,2.891221262,2.089747114,2.195417295,0.955758142,0.804561649
gnsB,2.607531025,2.875164209,3.546525499,3.270402455,3.732449625,3.579714563,4.70031177,2.741810914,3.139979739,1.662278962,1.641516703,1.458599818
gntK,1.005901477,1.632120246,2.816710004,1.07954682,1.434968744,1.990318907,2.838199673,1.909857469,2.089747114,0.261889892,1.341744444,1.458599818
gntP,1.701594873,0.490617291,-1.14456266,0.780805482,0.215468341,0.23446579,-1.14456266,2.167844039,1.634841947,1.42689579,1.341744444,2.231895253
gntR,4.776976412,4.936140006,4.691171905,4.662698005,5.478871512,5.197936679,5.029750154,5.039185982,5.053105965,5.353754052,5.133881715,5.745545316
gntT,4.305921278,3.569197809,4.491230524,3.548982175,3.174739649,2.875744589,3.188788908,4.108320124,3.139979739,3.590767972,3.865501508,4.021274137
goaG,3.978067213,4.00658169,2.315226014,3.154025009,5.448220739,3.524820634,6.151897072,5.006929252,4.626286693,2.973436686,5.246531873,3.739595723
gor,5.972232106,5.698649292,6.9576999,7.125800092,6.088168118,5.337023025,6.365974743,6.082669713,5.583029683,6.524318543,6.569673671,5.666016025
gph,5.455936657,4.825422553,4.676738632,4.23252161,5.158926768,4.043755034,3.705671164,3.913148221,4.206408091,4.44768603,3.920915173,3.739595723
gpmA,9.34747266,9.516069785,9.512736438,9.487117647,10.02691491,9.159757446,9.150813999,8.950754673,8.599742018,9.284428874,9.010692163,9.185173115
gpmB,4.497821511,4.430786254,4.094973529,4.274859093,4.470340631,4.399256374,3.661582857,4.046155423,4.626286693,3.474683089,4.634910367,4.10412621
gppA,4.839068467,6.543525186,6.065469091,6.504580595,6.77283171,6.950710821,4.976816861,5.464318308,5.774432815,5.234063128,3.920915173,4.794527028
gpsA,8.70868231,8.388939601,7.637439659,8.14604171,9.291015102,8.954075135,9.033702065,9.146642991,8.993767036,8.478372569,9.477967165,8.579793853
gpt,2.287124403,2.937542598,1.06506632,2.851489903,3.916111323,4.784847477,1.675275111,1.181552541,1.634841947,1.42689579,1.887696574,1.458599818
greA,4.689795299,5.537418941,4.647431257,5.838583508,5.305562927,6.069666768,3.661582857,3.981186599,4.250052949,4.140297819,3.323031869,3.389035879
greB,1.279535868,1.284323171,1.531325051,0.938810998,1.782847418,1.153242155,1.675275111,1.909857469,0.950201861,1.863384156,1.887696574,0.804561649
groEL,10.56349468,9.110083527,9.453134237,9.283711912,9.220223316,8.62272507,9.964424404,9.503035066,8.841691752,8.961409364,10.30760227,8.762941081
groES,7.83242011,6.987263978,7.858098306,7.914731388,6.50836747,6.537152913,7.508592882,6.925581728,5.995578244,6.588469157,7.746409716,5.295117765
grpE,6.82539545,6.047638143,5.913769877,5.710832516,6.155389039,5.889751866,5.572051643,5.600239327,5.633313653,5.636005708,5.768214385,5.259434137
grxA,3.450374263,2.997317952,3.227503291,3.060098585,3.253389765,2.704682599,4.181918076,4.014037271,2.577877013,2.973436686,2.096977156,2.728660382
grxB,5.806035477,5.199776111,4.965025378,4.575076579,5.726886643,4.654701975,5.812535621,6.059270655,5.259306988,5.813513264,6.67808564,5.666016025
grxC,6.21005953,6.116422313,5.462362737,5.66913444,6.361748123,6.105909506,5.771688734,5.476147259,5.875378243,5.58100117,5.884186342,5.146759137
gshA,7.274225472,7.290864529,6.884249778,7.282643177,7.851280898,7.415534199,6.540242152,6.284498374,6.346465109,6.531588893,6.39495399,5.693015926
gshB,6.358739907,5.777229285,5.225142684,5.276487631,5.88839627,5.631076742,4.825356113,4.79658715,4.373576347,5.063960999,5.690692309,5.892547281
gsk,3.601511777,3.645757877,3.378087341,4.2035894,4.412871317,5.091924666,2.838199673,2.81846539,3.230082065,2.03916712,2.948738551,1.898039616
gspC,0.658708418,-1.14456266,-1.14456266,0.124258233,-0.340399338,-1.14456266,-1.14456266,0.10884003,-1.14456266,-1.14456266,-1.14456266,-1.14456266
gspF,-1.14456266,0.813307996,0.626040423,0.938810998,0.648269063,0.23446579,0.639427359,0.10884003,0.950201861,-1.14456266,-1.14456266,0.804561649
gspG,-1.14456266,-1.14456266,0.626040423,0.59996766,-0.340399338,-0.328638789,-1.14456266,-1.14456266,-1.14456266,-1.14456266,0.955758142,-1.14456266
gspI,-1.14456266,-1.14456266,-0.081165644,-1.14456266,-1.14456266,-0.328638789,0.154497435,-1.14456266,-1.14456266,-1.14456266,-1.14456266,-1.14456266
gspJ,0.169307087,0.04093922,-1.14456266,-1.14456266,-0.57230235,-0.151607991,-1.14456266,0.10884003,-1.14456266,-1.14456266,-1.14456266,-1.14456266
gspK,-1.14456266,-1.14456266,0.328725926,0.124258233,-0.021124796,-0.151607991,-1.14456266,-1.14456266,-1.14456266,0.261889892,0.400375956,-1.14456266
gspL,0.169307087,1.284323171,1.393037856,1.322734996,0.90863663,1.719858046,1.845238606,1.909857469,0.396002577,0.261889892,0.400375956,-1.14456266
gspM,-1.14456266,-1.14456266,-1.14456266,-1.14456266,0.104113823,-0.563826259,-1.14456266,-1.14456266,-1.14456266,0.261889892,-1.14456266,-1.14456266
gspO,0.169307087,0.490617291,0.328725926,0.387042983,0.573613538,0.874259721,0.983904798,0.915725688,0.950201861,0.261889892,-1.14456266,0.804561649
gss,6.480593228,6.201202582,6.526161205,6.242034489,6.717560165,5.598265192,5.447908249,5.440365343,5.002984938,5.662740911,5.448442235,5.461384545
gst,4.992655501,3.7534632,5.428311724,5.002004611,4.432283457,3.552529446,5.421743902,5.260536017,4.066932431,4.91622588,5.625527902,5.259434137
guaA,7.586198751,7.880981966,8.086754181,8.184469791,8.203651617,7.314120476,6.588078163,6.959681521,7.066901891,6.783781218,6.948358838,6.313761891
guaB,4.523263489,5.527349373,4.632551095,5.175856498,5.795924492,5.98589863,3.569134251,2.960458629,4.659026421,2.885061637,3.478994982,3.096523317
guaC,5.594365266,5.080875926,4.406287667,4.493780314,6.496894534,5.50457454,4.181918076,4.358987101,4.11494029,4.352326751,4.214925963,3.515622458
guaD,2.024617477,0.04093922,1.06506632,1.07954682,1.928768743,1.425280607,1.675275111,1.181552541,0.396002577,0.778581957,1.887696574,1.458599818
gudD,2.508531198,2.244134095,2.069687809,1.866355798,1.548844669,1.465745832,0.639427359,2.385922444,2.271761073,3.209933256,3.148053403,2.92436909
gudX,1.005901477,0.813307996,-1.14456266,1.07954682,1.473989129,1.048683592,0.983904798,1.402984775,1.634841947,2.464111871,2.27917705,1.458599818
gutQ,3.020056016,2.141213121,2.238018242,2.36584946,2.922887473,2.095594769,1.255666409,1.402984775,0.396002577,1.662278962,2.440603361,1.898039616
gyrA,9.246108414,8.917293672,8.117795207,8.59049755,9.174146927,8.803899681,7.769398015,8.244532379,7.920734926,7.549826917,7.972855441,6.881583466
gyrB,8.230027916,8.016724012,7.677848212,7.734432806,8.249151734,8.029467879,7.630675503,7.750424663,7.482561741,7.574674612,7.601448265,7.561383955
hcaB,-1.14456266,0.04093922,0.626040423,0.780805482,0.785190935,0.743193164,0.639427359,0.10884003,1.634841947,0.778581957,1.341744444,-1.14456266
hcaC,1.005901477,-1.14456266,-0.081165644,0.124258233,-0.021124796,-0.563826259,0.154497435,0.915725688,0.396002577,-1.14456266,-1.14456266,0.804561649
hcaD,0.169307087,0.813307996,0.626040423,0.59996766,1.221030684,1.38357723,1.481501414,0.915725688,1.335513986,1.142112545,1.641516703,1.898039616
hcaE,1.279535868,0.04093922,-1.14456266,0.124258233,-0.57230235,0.874259721,0.983904798,0.915725688,2.433038119,1.662278962,2.096977156,1.458599818
hcaR,6.487070273,4.66930994,4.87939229,3.930933505,1.872213685,2.452362542,6.90376219,6.691988305,5.548506009,5.402158074,6.914662174,6.97253516
hcaT,3.090005404,2.141213121,2.388448808,2.515506793,2.778146992,3.885831771,4.150381458,4.046155423,4.01726939,3.348396791,4.495936007,3.515622458
hcp,1.005901477,0.490617291,-0.081165644,0.387042983,0.966163097,0.336426748,0.154497435,0.10884003,-1.14456266,0.778581957,1.641516703,-1.14456266
hcr,1.872409522,-1.14456266,-1.14456266,0.387042983,0.215468341,-0.005082435,-1.14456266,0.57980147,0.396002577,0.778581957,-1.14456266,0.804561649
hda,4.87902582,5.199776111,4.733624557,5.153347858,5.635666415,6.151854264,3.364239935,4.973934478,4.066932431,5.00248936,3.551059262,4.636565409
hdeB,-1.14456266,-1.14456266,-1.14456266,-1.14456266,-0.021124796,-1.14456266,-1.14456266,-1.14456266,-1.14456266,-1.14456266,-1.14456266,-1.14456266
hdfR,4.049878631,3.607987039,3.30476737,3.548982175,4.539097939,4.310175526,5.029750154,4.594327311,3.912490909,4.776308408,4.458993237,4.579816561
hdhA,2.607531025,1.909674822,1.393037856,1.621147031,2.035469178,2.145424475,3.125194645,2.044750511,2.089747114,2.581544051,3.148053403,3.096523317
helD,4.667150713,4.792162222,4.89194135,4.735228175,5.024733472,4.918461659,4.301584813,4.594327311,4.659026421,5.122919208,4.382139907,4.890972848
hemA,6.202207582,6.950058978,7.710088098,7.68690976,7.444406736,7.746704859,7.435295466,8.040602122,6.534596789,7.950524337,6.261918503,6.108481238
hemB,6.379777041,6.238712407,5.944208531,6.195063037,6.911502612,5.900557473,6.009843358,5.820363745,5.744244456,6.234706227,6.054768889,5.429629227
hemC,5.429275615,5.537418941,5.436900135,5.290307036,5.736675107,5.426972424,4.958731679,5.744148356,5.599986522,6.22576943,5.798093118,5.638501087
hemD,4.276295763,4.775239862,4.37085753,4.641286813,4.995676481,4.984286358,3.90787948,4.014037271,3.799486457,4.960002543,3.920915173,4.021274137
hemE,6.121243929,6.175642989,5.436900135,5.63163286,6.370576006,5.89876215,5.792256753,6.172645701,5.439681725,5.905928918,6.067091712,5.610451078
hemF,2.508531198,2.741607747,2.315226014,3.378053213,3.660142332,4.06953578,2.478808946,2.167844039,2.829743201,1.662278962,1.641516703,1.898039616
hemG,2.700105232,2.875164209,2.458083344,2.138078784,2.89508645,3.041646281,2.478808946,2.741810914,1.335513986,2.581544051,1.341744444,2.501831767
hemH,2.607531025,2.66984026,1.772119263,2.77460641,2.454749665,2.432507975,2.838199673,2.167844039,2.829743201,1.863384156,2.440603361,2.231895253
hemK,3.648556922,4.27092816,3.69729008,4.481783059,5.150163424,5.08246466,3.520582185,3.841735214,4.250052949,3.936139379,3.619684692,3.933364168
hemL,7.375446579,6.811722281,6.978436881,6.601975613,7.842696149,6.702695955,6.295686135,6.431464263,6.878250269,7.065029725,7.135513747,6.857920479
hemN,5.826611456,5.777229285,5.932110033,5.705685701,6.168465352,5.584928697,5.268685607,5.55634019,5.07752804,5.848866567,5.429476593,4.890972848
hemX,5.876802865,6.011975723,5.651338188,5.731238078,6.184288202,6.162367386,4.958731679,5.039185982,5.495119924,5.813513264,5.351017305,4.890972848
hemY,5.866903322,6.061659862,5.888947885,6.084419341,6.258183639,5.665272122,5.367946811,6.158034043,5.956613921,6.269909862,6.138896649,5.719519721
hepA,4.305921278,4.594103225,5.10094053,5.409061885,5.629374958,5.80984822,3.789992042,3.317609911,4.59278618,3.135350084,3.619684692,2.728660382
hflB,9.035797059,9.096527436,8.402800368,8.958742116,8.89005387,9.037819294,7.774575448,8.258297255,8.32935285,8.498917665,8.378378662,8.109392937
hflC,8.930431461,8.484410582,8.067527357,8.629745831,8.076468572,7.858986723,6.49704358,7.454129193,7.698676014,8.102271929,7.802759941,6.771902895
hflK,8.26813376,8.139133275,7.500776081,8.031422481,7.798521816,7.933652961,5.523668737,6.553712563,6.972405906,7.075015928,6.653780828,5.638501087
hflX,7.682463436,7.549033424,7.607324027,8.066975095,7.540293926,7.864515791,6.095088043,6.455562332,6.60347821,6.777679403,6.345227653,5.552659643
hfq,6.909775228,6.374091127,5.818399383,6.216932365,6.774733127,6.54635587,6.426433335,5.642841808,5.697743222,5.939113365,5.289238564,4.890972848
hha,1.005901477,1.469254964,1.239066079,1.322734996,1.928768743,2.815880163,0.639427359,-1.14456266,1.335513986,0.778581957,-1.14456266,0.804561649
hipA,2.161956914,2.030199546,1.878486406,0.938810998,1.584796819,0.935052876,0.639427359,0.915725688,1.335513986,0.778581957,1.341744444,2.231895253
hipB,1.50675362,0.813307996,0.864408982,0.59996766,1.074094981,0.23446579,-1.14456266,1.402984775,0.950201861,2.336112447,1.641516703,1.458599818
hisA,7.228572145,6.533499019,6.135727669,5.981712662,6.738170551,6.039024698,4.940416807,5.52251621,5.847250244,5.83717814,5.202521931,4.327436117
hisB,8.448208547,7.571255989,8.098980332,7.547163668,8.693002042,7.241612912,7.06879673,7.457116247,7.060791123,6.944926533,6.507737866,6.205424496
hisC,7.598215116,6.089300932,5.938171966,5.018704348,6.980677509,5.925460166,5.080809141,5.847937377,5.713410787,5.523815701,5.15712666,4.256775916
hisD,9.209368335,7.477622765,8.348079194,7.360023719,8.819966377,7.505574244,7.596000698,8.020550021,6.985368757,7.636670254,7.554083634,6.260609958
hisF,6.550289854,5.634427502,5.950219941,5.212607436,6.363012561,5.360694019,5.080809141,5.35325148,5.774432815,5.939113365,5.246531873,4.579816561
hisG,7.604185974,6.983586359,6.735558637,6.396941546,8.084539023,6.720082653,6.288465182,6.746721849,5.804002326,6.013698103,6.115356573,4.691164879
hisH,7.511919661,6.690630281,7.363376936,6.829570333,7.258529909,6.368398032,5.761293691,6.645608339,6.106528416,6.689427962,6.127174627,5.363940975
hisI,7.892203987,7.156866007,7.036093948,6.943257221,7.916458297,6.835315282,6.941079611,6.81816196,6.708837597,6.961170937,6.516750309,5.960787357
hisJ,7.136813524,7.019947363,6.451843145,6.642938551,7.874961307,6.499742517,8.532777192,8.26171805,7.8586878,7.728105478,8.608665719,7.978359115
hisM,3.22043646,3.947349768,3.145844317,3.060098585,3.823534143,3.054642247,4.051405413,3.263920196,3.857096996,3.474683089,3.403127684,2.92436909
hisP,5.02862589,4.951285027,4.555755506,4.897529077,5.384893148,4.620243429,5.460814569,5.232913077,5.728910005,4.981402413,5.410258248,5.363940975
hisQ,4.305921278,4.981106095,4.297272236,4.870183127,5.090339493,4.174231391,5.395096157,5.801684083,4.897193331,4.871078557,4.731000545,4.394793315
hisS,7.043221821,7.590726046,7.096963686,7.43501998,7.536936888,8.108869593,5.900419743,6.586818879,6.106528416,6.595424054,6.162058756,5.960787357
hlpA,9.460397817,9.849812823,10.0738917,9.939183674,9.840247881,8.833802813,9.973457842,10.2229951,10.06373256,10.5310881,10.17156407,9.511400677
hmpA,2.869000612,2.030199546,1.772119263,1.789321157,2.181743192,1.815946525,1.481501414,1.909857469,2.089747114,1.662278962,2.096977156,1.458599818
hnr,2.700105232,2.937542598,2.816710004,3.594306625,3.943439326,4.174231391,3.569134251,3.64597429,2.709352471,2.690038402,2.948738551,2.92436909
hns,9.129855322,8.928813803,9.19100082,9.361854218,9.609100729,8.694587498,8.162022663,8.116246117,8.992162427,8.878309244,8.519566687,8.546874399
hofB,1.872409522,1.632120246,1.06506632,0.938810998,2.060925945,1.934570751,1.481501414,2.167844039,2.271761073,1.42689579,1.641516703,1.898039616
hofC,1.279535868,0.813307996,0.626040423,0.124258233,0.718619532,0.874259721,1.675275111,0.57980147,1.335513986,-1.14456266,-1.14456266,-1.14456266
hofQ,1.279535868,1.069845507,1.656951679,1.528716401,1.353406739,1.84655887,0.983904798,0.915725688,-1.14456266,1.142112545,0.400375956,1.458599818
hokD,6.69158899,6.004736209,5.89519354,5.576309178,6.370576006,5.459003459,6.151897072,6.661234591,7.56690394,7.257086457,8.113159287,7.539238289
hokE,0.658708418,-1.14456266,-1.14456266,-0.233394293,-0.340399338,0.23446579,-1.14456266,-1.14456266,-1.14456266,-1.14456266,-1.14456266,0.804561649
holA,3.940772686,3.977270191,4.474637679,4.481783059,4.655156473,4.602700306,3.058650775,3.089641103,4.450410319,2.885061637,1.887696574,3.515622458
holB,3.156702039,3.682562565,4.988586183,5.010378652,4.109451354,3.641217357,4.412072405,3.766594532,4.206408091,3.936139379,3.403127684,2.92436909
holC,3.450374263,3.529333577,3.447847771,2.734557267,3.231354427,3.675216422,1.845238606,1.760580758,3.230082065,2.195417295,2.440603361,1.458599818
holD,1.701594873,1.469254964,1.531325051,0.59996766,1.872213685,2.452362542,0.154497435,0.915725688,0.950201861,0.778581957,0.400375956,0.804561649
holE,0.658708418,0.490617291,0.626040423,1.528716401,1.39479921,2.350195651,1.255666409,0.10884003,0.396002577,1.42689579,2.096977156,0.804561649
hpaA,1.50675362,1.069845507,1.656951679,0.780805482,1.473989129,0.993108595,0.983904798,1.402984775,1.634841947,1.42689579,2.440603361,1.458599818
hpaB,1.872409522,0.813307996,0.328725926,0.780805482,1.221030684,1.296115878,2.258187993,2.483565826,2.577877013,2.336112447,2.440603361,3.250214154
hpaC,1.005901477,0.04093922,-0.081165644,0.387042983,1.074094981,0.596683146,1.255666409,0.915725688,0.396002577,1.42689579,0.955758142,1.458599818
hpaD,0.658708418,1.069845507,0.626040423,0.124258233,0.90863663,0.596683146,1.996751073,1.909857469,1.335513986,2.464111871,2.440603361,2.231895253
hpaE,1.701594873,0.813307996,2.156357825,1.206669469,0.573613538,0.429826472,2.372776568,2.81846539,3.676850297,2.690038402,3.148053403,2.501831767
hpaG,2.946518091,1.909674822,2.706879979,1.866355798,1.173835043,1.543254621,2.75646861,2.385922444,2.433038119,1.863384156,2.717142687,0.804561649
hpaH,1.701594873,1.469254964,-1.14456266,0.780805482,1.021243697,0.336426748,0.154497435,1.181552541,1.880704813,0.261889892,1.341744444,0.804561649
hpaI,1.872409522,1.284323171,1.531325051,0.780805482,1.074094981,0.810426666,1.845238606,2.660811997,3.230082065,3.474683089,2.717142687,1.458599818
hpaR,1.701594873,1.284323171,1.239066079,1.322734996,1.434968744,1.250163792,0.983904798,1.593346297,0.396002577,1.863384156,0.400375956,2.231895253
hpaX,0.169307087,1.284323171,-0.081165644,0.124258233,1.353406739,1.296115878,0.639427359,1.181552541,1.880704813,0.778581957,-1.14456266,2.501831767
hpt,6.434420907,6.856645556,6.456073916,6.615759566,7.398285362,7.233089432,5.983255725,6.363040655,5.713410787,6.278578159,6.733253413,5.719519721
hrpA,6.121243929,6.412892625,6.364512758,6.396941546,6.282443135,6.316896497,5.434885402,5.970072775,5.633313653,6.024045106,5.608766201,5.222845217
hrpB,4.084485016,4.318439392,4.278273498,4.174064352,4.675659992,4.414420536,3.249685166,3.727500311,3.676850297,3.348396791,3.807869657,3.631962725
hrsA,0.169307087,0.490617291,-0.081165644,0.59996766,0.3162332,0.336426748,0.639427359,-1.14456266,0.396002577,1.42689579,-1.14456266,1.458599818
hscA,5.676006601,6.162691338,6.526161205,6.533915011,6.142193109,6.346174339,5.48628584,5.567440861,5.744244456,5.38620321,5.690692309,5.146759137
hscB,3.822718504,5.433412716,6.177322263,6.154087348,4.969347185,5.775039849,5.012320714,4.433708824,3.912490909,4.64835278,4.342119852,4.10412621
hscC,-1.14456266,1.069845507,0.328725926,0.780805482,0.3162332,0.810426666,0.154497435,0.915725688,0.396002577,1.142112545,1.341744444,0.804561649
hsdM,4.898596823,6.0755466,5.985771639,6.510495391,6.025667542,6.871462632,5.283290913,4.738831449,4.626286693,4.981402413,4.959746448,3.250214154
hsdR,6.487070273,6.568289921,6.766548196,6.548361526,5.970326295,5.813664474,7.081385813,6.608475071,6.93280349,7.060010582,7.392115704,6.904864579
hsdS,6.044275751,7.182756717,7.294170662,7.70765265,7.448581525,7.575790894,6.728094475,6.479264463,6.93280349,7.640037569,5.856055678,6.398215336
hslJ,2.508531198,1.469254964,2.238018242,1.206669469,2.396245648,1.153242155,1.481501414,2.167844039,1.634841947,0.261889892,1.887696574,1.458599818
hslO,5.131448233,5.161221694,5.24484162,5.421672982,4.715812505,4.963822372,4.21277922,4.108320124,4.066932431,3.936139379,4.16990457,3.515622458
hslR,3.648556922,3.311530153,3.668374493,3.89517933,3.285821567,4.119753153,3.470333633,3.208145339,2.089747114,2.790871234,2.717142687,2.231895253
hslU,7.189392105,6.175642989,5.831485684,5.861905008,6.498045942,5.665272122,5.965254431,5.978413463,5.789293337,5.960819676,6.150524188,5.461384545
hslV,7.1973137,6.396391036,6.803542014,6.492677749,6.118431427,5.62457387,6.97295882,6.938463789,5.002984938,5.982204203,6.103440902,4.691164879
htpG,8.230027916,6.695134646,6.836368893,6.726622382,6.620457674,6.171318052,7.402227473,7.399276831,6.525750678,6.509666989,8.030624395,6.446611752
htpX,7.157263455,6.523402683,6.89051549,7.116134856,5.886638922,6.56798044,5.560107211,5.314243721,5.649692845,5.789453672,4.985947661,4.021274137
htrB,3.450374263,3.402648158,3.013921285,3.213392485,3.447416429,3.80370859,3.364239935,3.766594532,3.676850297,4.21449498,3.051855849,4.18247159
htrC,-1.14456266,1.777799163,1.656951679,2.074906101,1.473989129,1.153242155,0.639427359,0.57980147,1.880704813,1.662278962,0.955758142,-1.14456266
htrE,-1.14456266,-1.14456266,0.864408982,-1.14456266,0.104113823,0.336426748,-1.14456266,0.915725688,-1.14456266,-1.14456266,0.400375956,-1.14456266
hupA,9.149382753,8.346620393,7.956939802,7.931360893,9.028762187,8.281373583,8.343686079,8.125663403,8.944835035,8.79466778,8.921891511,8.021598632
hupB,8.976040231,8.869274467,9.120120133,9.094876034,9.221792214,9.296252692,9.446766607,8.979085138,9.003357386,9.00384683,9.143172512,9.175633694
hyaA,-1.14456266,-1.14456266,-1.14456266,0.387042983,-0.165749464,-0.563826259,-1.14456266,-1.14456266,-1.14456266,0.261889892,-1.14456266,-1.14456266
hyaB,0.658708418,-1.14456266,0.328725926,-1.14456266,-0.340399338,0.23446579,-1.14456266,-1.14456266,-1.14456266,0.261889892,-1.14456266,-1.14456266
hyaC,-1.14456266,-1.14456266,-0.081165644,-0.233394293,-0.021124796,-0.151607991,-1.14456266,0.915725688,0.950201861,-1.14456266,-1.14456266,-1.14456266
hyaE,0.169307087,-1.14456266,-1.14456266,-1.14456266,-0.340399338,-0.563826259,-1.14456266,1.181552541,0.396002577,-1.14456266,1.341744444,-1.14456266
hybB,-1.14456266,0.490617291,1.239066079,0.387042983,0.104113823,0.743193164,0.154497435,0.57980147,0.396002577,0.778581957,2.27917705,1.458599818
hybC,2.607531025,3.263708482,4.278273498,4.159071813,3.115799972,3.015295573,3.569134251,2.574940804,2.433038119,3.749023528,3.148053403,1.898039616
hybD,2.869000612,2.594274625,2.069687809,1.866355798,2.731706882,2.510316822,1.845238606,2.167844039,2.940786701,0.778581957,2.27917705,1.898039616
hybE,1.701594873,1.632120246,0.626040423,1.866355798,1.813276146,1.784647728,1.255666409,0.57980147,1.634841947,1.142112545,0.955758142,2.231895253
hycA,0.169307087,-1.14456266,-1.14456266,-1.14456266,-0.340399338,-1.14456266,-1.14456266,-1.14456266,-1.14456266,0.261889892,-1.14456266,-1.14456266
hycB,-1.14456266,-1.14456266,-1.14456266,-0.233394293,-0.57230235,-1.14456266,-1.14456266,-1.14456266,-1.14456266,-1.14456266,-1.14456266,-1.14456266
hycC,1.50675362,0.813307996,0.626040423,0.387042983,1.074094981,0.121745392,0.639427359,1.181552541,0.396002577,-1.14456266,0.400375956,0.804561649
hycD,-1.14456266,-1.14456266,-0.081165644,0.387042983,-0.340399338,-0.005082435,-1.14456266,-1.14456266,0.950201861,-1.14456266,0.400375956,-1.14456266
hycE,1.279535868,0.813307996,1.393037856,0.938810998,1.074094981,0.874259721,-1.14456266,0.915725688,0.950201861,0.261889892,1.341744444,-1.14456266
hycF,0.658708418,0.490617291,-1.14456266,-1.14456266,-0.165749464,-0.005082435,-1.14456266,-1.14456266,-1.14456266,0.261889892,-1.14456266,-1.14456266
hycG,1.279535868,0.813307996,0.328725926,0.387042983,0.718619532,0.874259721,0.639427359,0.10884003,1.634841947,0.261889892,0.955758142,0.804561649
hycH,1.005901477,1.069845507,1.393037856,0.938810998,1.173835043,0.935052876,1.255666409,2.385922444,2.433038119,2.690038402,2.585564792,3.389035879
hycI,2.508531198,2.809943836,2.648628761,2.417504478,2.396245648,2.432507975,3.188788908,1.909857469,2.433038119,2.885061637,3.238206047,3.515622458
hydN,1.50675362,1.069845507,-0.081165644,1.07954682,0.90863663,1.250163792,2.372776568,0.57980147,-1.14456266,1.142112545,-1.14456266,-1.14456266
hyfA,-1.14456266,-1.14456266,-1.14456266,-0.233394293,0.104113823,-0.005082435,0.639427359,0.10884003,-1.14456266,-1.14456266,-1.14456266,-1.14456266
hyfD,-1.14456266,0.04093922,-1.14456266,-0.233394293,-0.57230235,-0.328638789,-1.14456266,0.10884003,-1.14456266,0.261889892,-1.14456266,-1.14456266
hyfE,-1.14456266,0.04093922,-1.14456266,-0.233394293,-1.14456266,-0.151607991,-1.14456266,-1.14456266,-1.14456266,-1.14456266,-1.14456266,-1.14456266
hyfF,0.658708418,0.490617291,1.06506632,-0.233394293,1.074094981,0.874259721,0.154497435,1.402984775,-1.14456266,-1.14456266,0.400375956,0.804561649
hyfG,1.701594873,1.069845507,1.878486406,1.621147031,1.473989129,1.580428267,1.255666409,0.10884003,1.880704813,1.142112545,0.955758142,0.804561649
hyfI,-1.14456266,0.04093922,-1.14456266,-1.14456266,0.104113823,-1.14456266,-1.14456266,-1.14456266,-1.14456266,0.261889892,0.400375956,-1.14456266
hyfJ,-1.14456266,-1.14456266,-0.081165644,-1.14456266,0.215468341,0.121745392,-1.14456266,0.57980147,-1.14456266,-1.14456266,0.400375956,1.458599818
hyfR,1.279535868,1.069845507,0.864408982,1.789321157,1.266618037,1.101997975,0.983904798,1.593346297,-1.14456266,1.863384156,1.641516703,1.458599818
hyi,-1.14456266,-1.14456266,-1.14456266,-1.14456266,-1.14456266,-0.328638789,-1.14456266,0.57980147,-1.14456266,-1.14456266,-1.14456266,-1.14456266
hypA,1.279535868,1.069845507,0.626040423,0.938810998,0.648269063,0.121745392,0.154497435,0.57980147,0.950201861,1.142112545,0.955758142,0.804561649
hypB,3.090005404,2.741607747,1.656951679,1.528716401,1.843055586,1.101997975,0.983904798,1.760580758,2.433038119,1.142112545,1.341744444,1.898039616
hypC,-1.14456266,-1.14456266,0.328725926,-1.14456266,0.104113823,-0.005082435,0.154497435,-1.14456266,-1.14456266,-1.14456266,0.400375956,-1.14456266
hypD,1.50675362,1.469254964,2.315226014,0.124258233,1.872213685,0.993108595,0.154497435,0.915725688,0.396002577,0.778581957,0.955758142,2.231895253
hypE,1.50675362,1.777799163,2.706879979,2.256535936,2.085930983,1.752629909,0.983904798,2.167844039,1.634841947,1.42689579,2.096977156,1.458599818
hypF,1.701594873,1.069845507,1.239066079,1.707779131,1.548844669,1.580428267,1.996751073,0.915725688,0.950201861,0.261889892,1.341744444,1.458599818
iadA,5.742485677,6.026346659,7.614912077,7.628279366,6.402900302,6.025925476,6.061592191,5.918989807,5.028263183,5.662740911,5.92537976,4.327436117
iap,1.701594873,1.909674822,2.069687809,2.417504478,3.264281934,3.130238383,1.255666409,1.909857469,1.880704813,0.778581957,1.341744444,0.804561649
ibpA,3.738270261,3.569197809,3.859553062,3.762548024,2.181743192,2.547683181,3.86964614,3.841735214,0.396002577,3.280832743,3.478994982,2.231895253
ibpB,-1.14456266,0.04093922,0.328725926,-0.233394293,0.718619532,0.874259721,0.154497435,0.57980147,0.950201861,0.778581957,-1.14456266,-1.14456266
icdA,11.60200015,11.57783242,11.28547443,11.61060523,11.49822856,11.00885502,12.90139477,12.64327794,11.31075297,11.32583312,12.28507229,11.10399891
iciA,5.641581674,5.99746018,6.167035509,5.776121791,6.281106035,6.135177271,6.302871124,7.185391515,5.321971949,5.608765607,5.92537976,5.259434137
iclR,4.644144788,4.091098885,4.474637679,4.2035894,3.996587238,4.57597875,3.125194645,3.317609911,3.965832754,4.101715412,3.865501508,4.327436117
idi,2.946518091,3.109874429,3.145844317,2.562090015,3.186242616,2.890327556,2.577489015,2.385922444,2.271761073,3.056677113,3.051855849,2.501831767
idnD,1.005901477,0.490617291,0.328725926,0.124258233,-0.57230235,-1.14456266,1.675275111,1.181552541,3.912490909,1.142112545,-1.14456266,0.804561649
idnK,0.169307087,0.04093922,-0.081165644,0.124258233,-0.340399338,-0.328638789,0.154497435,-1.14456266,1.335513986,0.261889892,0.400375956,-1.14456266
idnO,1.279535868,0.04093922,0.328725926,1.07954682,0.718619532,0.596683146,0.983904798,1.909857469,3.799486457,1.662278962,2.096977156,-1.14456266
idnR,2.402133773,1.469254964,1.531325051,1.206669469,2.181743192,2.688066835,0.983904798,1.760580758,0.396002577,1.662278962,-1.14456266,0.804561649
idnT,2.869000612,2.514481243,2.706879979,2.924453426,3.408688896,3.579714563,3.418265311,3.841735214,3.394918736,2.690038402,2.096977156,2.231895253
ihfA,7.748647818,7.571255989,7.985025578,8.218291436,7.705397448,7.605811652,8.270446468,8.097225097,7.562585687,8.019370557,8.092210563,7.778596186
ihfB,7.189392105,6.38528417,6.217751076,6.084419341,6.534414015,6.222451588,6.413215359,6.297889319,6.560814243,5.883374115,6.525706798,6.313761891
ileS,8.597844841,8.818570025,8.766948872,8.790900682,9.021173804,8.572935433,7.378620457,7.762548549,8.153886956,7.886756607,8.104218484,7.243005639
ilvA,8.500364822,8.70925496,8.692702495,8.193689245,7.905653234,7.788023771,6.684750219,7.979589817,8.69158716,8.239566301,8.058663951,7.270151907
ilvB,6.730322613,5.851748877,6.67876678,5.907446474,5.078071049,4.282892008,7.661744836,7.639097947,6.864283428,6.479909768,8.283881609,7.037173238
ilvC,10.12609944,9.628076695,10.13618784,9.565912286,11.97956492,8.424560272,5.782009402,6.741830999,7.86220577,6.753010736,6.138896649,7.261159788
ilvD,9.227855326,9.294292344,9.429662397,9.191921397,8.599549604,8.604117031,7.539335409,8.527743051,8.902751091,8.655190343,8.142568015,7.439139733
ilvE,8.646392875,8.459474752,8.531659283,8.274115736,8.19444785,7.693334358,7.312525983,7.683134649,8.384215337,7.878227354,7.874625134,7.680833421
ilvG,7.343679164,6.626046311,6.725079067,6.270197766,6.749817046,6.699605844,6.111548754,6.822801166,6.878250269,6.588469157,6.900959997,6.025944594
ilvH,5.826611456,6.188479393,8.549587195,8.809011232,5.610334246,5.378839916,5.928563589,5.452391547,5.861382801,5.939113365,6.229393975,4.691164879
ilvI,6.562607989,6.667895051,6.048757831,6.465531746,6.311550086,6.628810361,5.283290913,5.314243721,5.649692845,4.893828896,5.841781919,4.691164879
ilvL,8.134245,8.052269104,8.634164131,8.004432966,7.653640905,7.988698804,8.788330522,9.164113841,8.65757366,8.966782818,8.561541556,8.439373387
ilvM,5.455936657,5.237326669,5.133008133,4.915475797,4.638541095,4.373622762,5.029750154,5.55634019,5.875378243,5.58100117,4.933060362,5.492455779
ilvN,4.85918554,4.723247491,5.057043491,4.394884337,3.916111323,3.178510131,7.01293773,6.832035059,6.176021246,5.688989598,6.661928014,5.93839744
ilvY,3.396246232,4.221796997,2.967104776,3.298080719,3.327955503,3.561648355,3.569134251,3.369365381,3.470749835,3.056677113,2.837620345,3.389035879
imp,7.436956879,8.061020205,7.586248727,7.994971547,7.94628892,8.394619013,7.047567679,7.644349048,7.436107924,6.939470829,6.887126429,6.331052743
inaA,3.738270261,4.00658169,3.608739568,4.469685116,4.818950377,4.737408822,2.838199673,2.574940804,3.470749835,3.056677113,3.238206047,3.631962725
infA,4.418685018,5.606003759,5.651338188,5.829148302,5.935053053,6.93678116,4.764189033,4.252921561,4.41250523,4.021305152,3.685185387,3.515622458
infB,9.982787546,10.51422309,10.33333614,10.97894069,10.05476334,10.9586323,9.425529761,9.895956645,9.568216281,9.903784927,9.34006968,8.594187023
infC,9.288439917,9.811950001,9.929611088,10.28547049,9.607901375,9.703591406,9.374442383,8.775187521,9.452792497,9.781811566,9.190403823,8.82527799
insA-15,0.658708418,0.04093922,-0.081165644,-0.233394293,-0.165749464,0.596683146,-1.14456266,0.57980147,0.950201861,0.778581957,-1.14456266,0.804561649
insA-22,-1.14456266,-1.14456266,-1.14456266,-0.233394293,0.408571111,-0.151607991,-1.14456266,0.10884003,0.396002577,0.261889892,-1.14456266,-1.14456266
insA-24,0.658708418,-1.14456266,1.06506632,-1.14456266,-0.021124796,0.121745392,0.639427359,0.57980147,-1.14456266,0.261889892,0.400375956,-1.14456266
insA-27,-1.14456266,0.04093922,0.328725926,-1.14456266,0.408571111,0.429826472,0.154497435,-1.14456266,0.396002577,0.261889892,0.400375956,-1.14456266
insA-3,0.169307087,1.469254964,0.864408982,0.59996766,0.3162332,0.429826472,0.154497435,1.181552541,0.396002577,0.778581957,-1.14456266,-1.14456266
insA-4,0.169307087,0.04093922,-1.14456266,-0.233394293,0.215468341,-0.328638789,0.154497435,0.915725688,0.950201861,-1.14456266,-1.14456266,-1.14456266
insA-5,-1.14456266,-1.14456266,-0.081165644,0.387042983,0.215468341,0.336426748,-1.14456266,-1.14456266,-1.14456266,-1.14456266,-1.14456266,0.804561649
insA-9,-1.14456266,0.490617291,-0.081165644,0.124258233,0.104113823,0.121745392,0.154497435,0.57980147,0.396002577,0.261889892,-1.14456266,-1.14456266
insB-1,1.50675362,1.469254964,2.816710004,2.734557267,1.654006666,2.095594769,0.983904798,1.760580758,0.950201861,1.662278962,2.27917705,2.231895253
insB-10,0.658708418,1.469254964,3.103203875,2.734557267,1.956213143,1.934570751,0.154497435,0.57980147,1.880704813,2.03916712,0.400375956,0.804561649
insB-11,0.169307087,1.777799163,3.413390689,2.888436333,1.751739463,1.580428267,1.255666409,1.760580758,1.634841947,1.863384156,1.341744444,1.458599818
insB-12,1.279535868,1.632120246,3.059257218,2.693353613,1.619835106,1.686294403,1.255666409,1.402984775,1.634841947,1.662278962,2.096977156,0.804561649
insB-13,1.005901477,2.244134095,3.546525499,2.993879944,1.68735496,1.905843576,1.845238606,0.915725688,2.271761073,1.863384156,2.27917705,0.804561649
insB-14,1.005901477,1.777799163,2.706879979,3.092095514,1.473989129,1.686294403,1.481501414,1.181552541,2.271761073,-1.14456266,1.641516703,1.898039616
insB-15,1.279535868,1.909674822,2.648628761,3.092095514,1.619835106,2.307178975,0.983904798,1.593346297,1.335513986,2.03916712,1.341744444,2.231895253
insB-16,0.169307087,1.069845507,2.388448808,1.621147031,1.221030684,1.752629909,0.639427359,1.402984775,1.880704813,1.863384156,2.27917705,0.804561649
insB-17,0.658708418,0.04093922,3.187254339,2.924453426,1.5119274,1.580428267,0.639427359,1.402984775,1.335513986,1.142112545,1.341744444,2.231895253
insB-18,0.658708418,1.469254964,2.58789945,2.312245118,1.68735496,1.876515111,1.481501414,1.593346297,2.271761073,1.662278962,1.887696574,1.898039616
insB-19,1.50675362,2.244134095,3.447847771,3.060098585,1.843055586,2.070004129,0.983904798,1.181552541,1.335513986,1.42689579,1.641516703,1.458599818
insB-2,1.005901477,1.909674822,2.706879979,2.074906101,2.134649391,1.752629909,1.481501414,0.57980147,1.880704813,1.42689579,-1.14456266,1.458599818
insB-20,1.005901477,0.490617291,2.816710004,2.36584946,1.434968744,1.686294403,1.845238606,1.593346297,1.880704813,1.142112545,1.641516703,1.898039616
insB-21,1.50675362,2.340080965,2.388448808,2.138078784,1.584796819,1.465745832,0.639427359,1.402984775,1.335513986,0.778581957,1.641516703,0.804561649
insB-22,1.005901477,2.141213121,2.706879979,2.417504478,1.221030684,1.876515111,0.154497435,1.181552541,1.335513986,0.778581957,2.096977156,1.458599818
insB-23,1.279535868,2.340080965,2.58789945,2.198546665,1.310709818,1.425280607,0.983904798,1.593346297,1.634841947,1.662278962,0.955758142,-1.14456266
insB-24,1.279535868,1.069845507,2.524469212,2.138078784,1.310709818,1.990318907,0.154497435,1.181552541,-1.14456266,1.42689579,1.641516703,0.804561649
insB-26,1.005901477,1.069845507,2.816710004,2.36584946,1.5119274,1.752629909,0.639427359,1.402984775,1.880704813,1.142112545,0.400375956,0.804561649
insB-27,1.279535868,0.813307996,2.706879979,2.417504478,1.221030684,1.465745832,0.983904798,1.402984775,0.950201861,1.142112545,1.887696574,-1.14456266
insB-28,1.50675362,1.909674822,2.238018242,2.734557267,1.751739463,1.815946525,0.983904798,0.10884003,-1.14456266,-1.14456266,2.096977156,2.728660382
insB-3,1.50675362,2.141213121,3.30476737,3.123394332,1.900776578,2.017385007,1.675275111,1.760580758,1.880704813,1.662278962,2.440603361,1.458599818
insB-4,0.169307087,1.069845507,2.868616656,2.650926218,1.434968744,1.543254621,0.639427359,0.915725688,2.089747114,1.662278962,1.887696574,-1.14456266
insB-5,1.701594873,1.284323171,3.103203875,2.607199367,1.782847418,1.296115878,1.255666409,1.909857469,1.880704813,1.863384156,1.641516703,-1.14456266
insB-6,0.658708418,1.069845507,3.059257218,3.325235785,1.473989129,1.990318907,1.996751073,1.593346297,1.634841947,1.662278962,1.641516703,0.804561649
insB-7,0.169307087,1.469254964,3.013921285,2.734557267,1.353406739,1.651898241,1.255666409,0.57980147,0.396002577,1.142112545,1.341744444,1.458599818
insB-8,1.50675362,1.777799163,3.103203875,2.81356451,1.68735496,1.84655887,0.639427359,0.10884003,0.396002577,1.662278962,1.887696574,1.458599818
insB-9,0.169307087,2.340080965,2.762849217,2.993879944,1.719920157,1.340552926,0.639427359,1.181552541,2.271761073,2.03916712,0.400375956,-1.14456266
insD,-1.14456266,0.490617291,0.626040423,1.621147031,0.718619532,1.202582163,-1.14456266,0.10884003,0.396002577,1.142112545,1.341744444,-1.14456266
insE-1,1.005901477,1.469254964,0.864408982,1.07954682,1.266618037,0.993108595,1.996751073,1.909857469,0.950201861,1.863384156,2.096977156,1.898039616
insE-3,0.658708418,1.284323171,0.626040423,0.387042983,0.718619532,0.672123583,1.845238606,0.10884003,-1.14456266,1.142112545,0.955758142,0.804561649
insE-4,1.50675362,-1.14456266,-0.081165644,0.59996766,0.493994953,0.993108595,1.255666409,0.10884003,0.396002577,1.142112545,1.341744444,0.804561649
insE-5,0.169307087,1.069845507,0.626040423,0.124258233,0.785190935,0.596683146,1.255666409,0.915725688,-1.14456266,1.662278962,1.887696574,-1.14456266
insF-1,1.279535868,0.490617291,1.393037856,1.07954682,1.353406739,1.202582163,0.983904798,1.181552541,1.335513986,0.261889892,-1.14456266,-1.14456266
insF-2,0.658708418,1.069845507,0.626040423,1.07954682,1.074094981,0.516202858,0.639427359,0.915725688,-1.14456266,1.42689579,-1.14456266,0.804561649
insF-3,1.005901477,1.632120246,0.328725926,0.124258233,1.173835043,0.516202858,0.639427359,0.57980147,-1.14456266,2.336112447,0.400375956,-1.14456266
insF-4,1.50675362,0.490617291,-0.081165644,0.938810998,1.074094981,0.743193164,0.639427359,0.10884003,0.950201861,0.261889892,0.955758142,-1.14456266
insF-5,-1.14456266,0.04093922,0.328725926,0.59996766,0.848411752,0.743193164,1.255666409,1.181552541,0.950201861,0.261889892,-1.14456266,-1.14456266
insG,2.508531198,2.594274625,3.447847771,3.742562398,2.793297826,3.496567487,2.838199673,2.891221262,3.043839098,3.135350084,3.148053403,2.501831767
insI,0.169307087,2.030199546,1.772119263,1.939368689,1.843055586,2.169695258,0.639427359,0.57980147,0.396002577,1.863384156,-1.14456266,0.804561649
insJ-1,0.169307087,1.069845507,2.069687809,2.312245118,0.3162332,0.516202858,0.983904798,0.10884003,0.396002577,1.662278962,0.955758142,-1.14456266
insJ-2,1.005901477,0.490617291,1.772119263,0.938810998,0.493994953,1.153242155,1.255666409,0.915725688,-1.14456266,-1.14456266,0.400375956,0.804561649
insJ-3,-1.14456266,1.284323171,1.878486406,2.312245118,1.473989129,1.686294403,0.639427359,0.915725688,-1.14456266,1.42689579,0.400375956,0.804561649
insJ-4,0.658708418,0.490617291,2.156357825,2.417504478,0.408571111,1.048683592,0.154497435,0.57980147,0.396002577,0.261889892,1.341744444,-1.14456266
insJ-5,-1.14456266,-1.14456266,1.977337143,2.256535936,0.573613538,0.874259721,0.639427359,0.57980147,-1.14456266,0.778581957,-1.14456266,0.804561649
insK-2,0.169307087,1.909674822,1.772119263,1.206669469,1.619835106,2.070004129,2.372776568,2.044750511,1.335513986,2.195417295,2.096977156,0.804561649
insK-3,1.50675362,2.429952245,1.239066079,2.198546665,2.060925945,2.307178975,2.478808946,2.28107207,1.880704813,2.336112447,2.440603361,2.501831767
insK-4,1.701594873,1.069845507,1.656951679,1.621147031,1.719920157,1.719858046,1.845238606,2.385922444,0.950201861,0.261889892,2.27917705,2.728660382
insK-5,1.279535868,1.469254964,2.238018242,1.789321157,1.434968744,1.962721439,0.639427359,1.402984775,1.880704813,1.142112545,0.955758142,2.501831767
insL-1,3.502538225,3.821034916,5.254591104,4.976586717,3.943439326,3.615180267,4.051405413,4.077573058,3.230082065,3.056677113,2.585564792,3.250214154
insL-2,3.601511777,4.409006535,5.67330998,5.626195006,4.70787096,4.320945934,4.514690377,4.79658715,3.230082065,3.936139379,3.051855849,2.728660382
insL-3,2.946518091,3.446128737,4.733624557,4.870183127,3.943439326,3.45801186,3.748448948,3.369365381,2.709352471,2.973436686,2.837620345,2.728660382
insL-4,2.869000612,3.569197809,5.111709151,4.735228175,4.06037777,3.606395467,3.748448948,3.317609911,3.043839098,2.790871234,2.837620345,3.389035879
insL-5,2.946518091,3.357811199,5.000223791,4.745298086,4.03519952,3.303453074,3.981429471,3.727500311,3.470749835,3.056677113,2.27917705,2.501831767
insN,-1.14456266,-1.14456266,-0.081165644,-0.233394293,1.124904303,1.580428267,0.154497435,-1.14456266,0.950201861,0.778581957,0.400375956,1.898039616
intB,4.049878631,3.569197809,4.137769358,4.432769881,4.202851886,4.271832312,5.750823195,4.077573058,3.912490909,3.845618938,3.974275373,4.18247159
intD,2.024617477,3.78764548,3.833747712,4.302408495,3.618344088,4.548752532,3.789992042,2.660811997,2.829743201,3.412926304,2.27917705,3.096523317
intR,0.169307087,1.469254964,0.626040423,2.074906101,1.473989129,2.875744589,0.639427359,0.915725688,0.950201861,0.778581957,0.400375956,-1.14456266
ipk,4.418685018,4.889726544,4.691171905,4.683795876,4.822632178,4.729348391,2.838199673,3.369365381,4.78302168,4.101715412,4.214925963,2.92436909
iscA,5.180234943,6.068619941,6.509973785,6.184002778,6.486490296,6.262092259,6.780505291,6.485129644,5.495119924,5.538326013,6.324847044,5.066434401
iscR,3.22043646,5.134933992,5.764833674,5.63163286,5.056346889,5.688319863,6.816091887,6.317745517,5.280499269,6.574457958,5.467161735,5.610451078
iscS,6.386721794,7.523933446,8.150794759,8.001286049,7.71086971,7.788508604,8.454291115,8.179103673,7.114878,7.189750752,7.683773239,6.582761025
iscU,5.429275615,6.528459683,6.721568892,6.43786512,6.691627708,6.747273225,7.871990278,7.279517866,6.560814243,6.629704319,7.00709776,5.693015926
ispA,4.712089729,5.187038812,7.517066154,8.367505221,5.153090459,5.456564629,5.890915105,5.131840795,5.028263183,5.917075436,4.421078721,4.256775916
ispB,5.063720883,5.389615336,5.143540818,5.344297439,5.881353995,5.704853538,4.118139092,5.11680583,5.237798669,4.64835278,5.03696381,4.520742021
ispC,3.502538225,4.705491563,4.073089259,4.619552847,4.427454876,5.03421082,2.988868548,3.64597429,3.739474064,3.979351652,3.238206047,2.231895253
ispD,2.869000612,4.430786254,3.341894942,3.982953598,4.789152562,5.65041129,3.364239935,2.660811997,2.577877013,1.42689579,2.27917705,1.458599818
ispF,4.014420386,4.318439392,4.11653034,4.432769881,4.022443418,4.197798139,2.669780771,3.317609911,3.043839098,3.209933256,2.585564792,2.92436909
ispG,6.663271238,7.5163175,7.977687432,8.223702079,7.391486051,7.392755781,5.94702566,6.50835478,6.708837597,7.138293848,6.552247387,6.313761891
ispH,6.225636365,6.58294724,6.400081786,6.590852833,6.080502038,6.435564558,5.146192008,5.101612473,4.59278618,5.303669048,5.246531873,4.636565409
ispZ,1.279535868,2.141213121,2.156357825,1.707779131,2.293045961,2.307178975,1.996751073,1.181552541,0.950201861,1.42689579,1.887696574,2.231895253
ivbL,6.719361574,6.811722281,7.134403137,5.942871973,5.027926181,5.274704242,7.01293773,7.185391515,6.898950223,7.300291948,6.534608025,6.733407965
katE,3.156702039,1.632120246,1.531325051,1.528716401,2.547210833,1.340552926,3.86964614,2.660811997,2.089747114,2.885061637,4.214925963,2.728660382
katG,7.977476653,7.005512748,7.338385105,7.131568304,6.974900122,6.218139041,6.840983945,6.808838553,6.939479849,7.623121844,7.888578364,7.215338757
kbaY,0.169307087,0.490617291,-1.14456266,-1.14456266,-1.14456266,-0.328638789,-1.14456266,-1.14456266,0.396002577,-1.14456266,-1.14456266,-1.14456266
kbl,7.690904444,6.518327893,7.345244108,7.137313545,7.060001557,5.932496967,7.533239088,7.013430133,6.008335931,7.226053798,8.235571151,7.39871204
kch,7.589212238,7.929575536,11.75426951,12.25862118,6.10941891,5.299411508,11.72620058,12.36697885,9.6272997,11.02466024,10.20957665,10.34908676
kdgK,3.86315489,2.244134095,2.918707025,2.198546665,3.115799972,2.120729452,1.845238606,2.891221262,2.089747114,2.03916712,3.551059262,3.739595723
kdgR,4.215152564,4.494217894,4.571445375,4.694230158,4.115469666,3.716615922,3.705671164,3.841735214,3.470749835,3.280832743,3.051855849,3.515622458
kdgT,1.872409522,0.813307996,1.239066079,1.322734996,0.573613538,0.874259721,0.639427359,0.57980147,-1.14456266,0.261889892,0.400375956,1.458599818
kdpA,2.161956914,0.04093922,-0.081165644,0.59996766,0.848411752,0.429826472,6.159833059,4.196810065,0.396002577,0.778581957,3.051855849,5.185303861
kdpB,2.024617477,1.469254964,0.626040423,1.939368689,1.619835106,0.336426748,6.018598109,2.741810914,0.396002577,0.261889892,2.096977156,3.515622458
kdpD,3.694112533,3.214239589,3.668374493,2.650926218,3.456937476,3.142459379,6.119709205,3.60341114,2.940786701,2.581544051,3.323031869,4.327436117
kdpE,0.658708418,0.490617291,0.626040423,0.938810998,0.966163097,0.810426666,-1.14456266,0.10884003,0.950201861,1.863384156,0.400375956,-1.14456266
kdsA,5.676006601,5.751508666,4.904382146,5.427937421,6.599154844,5.566952698,4.610486392,4.990526226,5.583029683,5.38620321,4.761658349,4.691164879
kdsB,5.114812233,5.634427502,5.205170965,5.626195006,5.522528777,5.277470487,5.113871063,4.870163406,5.101543425,5.234063128,4.905871111,4.394793315
kduD,2.508531198,1.909674822,1.977337143,1.789321157,1.782847418,2.095594769,2.478808946,2.28107207,2.709352471,2.03916712,2.440603361,0.804561649
kduI,1.279535868,0.04093922,-0.081165644,0.387042983,0.785190935,0.336426748,1.996751073,0.10884003,1.335513986,-1.14456266,1.641516703,-1.14456266
kefA,5.080953227,5.486353063,5.552058768,5.642447453,6.061935505,5.845701357,3.90787948,4.699000984,5.053105965,4.700905348,4.123430944,4.394793315
kefB,5.360383837,6.011975723,5.59105596,6.015381089,5.243750483,5.80026318,5.460814569,5.578456755,5.125165448,5.688989598,5.224694762,5.429629227
kefC,2.024617477,2.997317952,3.103203875,3.184015617,2.936588225,2.471943915,2.258187993,2.574940804,2.271761073,2.464111871,3.403127684,2.728660382
kgtP,6.202207582,5.273924334,5.27389456,5.553571575,4.378257991,6.022632,7.146732906,7.065247972,6.070484925,6.180235641,7.198478159,7.158360488
kptA,1.279535868,1.469254964,1.656951679,0.780805482,1.751739463,2.017385007,1.845238606,1.909857469,0.950201861,1.662278962,1.887696574,2.231895253
ksgA,3.940772686,4.857932964,4.676738632,5.506992,5.034290474,5.334368773,3.661582857,3.60341114,4.59278618,4.285058031,3.685185387,3.515622458
lacI,3.339999835,3.263708482,2.706879979,2.888436333,2.990117586,3.818992708,3.789992042,3.208145339,3.139979739,2.790871234,3.238206047,3.515622458
lacY,-1.14456266,-1.14456266,-0.081165644,-1.14456266,-1.14456266,0.516202858,-1.14456266,0.10884003,-1.14456266,-1.14456266,-1.14456266,0.804561649
lacZ,0.658708418,0.490617291,1.06506632,0.124258233,1.021243697,0.516202858,1.481501414,0.57980147,2.433038119,1.42689579,1.887696574,-1.14456266
lamB,9.465326602,9.231335516,8.549587195,8.725661125,8.680632473,8.152838275,12.17937975,11.41754741,11.77835995,11.89044568,12.53755789,11.23778621
lasT,2.869000612,2.141213121,1.656951679,2.467348851,2.617090305,2.919055408,1.845238606,2.81846539,1.880704813,1.42689579,0.955758142,1.898039616
ldcA,2.869000612,2.741607747,0.864408982,2.36584946,2.699886861,2.831082646,1.996751073,2.741810914,2.271761073,2.03916712,2.440603361,2.231895253
ldcC,3.020056016,2.66984026,2.524469212,3.453809343,2.936588225,3.166593538,3.470333633,3.089641103,2.577877013,3.348396791,4.025729113,2.231895253
ldhA,5.836790421,4.775239862,4.38868146,4.14392163,6.025667542,4.368440876,5.70816423,5.52251621,4.523355236,4.751609612,5.246531873,4.18247159
ldrA,0.658708418,1.777799163,0.626040423,0.780805482,0.648269063,0.336426748,2.133511042,1.593346297,1.634841947,2.336112447,1.887696574,3.839737144
ldrB,0.658708418,0.813307996,0.328725926,0.387042983,-0.021124796,0.336426748,0.154497435,1.593346297,1.634841947,1.142112545,1.641516703,1.458599818
ldrC,0.169307087,0.490617291,0.626040423,0.780805482,0.493994953,0.516202858,-1.14456266,1.402984775,1.335513986,0.778581957,0.955758142,3.096523317
ldrD,3.978067213,3.853667527,3.608739568,3.47819954,2.936588225,2.412372376,4.633472821,4.79658715,5.804002326,5.740096078,5.783231111,6.242448363
ldrE,3.552876099,2.809943836,2.458083344,3.027371501,2.778146992,2.601958204,4.563383936,4.550232955,5.028263183,4.824471917,5.467161735,5.259434137
lepA,6.525333481,6.927266538,7.196407655,7.875167136,6.889735507,7.38572336,5.992172829,6.128359089,6.898950223,6.509666989,6.150524188,5.666016025
lepB,6.186374297,7.009134964,6.852506405,7.236997588,6.901965524,7.213725463,5.618864195,6.019408504,6.586563728,6.142744641,5.289238564,5.185303861
leuA,6.668979431,6.136433883,6.481201244,6.209679364,5.998262288,6.032489955,6.452511412,5.994951542,6.326228843,5.67592496,6.489542291,4.981370547
leuB,7.69650447,7.464490398,7.859695954,7.593873441,7.160861726,6.647104957,6.465375776,6.650835919,7.5231285,6.734228408,6.578308506,5.693015926
leuC,8.136306736,7.534025901,7.729441345,7.340234193,7.258529909,6.775918138,6.770174347,6.929888542,7.910577287,7.065029725,7.147168118,6.462389696
leuD,8.279371974,7.976585535,8.501275283,7.875167136,7.67007902,7.314793801,7.38201663,7.803023913,7.886594249,7.574674612,7.892045687,7.196594933
leuL,6.640209887,6.068619941,7.624341356,6.711296964,6.055693175,6.699605844,7.524046032,8.121903862,7.531990496,6.998377999,7.622474099,5.638501087
leuO,1.005901477,0.813307996,0.626040423,1.429612449,1.173835043,0.743193164,1.675275111,2.167844039,0.396002577,1.662278962,0.400375956,-1.14456266
leuS,7.845081031,8.171819337,8.086754181,8.539343997,8.380440026,7.921326505,7.496110067,7.463071865,7.233712765,6.588469157,7.019832321,6.462389696
lexA,6.480593228,6.961321569,6.820048822,7.032284036,6.769974875,6.831556131,7.713882737,7.272752291,6.754985725,7.673285381,7.069675375,7.331574666
lgt,4.014420386,4.27092816,3.447847771,3.722295367,4.368213852,4.487936883,2.838199673,3.026504243,3.314863079,3.135350084,2.440603361,2.231895253
lhr,4.523263489,4.063473801,4.733624557,4.274859093,5.12056163,4.132038688,4.438419863,4.077573058,3.857096996,3.845618938,3.974275373,3.096523317
ligA,5.2428183,5.454822583,5.583340411,5.721071379,5.578030307,5.562423475,4.464294359,4.738831449,4.48734413,4.285058031,4.699676686,3.739595723
ligB,2.508531198,2.340080965,2.918707025,2.515506793,1.584796819,2.193556411,4.563383936,4.167913085,3.043839098,2.464111871,3.619684692,4.021274137
ligT,1.50675362,2.244134095,1.239066079,1.429612449,1.221030684,1.651898241,0.983904798,1.402984775,2.433038119,0.778581957,0.400375956,1.458599818
lipA,6.900100562,6.31678494,6.237548386,5.866524401,7.225544866,5.932496967,6.018598109,6.413122808,5.665888136,5.982204203,6.823179408,6.242448363
lipB,2.700105232,2.030199546,2.315226014,2.607199367,3.466395889,3.190328614,1.996751073,1.760580758,0.396002577,2.464111871,1.887696574,-1.14456266
livF,4.776976412,5.777229285,5.979906869,5.52463608,4.115469666,4.811815985,4.242993251,5.416007875,5.616746336,4.981402413,5.0618107,4.520742021
livG,4.151299554,4.951285027,5.011768237,4.976586717,4.252845728,4.624596057,3.661582857,4.658038861,5.028263183,4.319084827,4.214925963,4.021274137
livH,4.391310335,4.792162222,3.909816478,4.652032155,3.285821567,4.593848038,3.470333633,3.913148221,4.691039172,3.348396791,3.148053403,1.898039616
livJ,7.136813524,8.479196631,7.762270099,8.171462766,5.438657178,7.4354841,8.995411866,8.825752243,8.559135827,7.89523573,8.971898364,7.618829097
livK,5.846898061,6.654079919,6.043144113,6.341612216,5.471855846,6.299312469,6.221796616,6.388299054,6.595045759,5.566915939,6.138896649,5.024529565
livM,4.548264225,6.09612923,6.151466521,6.135070191,4.552464448,5.116852117,5.239023665,5.340365757,6.106528416,4.824471917,4.985947661,4.459142826
lldD,4.936959574,5.249629364,3.546525499,4.260884348,2.731706882,4.082255178,5.498854764,4.594327311,3.965832754,4.593811949,6.18485484,4.936879918
lldP,6.865718979,5.99746018,6.261918976,6.301237832,2.547210833,3.716615922,5.871715865,5.511062968,5.028263183,5.197958528,6.507737866,6.625431076
lldR,4.049878631,4.221796997,3.934305241,3.616444367,1.124904303,2.846125329,4.805254016,4.738831449,4.01726939,3.698181102,6.18485484,5.397159016
lnt,2.787044417,3.645757877,3.638865955,3.982953598,3.793808405,4.315570791,2.258187993,2.81846539,2.271761073,2.690038402,2.440603361,2.501831767
lolA,5.429275615,5.148137736,5.254591104,5.255507037,5.302929802,4.804162028,5.618864195,5.684222053,5.280499269,5.622449959,4.667657167,4.579816561
lolB,3.020056016,3.947349768,3.481498342,4.174064352,4.719766935,4.174231391,1.675275111,3.150115972,3.139979739,3.412926304,2.837620345,1.898039616
lolD,4.014420386,5.108158227,4.632551095,5.059626753,4.596145083,4.963822372,2.577489015,4.167913085,4.01726939,3.280832743,3.551059262,1.898039616
lon,3.738270261,3.607987039,3.514379414,3.616444367,3.716692358,3.367284569,3.364239935,3.559550295,3.230082065,2.885061637,3.747834198,2.92436909
lpdA,10.14874454,10.14350952,9.632054835,9.758386602,9.909704486,9.50210864,9.514090674,9.862552836,9.607523547,9.509133497,10.31601608,9.397019937
lplA,4.776976412,4.594103225,4.523854001,4.159071813,4.642712925,4.209438531,4.016842324,4.333193505,4.333566771,4.101715412,4.731000545,3.389035879
lpp,12.65065863,12.22457481,12.21408607,12.06310106,12.581009,11.54579797,12.22311458,12.45094297,12.98442182,13.3299544,13.55696512,13.61966985
lpxA,5.915735341,6.136433883,6.01474308,6.489686629,6.727411366,6.125998809,5.607302714,6.043457728,5.728910005,5.950007348,5.870189581,4.890972848
lpxB,4.597001437,4.966272643,5.143540818,5.153347858,5.44105402,5.307554096,4.784867708,4.957149614,5.301384668,4.67486849,4.16990457,4.981370547
lpxC,9.998173398,9.688623097,9.487641153,9.524132285,9.843195504,9.648570891,9.779791717,10.21728056,9.819609349,10.24740796,10.49369388,10.08434185
lpxD,8.111369284,8.464760337,8.49820139,8.692876236,8.447532521,8.551957266,8.010086022,8.220123233,8.492598948,8.930117472,8.530731652,8.192149641
lpxK,3.822718504,4.808888284,5.235025783,5.52463608,5.167637184,5.085624895,4.21277922,4.046155423,4.250052949,3.936139379,3.747834198,3.250214154
lrhA,8.226161384,8.285207199,8.463949105,8.168660224,7.403210265,7.001780969,8.532777192,8.611902243,7.78646453,7.855233036,8.216338014,7.870152458
lrp,9.470238606,9.280121096,9.572411463,9.343333323,9.506283869,8.417054626,10.28189337,10.09268986,9.262245107,9.499896931,10.50222691,9.063729711
lspA,6.386721794,6.3109271,7.118476481,7.098572558,6.165569731,5.135268969,5.881347426,6.343802331,6.578031531,6.950361684,6.461811247,5.982835062
ltaE,5.063720883,4.318439392,3.833747712,4.1131348,4.484356959,4.010866402,4.514690377,4.384327196,4.691039172,4.621340262,5.330716994,4.520742021
lysA,3.86315489,3.821034916,3.266654798,4.159071813,4.488998946,3.524820634,2.133511042,2.385922444,2.433038119,1.662278962,0.955758142,2.728660382
lysC,6.586933137,7.153596751,6.881106688,6.610261779,7.183223872,7.057555797,4.563383936,5.232913077,5.847250244,5.46426915,5.371035859,5.146759137
lysP,4.955764907,6.3109271,5.606364341,6.115798982,6.143665299,6.347491135,2.915514321,4.077573058,4.333566771,3.891590314,3.238206047,4.18247159
lysR,1.005901477,2.244134095,1.239066079,2.008769244,2.227319223,1.686294403,2.372776568,1.181552541,2.433038119,2.195417295,0.955758142,1.458599818
lysS,7.357884443,7.642952198,7.543151379,8.005480414,8.108482982,7.693334358,5.782009402,6.043457728,7.338456736,5.971551565,6.240317164,5.693015926
lysU,4.620765799,4.650872841,4.87939229,4.78488886,5.921385449,4.811815985,3.748448948,3.089641103,3.314863079,3.698181102,2.717142687,4.10412621
lyxK,-1.14456266,1.069845507,1.06506632,1.707779131,1.434968744,0.336426748,1.675275111,2.81846539,3.857096996,1.863384156,0.955758142,2.728660382
maa,1.701594873,1.632120246,2.069687809,2.734557267,2.650787194,3.524820634,1.255666409,0.10884003,0.950201861,0.261889892,-1.14456266,-1.14456266
macA,3.978067213,4.632196912,4.028297391,4.218128117,4.642712925,4.502200706,4.587127522,4.384327196,3.676850297,4.352326751,3.865501508,4.256775916
macB,3.738270261,4.091098885,4.158699829,4.14392163,4.285236677,4.226724686,3.470333633,3.419321637,3.043839098,3.936139379,3.238206047,2.92436909
maeB,7.232432256,6.492682661,5.938171966,5.920833192,5.571481788,5.525668414,6.889515478,7.076946171,6.777517761,7.198912515,7.719340249,7.129004626
malE,10.49726036,10.00025969,10.08554432,10.24856782,9.000605397,8.45816545,12.97773305,12.33871238,11.61124251,12.30491116,12.8346275,10.5672382
malF,6.840649157,6.450677769,5.583340411,5.871129049,5.538285681,5.698675597,8.949225623,8.553091543,8.472024409,8.166726798,9.07769144,7.305570173
malG,5.653148175,5.577008641,4.316023771,4.804283926,4.897854763,4.889821164,8.063940042,7.103878633,7.733666956,7.82596497,8.235571151,7.261159788
malI,3.020056016,4.294879557,4.617515752,4.23252161,2.808289868,3.303453074,3.981429471,2.574940804,2.271761073,3.533896365,0.955758142,2.231895253
malK,8.729317175,7.921909717,7.715392056,7.397211249,6.329771516,5.424478782,9.264658934,9.336221861,9.317107279,9.484057767,9.85809677,8.604888442
malM,6.845698095,6.658699678,5.205170965,5.902956485,6.258183639,6.12906479,8.909770534,8.444401966,9.157335349,9.468042773,9.112290636,8.470913958
malP,12.09996005,12.36599609,12.90154785,13.20973259,12.2763733,11.14238995,14.06254545,13.15940368,11.45925673,12.45989516,12.35442056,10.58985934
malQ,9.833852571,9.565492714,9.02650035,9.357758962,9.879651897,9.493659381,10.76870821,10.19910806,9.688028346,10.24630369,10.42115156,9.38672144
malS,6.480593228,5.851748877,5.818399383,5.866524401,6.856905188,5.580455655,8.061824041,7.571793774,7.048491384,7.070031467,8.043153747,6.108481238
malT,6.762714733,5.99746018,6.318781572,5.68491281,6.413922839,5.534945356,6.977456027,7.188989427,6.739766452,6.36251147,7.509632422,6.55359663
malX,3.781113532,2.141213121,2.238018242,2.074906101,2.83781076,2.831082646,2.669780771,2.81846539,2.271761073,2.464111871,2.717142687,1.898039616
malY,3.738270261,2.809943836,3.30476737,3.027371501,3.778712156,3.142459379,3.418265311,3.263920196,3.314863079,3.412926304,3.403127684,3.739595723
malZ,7.007624682,6.602261516,6.003224231,6.100194483,7.298067281,6.022632,7.554464448,7.10768541,6.799703285,6.689427962,7.416397346,6.331052743
manA,4.497821511,4.574672154,3.668374493,3.982953598,5.362307803,4.215223654,3.830369867,4.167913085,3.314863079,3.936139379,4.421078721,3.389035879
manB,1.50675362,2.030199546,1.531325051,1.621147031,1.956213143,1.990318907,0.983904798,2.167844039,0.396002577,0.778581957,0.955758142,0.804561649
manC,0.658708418,2.340080965,1.656951679,3.47819954,1.900776578,3.448209222,3.058650775,3.026504243,2.709352471,3.209933256,2.27917705,2.501831767
manX,7.558790302,6.919588328,7.208996518,6.53681591,7.485620753,5.982512381,6.393158502,6.201432379,6.274360293,6.961170937,6.948358838,6.047025682
manY,7.446958373,6.681579139,6.942703125,6.351531693,7.344252859,6.197841584,6.386410434,6.369396836,6.263758977,6.410623175,6.740965088,5.719519721
manZ,8.24347975,7.360574506,7.622460424,7.060779265,8.220490449,7.009287921,7.467622451,7.563502134,7.682847844,8.221698288,8.436522172,7.561383955
map,6.286314327,6.466573275,6.783481255,7.209991363,7.066225098,6.602581234,5.822569141,5.838804605,6.045945687,6.370642342,6.115356573,5.796228829
marA,1.701594873,0.813307996,1.531325051,1.322734996,2.035469178,1.784647728,-1.14456266,-1.14456266,2.271761073,0.778581957,0.400375956,-1.14456266
marB,-1.14456266,-1.14456266,-0.081165644,0.387042983,0.573613538,0.121745392,-1.14456266,-1.14456266,0.396002577,-1.14456266,0.400375956,-1.14456266
marC,1.872409522,2.594274625,3.266654798,3.999884323,2.650787194,3.067521505,3.30810401,2.483565826,3.139979739,3.474683089,1.641516703,2.231895253
marR,-1.14456266,1.284323171,1.239066079,1.322734996,1.5119274,2.070004129,0.154497435,0.10884003,0.950201861,1.142112545,1.641516703,-1.14456266
mazG,4.049878631,4.66930994,4.219726587,4.755298157,4.945907997,5.050475489,4.514690377,3.208145339,3.611376894,4.319084827,3.403127684,3.250214154
mcrB,0.169307087,1.777799163,3.103203875,2.77460641,2.454749665,2.412372376,2.133511042,1.760580758,2.829743201,2.464111871,1.641516703,2.728660382
mcrC,0.169307087,0.04093922,1.393037856,-0.233394293,1.266618037,1.202582163,1.675275111,1.181552541,1.335513986,1.142112545,-1.14456266,1.458599818
mdaB,3.396246232,3.214239589,3.958384548,4.081675695,3.418469026,2.947218415,2.577489015,2.044750511,3.043839098,2.790871234,2.440603361,2.728660382
mdh,8.260592685,7.546542986,7.024745407,6.885259007,7.153573554,7.019236809,8.550995125,8.398524756,8.492598948,8.287591994,9.487166697,8.806858094
mdlA,3.738270261,3.7534632,3.577968833,3.839826347,4.139294623,4.394165992,2.669780771,2.960458629,3.470749835,3.135350084,2.717142687,3.096523317
mdlB,3.822718504,3.7534632,3.481498342,3.428998246,3.996587238,3.57070982,2.577489015,3.208145339,2.433038119,3.798131235,3.619684692,3.515622458
mdoB,4.151299554,4.063473801,4.705462124,4.420251683,4.770211299,5.189149146,3.364239935,3.467600001,5.053105965,3.348396791,4.07540813,3.839737144
mdoD,5.2428183,4.920834237,4.539892996,4.906530356,4.723710549,5.15946455,3.981429471,4.108320124,4.659026421,3.698181102,3.807869657,3.933364168
mdoG,5.273120228,6.068619941,5.184918799,5.843278069,5.881353995,6.348806731,4.678374611,4.699000984,5.301384668,5.023272408,4.821085097,4.520742021
mdoH,6.11289192,7.023533563,6.918379226,7.425660285,6.808536951,7.045436558,5.130122075,5.944757397,6.73209618,6.588469157,6.091425986,5.960787357
melA,0.169307087,1.069845507,1.06506632,0.780805482,1.473989129,1.153242155,2.372776568,2.483565826,2.940786701,1.863384156,2.440603361,1.458599818
melB,0.169307087,0.813307996,1.06506632,0.938810998,1.654006666,1.505047819,1.675275111,1.593346297,0.396002577,0.778581957,3.323031869,1.458599818
melR,4.597001437,4.574672154,4.705462124,4.469685116,3.174739649,1.048683592,5.146192008,4.594327311,4.812423203,4.478120255,3.807869657,4.021274137
menA,2.161956914,2.741607747,2.648628761,2.198546665,2.15839243,2.784981838,1.675275111,2.044750511,0.396002577,2.03916712,1.341744444,1.458599818
menB,4.548264225,4.857932964,4.33453446,4.288699623,5.126530795,3.900272783,3.981429471,3.559550295,3.739474064,4.062071252,4.458993237,3.739595723
menC,4.597001437,4.409006535,4.38868146,4.174064352,5.138395516,4.299324022,2.915514321,3.317609911,3.739474064,3.590767972,3.920915173,3.250214154
menD,3.281461771,2.937542598,2.918707025,3.453809343,3.755766735,3.41839379,2.988868548,2.574940804,3.230082065,2.464111871,2.585564792,1.898039616
menE,3.22043646,3.529333577,4.297272236,3.876963743,4.197188415,3.408316295,2.133511042,3.317609911,3.230082065,1.662278962,2.440603361,2.728660382
menF,3.020056016,2.741607747,2.315226014,2.36584946,3.285821567,3.387946846,1.845238606,2.483565826,1.335513986,2.195417295,1.887696574,1.458599818
menG,8.628927482,8.303022202,8.935500067,9.014434214,8.300207751,7.757641378,9.189122979,8.836114932,7.588303423,8.7517338,8.696551872,8.243274542
mepA,3.156702039,4.873917376,4.733624557,5.010378652,4.966021965,4.994410474,2.669780771,3.317609911,3.912490909,3.590767972,2.717142687,3.250214154
metA,4.391310335,3.821034916,5.011768237,4.159071813,3.740264039,3.467748119,3.364239935,3.766594532,4.161399886,4.177873934,3.323031869,3.631962725
metB,3.552876099,3.446128737,3.481498342,3.123394332,3.601278769,3.80370859,1.675275111,2.960458629,2.271761073,2.690038402,3.051855849,2.92436909
metC,5.16415538,4.936140006,4.691171905,4.619552847,5.483529737,4.823221279,4.330010862,4.196810065,3.470749835,3.533896365,3.807869657,3.631962725
metE,11.25639338,10.95595235,11.75244318,10.75062255,10.83618269,10.13955063,7.250707499,8.516332493,9.155902818,8.283291488,7.992369916,8.274889904
metF,2.869000612,2.937542598,3.725636131,2.562090015,3.922992093,3.398167653,1.845238606,2.741810914,2.829743201,2.03916712,1.341744444,2.231895253
metG,6.480593228,6.263187842,5.702094593,5.866524401,6.769021339,6.554360579,5.297749802,5.11680583,5.875378243,5.14204823,5.783231111,4.459142826
metH,8.806438858,9.239838813,9.16151146,9.180373666,9.069605898,9.084169821,8.489352116,8.924017268,8.794599551,9.194539491,9.091329245,8.435381886
metI,4.215152564,4.063473801,4.602321954,3.801705643,4.570095835,3.716615922,3.249685166,3.559550295,4.373576347,3.590767972,4.07540813,2.501831767
metJ,3.694112533,4.118204203,4.586966324,4.469685116,4.727643406,4.463845645,3.520582185,3.687314521,3.676850297,3.979351652,4.123430944,3.839737144
metK,6.741200999,6.263187842,7.322252798,6.43786512,6.7254465,5.688319863,4.514690377,5.391232005,6.242319721,5.083882748,4.959746448,5.397159016
metL,5.046280139,5.662301959,6.177322263,5.587544969,5.956990372,4.974090664,4.051405413,4.57244871,5.439681725,4.871078557,5.011681315,4.459142826
metN,2.787044417,2.997317952,3.103203875,2.36584946,3.06684059,3.015295573,1.675275111,2.483565826,2.709352471,2.03916712,2.948738551,2.728660382
metQ,8.647838825,7.994968848,8.348079194,7.635063172,8.59229045,7.348723231,6.870298332,7.309576354,7.767829283,8.044999004,7.856991653,7.348654183
metR,2.607531025,1.284323171,-0.081165644,0.387042983,1.39479921,1.250163792,0.983904798,1.181552541,0.950201861,2.03916712,0.400375956,1.458599818
mfd,6.053033393,6.226317186,6.604480931,6.135070191,6.361748123,5.763247867,5.535917459,5.838804605,5.902968244,5.801533629,5.768214385,5.363940975
mglA,5.876802865,3.645757877,2.918707025,2.562090015,2.852345945,3.588663291,7.10623913,6.461524473,7.491675669,6.441828739,7.164475025,6.242448363
mglB,10.01002775,7.918061479,7.414274092,7.304935573,5.75989992,5.441844415,11.07784641,10.48064612,10.6990887,10.63557412,11.63862053,10.60237394
mglC,4.471922423,3.529333577,2.069687809,2.993879944,2.778146992,3.178510131,6.331258485,6.270981961,7.388108395,6.588469157,6.560986841,5.845191817
mgsA,6.11289192,5.794125061,5.598730459,5.530469802,5.70909826,4.713091073,6.053095275,6.581353651,6.070484925,5.950007348,6.18485484,6.242448363
mgtA,5.374427949,6.888460188,6.426194604,6.841350744,6.020868998,7.434864824,6.706585126,7.224483483,7.02984289,5.622449959,6.823179408,6.693857625
mhpA,-1.14456266,-1.14456266,-1.14456266,-0.233394293,-0.165749464,0.121745392,-1.14456266,0.915725688,0.396002577,-1.14456266,0.400375956,-1.14456266
mhpB,0.169307087,0.04093922,-0.081165644,0.124258233,0.3162332,0.672123583,1.481501414,0.10884003,0.950201861,0.778581957,-1.14456266,1.458599818
mhpE,2.161956914,0.04093922,1.531325051,1.07954682,1.843055586,1.38357723,1.675275111,1.760580758,0.950201861,1.142112545,1.341744444,0.804561649
mhpF,0.658708418,0.490617291,0.626040423,0.780805482,1.021243697,0.516202858,0.639427359,1.181552541,-1.14456266,0.778581957,1.341744444,-1.14456266
mhpR,5.317411886,4.951285027,5.552058768,5.337658133,2.009543656,2.875744589,6.795864303,6.736923511,5.744244456,5.992778751,6.461811247,6.653192364
mhpT,1.005901477,0.490617291,-0.081165644,1.07954682,0.648269063,0.672123583,1.481501414,0.10884003,-1.14456266,0.778581957,0.400375956,-1.14456266
miaA,7.673972749,7.173102069,7.690471697,8.063961826,7.576714791,7.138893925,6.79076278,6.514103108,5.875378243,6.198621981,6.283201151,5.915654518
minC,4.548264225,4.554975603,4.259020946,4.2035894,5.135438474,4.620243429,4.150381458,4.333193505,3.857096996,4.416595346,3.685185387,3.839737144
minD,6.414171237,6.175642989,5.174685065,5.446569132,6.579709576,5.838227027,4.921866334,5.327363875,5.681903612,6.084615407,6.017155953,5.185303861
minE,4.797972256,4.775239862,3.958384548,3.742562398,4.866095761,4.004197595,4.539242739,4.973934478,4.924377676,4.960002543,5.086236747,4.691164879
mioC,4.597001437,4.995788521,5.651338188,5.66913444,5.182038652,6.481866746,5.395096157,5.403673137,4.066932431,4.847963526,4.342119852,4.691164879
mipA,5.629921676,4.613275881,4.11653034,4.941983916,5.616709118,5.838227027,4.085158623,4.138424687,4.691039172,3.348396791,3.403127684,3.096523317
mlc,3.902486666,2.875164209,3.145844317,2.888436333,2.950159195,2.988451466,3.058650775,3.514309881,2.577877013,3.348396791,2.837620345,2.231895253
mltA,4.974328164,5.577008641,5.69495211,5.955935414,5.55829488,5.99432964,3.789992042,4.433708824,5.382027282,3.979351652,4.761658349,4.636565409
mltB,3.090005404,2.429952245,1.772119263,2.607199367,3.296471463,3.732847941,1.675275111,1.593346297,2.089747114,1.142112545,2.27917705,0.804561649
mltC,2.700105232,3.7534632,3.013921285,3.616444367,3.943439326,4.08857301,1.845238606,1.909857469,2.829743201,2.03916712,1.887696574,1.458599818
mltD,4.689795299,5.367207619,5.384585423,5.620736573,6.092748287,6.288384022,6.143917186,6.324303976,6.560814243,6.054648136,6.365324338,5.915654518
mltE,2.607531025,3.263708482,3.934305241,4.246772757,2.89508645,3.303453074,2.988868548,2.960458629,2.709352471,3.348396791,3.478994982,1.898039616
mnmA,5.582315655,6.143043189,5.613958035,6.393744965,6.659057329,7.581957108,4.385234356,4.457779381,5.171279534,4.416595346,4.699676686,3.839737144
mnmC,3.450374263,2.937542598,3.958384548,4.065684724,2.699886861,3.756857825,1.481501414,3.026504243,3.676850297,2.464111871,3.920915173,4.256775916
mntH,4.215152564,4.775239862,4.928946305,4.552313088,4.995676481,4.860600284,4.903074115,4.738831449,3.676850297,4.507925192,4.025729113,4.636565409
mntR,3.22043646,2.809943836,3.546525499,3.982953598,2.83781076,3.506047009,2.838199673,3.467600001,2.829743201,2.973436686,3.051855849,3.096523317
moaA,3.978067213,3.163005359,3.103203875,3.378053213,3.922992093,3.871244468,2.915514321,2.81846539,3.314863079,2.885061637,2.837620345,2.92436909
moaB,3.940772686,2.429952245,1.06506632,1.789321157,2.823126441,2.193556411,2.258187993,1.402984775,1.335513986,1.863384156,2.717142687,2.501831767
moaC,2.869000612,1.069845507,-0.081165644,0.387042983,2.416015583,1.719858046,1.481501414,1.402984775,1.880704813,0.261889892,1.341744444,2.231895253
moaD,2.024617477,1.777799163,-0.081165644,1.429612449,2.529192451,1.752629909,2.669780771,0.915725688,1.335513986,2.195417295,2.096977156,-1.14456266
moaE,3.902486666,3.163005359,3.266654798,2.959587103,3.708748557,2.61960048,3.748448948,3.64597429,2.271761073,3.056677113,3.747834198,3.096523317
mobA,2.869000612,2.030199546,2.388448808,2.138078784,2.731706882,2.452362542,2.915514321,3.089641103,2.271761073,3.135350084,2.837620345,2.728660382
mobB,2.700105232,1.632120246,2.762849217,2.515506793,2.060925945,2.240104539,2.478808946,2.28107207,2.433038119,0.778581957,2.440603361,2.231895253
modA,2.287124403,2.141213121,1.977337143,2.467348851,2.376196883,2.452362542,2.372776568,2.044750511,3.043839098,1.662278962,1.887696574,1.898039616
modB,3.156702039,3.214239589,3.546525499,3.47819954,3.368889027,3.080286144,3.188788908,2.483565826,2.433038119,1.863384156,2.096977156,2.728660382
modC,3.090005404,3.263708482,2.524469212,3.060098585,2.852345945,3.487025063,2.577489015,2.167844039,2.433038119,1.662278962,2.096977156,3.096523317
modE,3.339999835,3.054700123,2.816710004,3.378053213,3.909197519,3.325046846,2.133511042,2.81846539,3.230082065,2.790871234,2.585564792,2.92436909
modF,5.388336631,6.0755466,6.360004327,6.462483749,6.916678209,5.692471083,4.181918076,4.79658715,5.101543425,4.621340262,3.807869657,4.10412621
moeA,5.097982093,5.344446285,4.866733062,4.968013545,5.608203012,4.893432489,4.721920155,5.204750747,3.857096996,4.91622588,4.959746448,5.066434401
moeB,4.797972256,4.808888284,4.45785161,4.575076579,5.182038652,4.282892008,3.86964614,4.738831449,3.965832754,4.565747746,4.421078721,3.933364168
mogA,4.049878631,3.645757877,3.909816478,4.049514254,4.208493184,4.037237106,4.385234356,4.852118296,4.01726939,4.507925192,4.458993237,3.739595723
mokC,0.169307087,0.813307996,0.328725926,-1.14456266,0.966163097,0.672123583,0.639427359,2.044750511,0.950201861,0.261889892,1.641516703,0.804561649
molR,0.169307087,0.04093922,1.393037856,1.939368689,0.90863663,1.38357723,1.481501414,2.044750511,0.396002577,0.778581957,0.400375956,0.804561649
motA,-1.14456266,0.813307996,0.864408982,0.124258233,0.408571111,0.993108595,0.154497435,0.10884003,0.950201861,1.142112545,-1.14456266,-1.14456266
mpl,5.906100286,5.937891749,5.824957373,5.955935414,6.483005475,6.187584745,5.208738863,5.724448251,5.476876255,5.59495019,5.608766201,5.429629227
mppA,4.87902582,4.063473801,3.934305241,3.722295367,3.909197519,4.063133718,4.181918076,4.225138912,3.799486457,4.416595346,4.123430944,4.327436117
mqo,4.818666763,5.606003759,5.292943071,5.880294484,4.570095835,6.455241647,1.481501414,2.385922444,3.043839098,2.03916712,2.27917705,0.804561649
mraW,5.934814509,5.32131999,5.89519354,5.364033933,5.724920954,5.446767864,5.928563589,5.847937377,5.125165448,5.523815701,6.017155953,5.796228829
mraY,5.981436797,5.777229285,6.682382527,6.161624566,6.152467024,6.243823034,4.825356113,5.838804605,5.889239204,5.740096078,5.429476593,4.843556128
mrcA,4.049878631,5.053067546,4.44086776,5.276487631,4.57883132,6.141263963,2.669780771,3.317609911,4.626286693,3.749023528,4.123430944,3.631962725
mrcB,6.248690719,6.368461869,6.5180902,6.393744965,6.580796772,6.157871141,5.177804473,5.792252753,5.847250244,5.801533629,6.324847044,5.461384545
mrdA,3.396246232,4.246571952,4.278273498,4.924366088,4.703883723,5.557879986,3.249685166,3.150115972,4.373576347,3.474683089,3.238206047,1.458599818
mrdB,4.644144788,5.067038761,5.59105596,5.637050292,5.129506138,4.984286358,4.587127522,4.738831449,4.48734413,4.285058031,3.551059262,3.389035879
mreB,4.917905765,5.567212618,4.733624557,5.604236239,5.856431717,6.429360016,3.86964614,4.306929861,4.924377676,3.749023528,4.16990457,4.18247159
mreC,3.648556922,5.344446285,5.153997139,6.165378458,5.238248164,5.977418056,3.616100965,4.108320124,4.924377676,3.280832743,2.440603361,4.10412621
mreD,3.738270261,4.687514244,4.904382146,5.130482353,4.028835589,3.756857825,2.577489015,2.81846539,3.043839098,1.863384156,2.585564792,2.501831767
mrp,7.034404542,7.44590191,6.93666049,7.617358488,7.110560307,7.361162344,6.840983945,7.080824586,6.02098178,7.054973915,6.293725877,5.820918056
mrr,4.084485016,3.402648158,1.977337143,2.650926218,2.823126441,2.988451466,3.418265311,3.559550295,1.634841947,3.280832743,3.619684692,3.096523317
msbA,6.400511802,7.086605931,6.813468746,7.561478524,7.347450307,7.56224515,6.317134629,6.722100081,6.130066621,5.928136485,6.507737866,5.522871788
msbB,4.215152564,4.554975603,5.479091466,5.330988124,4.880297295,5.310258109,4.412072405,4.594327311,4.206408091,4.938280321,4.342119852,4.021274137
mscL,4.85918554,4.364434217,3.78070658,4.128610446,4.561307096,4.997769446,5.367946811,4.481454587,3.230082065,4.062071252,4.634910367,4.794527028
msrA,5.288035752,4.535006212,3.78070658,3.722295367,5.495109904,4.113570876,4.563383936,4.433708824,4.450410319,4.352326751,5.410258248,4.256775916
msyB,1.701594873,1.632120246,1.531325051,1.707779131,1.751739463,1.784647728,1.845238606,1.181552541,0.950201861,1.42689579,0.955758142,-1.14456266
mtgA,3.339999835,3.214239589,2.868616656,3.213392485,3.485128086,2.61960048,3.569134251,3.60341114,3.139979739,3.348396791,3.807869657,3.515622458
mtlA,5.442667736,4.857932964,4.928946305,3.982953598,4.066604167,3.270441365,5.193354604,5.642841808,5.237798669,5.552691809,6.251158265,5.745545316
mtlD,3.22043646,3.682562565,3.69729008,3.213392485,3.81616005,3.448209222,3.94512394,3.150115972,3.394918736,3.348396791,3.807869657,4.021274137
mtlR,3.902486666,4.246571952,5.225142684,5.059626753,4.252845728,4.463845645,5.297749802,4.225138912,3.857096996,3.979351652,3.974275373,3.739595723
mtr,6.778642073,5.671475016,6.642101954,5.994430586,4.925509508,4.733384239,6.03594981,7.604491844,7.323221788,7.410869167,6.793822525,5.982835062
mukB,8.094501575,7.73987511,8.109761717,8.063961826,7.915596864,7.228808733,6.936467383,7.272752291,7.477983096,7.869647377,7.482289065,6.242448363
mukE,4.014420386,4.00658169,3.546525499,3.154025009,3.732449625,3.606395467,3.30810401,2.960458629,3.314863079,2.581544051,2.948738551,2.92436909
mukF,4.85918554,4.920834237,4.761247443,5.153347858,4.758725947,5.229707164,4.489712588,4.594327311,4.558488654,4.352326751,4.495936007,4.843556128
murA,6.697186444,6.90021209,6.059920153,6.973547375,7.249670667,7.222363775,4.514690377,5.391232005,5.969719317,5.303669048,4.878159346,4.743771959
murB,3.978067213,3.885576928,3.103203875,3.502182927,3.983482987,4.478348648,2.915514321,3.877884375,3.139979739,3.936139379,2.585564792,3.631962725
murC,6.146013684,7.005512748,7.282306498,7.182469931,6.590544845,6.857666781,5.326239871,6.570360687,6.153226917,6.616089805,5.608766201,5.93839744
murD,6.178392006,6.568289921,6.915309699,6.593641578,6.286447016,6.756224045,5.046971457,5.994951542,5.804002326,6.044519091,5.783231111,5.185303861
murE,6.998586442,6.790830815,7.183707973,7.064804453,7.402595571,7.19556112,6.528031131,6.113289514,6.39584765,6.304274848,6.173501826,5.185303861
murF,5.629921676,5.486353063,5.544131196,5.452726601,5.616709118,5.34231692,4.357887081,4.905589993,5.342269504,4.700905348,4.985947661,4.10412621
murG,4.85918554,5.671475016,6.037508463,6.011215259,5.210417223,5.518671342,4.563383936,5.246790676,5.215964741,5.122919208,4.933060362,5.066434401
murI,4.667150713,4.857932964,4.632551095,4.924366088,4.543567227,4.506924121,3.90787948,3.841735214,4.977255686,5.00248936,4.342119852,4.579816561
murP,4.391310335,2.514481243,2.156357825,1.707779131,2.416015583,2.120729452,3.125194645,2.741810914,2.433038119,2.336112447,3.478994982,1.898039616
murQ,5.131448233,4.386892664,4.705462124,4.575076579,3.626801438,3.45801186,3.616100965,4.014037271,3.043839098,3.056677113,3.685185387,3.739595723
mutH,2.287124403,1.632120246,3.059257218,2.81356451,3.003193266,2.974838507,2.133511042,2.167844039,0.950201861,3.056677113,2.096977156,2.231895253
mutL,6.762714733,7.093446741,6.630918301,6.921225284,6.113932207,6.490236344,5.340276612,5.782759353,5.599986522,5.402158074,5.539700958,4.743771959
mutM,2.024617477,1.284323171,2.156357825,2.924453426,1.221030684,1.990318907,0.983904798,0.10884003,-1.14456266,0.778581957,-1.14456266,0.804561649
mutS,4.445549485,4.632196912,4.316023771,4.128610446,4.743268431,4.827003085,3.30810401,4.077573058,4.11494029,3.698181102,4.07540813,3.739595723
mutT,1.50675362,3.311530153,2.58789945,3.965821487,2.950159195,3.949705541,3.058650775,2.385922444,1.335513986,2.03916712,1.887696574,0.804561649
mutY,2.700105232,3.488332863,3.725636131,4.14392163,3.626801438,4.010866402,2.577489015,1.909857469,3.139979739,1.662278962,1.641516703,1.458599818
mviM,4.955764907,4.594103225,4.352810418,3.680884508,4.502835885,3.99749777,4.330010862,4.550232955,4.59278618,4.285058031,4.849904581,4.256775916
mviN,3.090005404,3.607987039,3.059257218,4.01661835,3.801297577,4.454095271,2.669780771,3.208145339,2.709352471,2.690038402,3.238206047,2.501831767
nac,1.005901477,3.7534632,3.145844317,3.762548024,3.503619401,4.094863258,6.393158502,5.52251621,2.940786701,5.234063128,5.202521931,4.981370547
nadA,3.156702039,3.402648158,3.145844317,3.213392485,4.525606335,2.947218415,3.249685166,2.81846539,2.709352471,3.135350084,3.238206047,3.250214154
nadB,3.22043646,4.144808978,4.571445375,4.342769652,5.201962128,3.990766635,4.633472821,4.678665387,3.676850297,4.44768603,3.974275373,3.631962725
nadC,4.363405661,4.386892664,4.705462124,4.794619003,5.24923189,5.266373528,5.421743902,5.176027535,4.626286693,4.893828896,4.07540813,4.10412621
nadD,2.700105232,3.488332863,3.341894942,3.5718229,3.06684059,3.367284569,2.258187993,2.385922444,3.230082065,2.03916712,2.440603361,1.458599818
nadE,5.944260291,5.496711895,5.235025783,5.059626753,5.495109904,5.098197038,5.080809141,5.499518054,4.250052949,4.67486849,4.634910367,4.021274137
nadR,5.16415538,4.966272643,6.28588469,5.902956485,4.479699976,5.299411508,4.825356113,4.504747228,4.977255686,4.062071252,4.458993237,4.18247159
nagA,5.429275615,5.567212618,5.348624147,5.283413885,5.34193067,5.66104177,5.523668737,5.452391547,5.215964741,5.234063128,5.410258248,5.107155918
nagB,4.276295763,4.889726544,5.552058768,4.941983916,4.139294623,4.249454985,4.678374611,4.2801787,4.78302168,4.593811949,5.180002892,4.459142826
nagC,4.572838776,4.758116538,4.676738632,5.002004611,5.161836089,5.215352732,4.385234356,5.327363875,4.523355236,4.847963526,4.634910367,4.520742021
nagD,5.49502639,5.4759193,4.719612099,5.330988124,5.722952583,5.532631708,4.385234356,5.621697844,5.599986522,5.883374115,5.246531873,5.146759137
nagE,7.307541702,6.972496916,6.906061735,6.741786704,5.990101829,6.368398032,7.319627621,7.245368174,7.195178646,7.358685005,7.878126114,6.916365745
nagZ,5.21186605,5.742832193,5.730316029,5.92968915,5.777076384,5.677889247,5.460814569,5.464318308,4.373576347,5.509157934,4.699676686,4.743771959
nanA,2.161956914,2.030199546,2.069687809,1.939368689,2.510943329,1.425280607,3.569134251,3.559550295,3.799486457,3.645476578,3.920915173,2.501831767
nanE,2.508531198,0.04093922,0.328725926,0.59996766,1.021243697,0.874259721,1.481501414,1.402984775,0.396002577,2.03916712,2.837620345,1.458599818
nanK,1.005901477,0.490617291,0.864408982,0.124258233,0.966163097,0.516202858,1.255666409,1.593346297,1.634841947,1.142112545,2.27917705,0.804561649
nanR,3.781113532,4.364434217,4.219726587,4.1131348,4.789152562,4.483150738,4.051405413,3.947569154,3.739474064,4.416595346,3.403127684,3.515622458
nanT,2.024617477,1.909674822,1.878486406,1.707779131,1.782847418,1.38357723,3.470333633,3.419321637,3.230082065,3.135350084,3.920915173,3.096523317
napA,4.418685018,3.402648158,4.239507697,3.242180345,3.97688588,2.391947558,2.577489015,2.574940804,2.577877013,3.056677113,3.148053403,2.501831767
napB,0.658708418,0.04093922,0.626040423,-0.233394293,-0.57230235,-1.14456266,-1.14456266,0.10884003,0.396002577,-1.14456266,0.955758142,-1.14456266
napC,2.024617477,1.284323171,1.531325051,0.387042983,1.124904303,1.340552926,1.675275111,0.57980147,1.335513986,1.863384156,1.341744444,1.458599818
napF,-1.14456266,0.04093922,-0.081165644,-1.14456266,0.493994953,-0.005082435,0.154497435,-1.14456266,-1.14456266,-1.14456266,-1.14456266,-1.14456266
napH,2.024617477,2.030199546,2.58789945,1.322734996,1.310709818,1.101997975,0.154497435,0.915725688,0.950201861,1.142112545,0.400375956,0.804561649
narG,3.020056016,2.875164209,3.013921285,2.36584946,2.699886861,2.566005331,2.258187993,2.385922444,0.950201861,2.336112447,2.717142687,2.92436909
narH,3.281461771,1.632120246,2.524469212,2.417504478,2.473728372,1.752629909,1.481501414,2.167844039,2.271761073,1.863384156,2.096977156,0.804561649
narI,1.50675362,1.069845507,0.626040423,1.528716401,1.654006666,1.505047819,-1.14456266,1.760580758,0.950201861,1.863384156,2.27917705,1.458599818
narL,4.215152564,3.821034916,3.608739568,3.403751415,4.488998946,3.43833929,3.661582857,2.483565826,3.043839098,2.790871234,3.974275373,3.933364168
narP,3.552876099,2.66984026,2.315226014,2.924453426,3.115799972,3.041646281,2.75646861,2.574940804,2.089747114,2.464111871,2.717142687,2.728660382
narQ,2.700105232,2.741607747,3.546525499,3.123394332,4.197188415,3.826574349,2.75646861,3.467600001,3.314863079,3.280832743,3.403127684,3.515622458
narV,0.658708418,0.04093922,-1.14456266,0.387042983,0.785190935,0.743193164,0.154497435,-1.14456266,-1.14456266,0.778581957,1.641516703,0.804561649
narW,0.169307087,0.04093922,0.626040423,0.938810998,0.648269063,0.121745392,1.675275111,0.57980147,0.950201861,0.261889892,1.641516703,0.804561649
narX,3.339999835,3.529333577,2.238018242,2.467348851,3.466395889,3.41839379,3.249685166,2.960458629,2.089747114,2.885061637,3.238206047,2.231895253
narY,1.279535868,1.284323171,3.958384548,4.065684724,1.813276146,1.048683592,3.616100965,3.208145339,2.271761073,2.885061637,2.717142687,1.898039616
narZ,3.090005404,1.284323171,1.977337143,1.789321157,2.529192451,1.905843576,1.996751073,2.385922444,2.433038119,2.336112447,2.837620345,1.458599818
ndh,7.090776501,7.578588087,6.972542383,7.084763634,9.158394524,7.482387388,5.340276612,5.838804605,5.649692845,6.616089805,5.658478056,6.597125066
ndk,4.118279568,4.00658169,2.918707025,4.159071813,3.635209366,4.611498551,2.75646861,2.741810914,3.912490909,3.590767972,3.148053403,2.728660382
nei,3.781113532,3.853667527,4.33453446,4.2035894,4.127431391,3.849082632,3.418265311,2.891221262,3.394918736,3.056677113,2.096977156,2.92436909
nemA,4.118279568,4.294879557,4.005368097,4.174064352,4.777817688,4.249454985,3.748448948,3.150115972,4.01726939,3.979351652,3.403127684,3.739595723
nepI,1.50675362,2.429952245,1.772119263,2.959587103,3.503619401,4.27737277,1.675275111,2.385922444,1.880704813,0.778581957,0.400375956,2.501831767
nfi,3.781113532,4.091098885,4.406287667,4.329441129,4.574470194,3.914570415,4.464294359,3.981186599,4.206408091,4.285058031,4.16990457,3.389035879
nfnB,4.85918554,4.364434217,4.42368141,4.288699623,5.074987561,3.990766635,2.988868548,3.727500311,4.11494029,3.749023528,4.123430944,4.327436117
nfo,4.363405661,3.916794537,3.059257218,3.982953598,4.451437637,3.942746755,2.988868548,3.514309881,3.394918736,2.790871234,3.148053403,1.458599818
nfrA,2.402133773,2.141213121,1.878486406,2.008769244,2.134649391,1.990318907,0.983904798,1.593346297,1.880704813,2.03916712,1.341744444,0.804561649
nfsA,4.246048423,4.063473801,3.725636131,3.742562398,4.751017902,3.675216422,2.133511042,3.150115972,3.230082065,3.209933256,2.948738551,3.250214154
nhaA,4.363405661,5.297816836,4.866733062,5.190669438,4.774019509,4.641876339,4.242993251,4.457779381,4.373576347,4.824471917,4.634910367,5.329939833
nhaB,3.940772686,5.010322969,4.199670149,4.552313088,5.517995007,4.773133329,3.705671164,4.358987101,4.333566771,4.25020836,4.382139907,3.631962725
nhaR,2.946518091,2.429952245,2.388448808,2.888436333,2.909054415,3.487025063,1.481501414,2.574940804,2.940786701,1.662278962,1.341744444,1.458599818
nhoA,1.701594873,1.909674822,1.06506632,2.36584946,2.060925945,1.719858046,1.675275111,2.483565826,0.950201861,1.863384156,0.400375956,-1.14456266
nikC,0.169307087,-1.14456266,0.626040423,-1.14456266,0.215468341,-1.14456266,-1.14456266,-1.14456266,-1.14456266,-1.14456266,-1.14456266,-1.14456266
nikE,1.005901477,-1.14456266,1.977337143,1.07954682,0.718619532,0.516202858,0.154497435,0.10884003,0.950201861,0.778581957,0.400375956,-1.14456266
nikR,1.50675362,1.469254964,1.239066079,0.59996766,2.181743192,1.580428267,0.983904798,1.181552541,2.940786701,1.863384156,1.641516703,2.501831767
nirB,4.014420386,3.311530153,4.928946305,2.924453426,4.695876018,2.307178975,1.675275111,1.593346297,-1.14456266,1.142112545,2.717142687,1.898039616
nirC,1.50675362,1.632120246,2.156357825,0.780805482,1.928768743,2.307178975,0.983904798,1.181552541,0.396002577,0.778581957,1.341744444,0.804561649
nlpA,5.097982093,5.053067546,4.676738632,4.630460784,6.689613461,3.849082632,3.470333633,3.913148221,4.01726939,3.645476578,2.948738551,2.501831767
nlpB,7.916400811,7.998617567,7.588177436,7.985447669,8.733891649,8.603841585,6.941079611,7.393051365,7.25527879,7.354591553,7.269512317,6.611347494
nlpC,4.734044673,4.091098885,4.239507697,3.242180345,4.066604167,3.356840955,4.514690377,4.358987101,5.215964741,4.062071252,5.03696381,5.295117765
nlpD,6.943134587,6.396391036,5.330301595,5.415381216,5.043784559,4.830774998,7.276483759,6.854864481,6.02098178,6.142744641,5.737703654,6.224055203
nlpI,6.98949122,8.338005522,8.275725914,8.80781091,8.230223096,9.335932308,8.212491846,7.800674186,7.454869326,7.925906321,6.778916979,7.068437714
norM,3.22043646,2.809943836,1.977337143,2.138078784,3.231354427,3.080286144,2.133511042,2.660811997,1.880704813,2.03916712,1.341744444,0.804561649
norV,0.169307087,0.813307996,0.328725926,0.59996766,1.124904303,1.202582163,0.639427359,0.10884003,0.396002577,0.778581957,1.341744444,-1.14456266
nrdA,6.194312662,5.937891749,5.575583369,5.642447453,6.972416998,6.425624442,4.940416807,4.615878846,5.697743222,4.25020836,4.699676686,4.459142826
nrdB,5.915735341,5.389615336,5.621511962,5.471042846,5.689072655,4.987668966,4.150381458,4.225138912,5.548506009,4.800591248,4.985947661,4.327436117
nrdD,3.020056016,2.66984026,2.458083344,1.789321157,2.83781076,2.350195651,4.489712588,2.960458629,2.577877013,2.581544051,3.685185387,3.250214154
nrdE,1.872409522,2.244134095,3.013921285,1.707779131,2.249568588,0.743193164,1.255666409,2.574940804,2.577877013,1.863384156,0.955758142,1.458599818
nrdF,2.287124403,2.875164209,3.884904066,2.607199367,2.35586119,2.654243989,2.988868548,2.385922444,3.542781318,1.42689579,1.641516703,1.898039616
nrdG,1.005901477,1.284323171,1.772119263,1.707779131,1.68735496,1.580428267,3.249685166,2.574940804,1.335513986,1.662278962,1.641516703,-1.14456266
nrdI,0.169307087,0.813307996,0.328725926,0.59996766,0.573613538,0.121745392,0.639427359,1.909857469,1.880704813,0.261889892,0.400375956,0.804561649
nrdR,4.87902582,4.613275881,4.523854001,4.394884337,4.587514193,4.113570876,4.563383936,4.594327311,3.739474064,5.063960999,4.634910367,4.794527028
nrfA,1.701594873,1.284323171,0.626040423,1.707779131,1.654006666,2.120729452,2.258187993,2.385922444,2.577877013,1.863384156,1.341744444,1.898039616
nrfB,-1.14456266,-1.14456266,-0.081165644,0.780805482,0.718619532,0.874259721,0.154497435,1.593346297,0.396002577,-1.14456266,1.341744444,1.458599818
nrfD,1.279535868,0.813307996,0.328725926,0.124258233,0.573613538,0.810426666,0.983904798,0.915725688,0.396002577,-1.14456266,-1.14456266,0.804561649
nrfE,1.279535868,0.04093922,-0.081165644,0.387042983,0.718619532,0.516202858,0.154497435,0.10884003,0.950201861,-1.14456266,-1.14456266,1.458599818
nrfF,-1.14456266,-1.14456266,-0.081165644,0.387042983,-0.165749464,-0.563826259,-1.14456266,0.10884003,-1.14456266,-1.14456266,-1.14456266,-1.14456266
nth,3.090005404,3.885576928,3.958384548,3.89517933,3.447416429,3.632590573,1.845238606,1.909857469,3.043839098,2.581544051,1.641516703,0.804561649
ntpA,5.415757986,5.400689989,5.393437374,5.559289666,5.838362726,4.960383296,4.84518182,4.077573058,5.439681725,4.177873934,4.878159346,5.429629227
nudC,3.396246232,4.091098885,3.266654798,3.89517933,3.823534143,4.449195239,2.838199673,2.960458629,2.271761073,3.056677113,2.717142687,3.389035879
nudE,5.520509821,6.143043189,6.369007143,6.374415287,5.292348966,6.28151146,5.31206518,5.287639846,4.841237185,5.777271699,5.521905279,5.522871788
nudF,2.787044417,3.163005359,3.103203875,3.680884508,3.601278769,4.082255178,2.838199673,3.317609911,2.577877013,2.885061637,1.341744444,2.231895253
nudG,0.169307087,0.04093922,-0.081165644,0.780805482,0.90863663,1.340552926,0.154497435,-1.14456266,-1.14456266,1.662278962,0.955758142,1.458599818
nuoA,5.469084626,5.161221694,5.045857234,5.115034766,5.090339493,5.411945493,4.242993251,4.77759114,5.171279534,5.234063128,4.849904581,4.691164879
nuoB,5.944260291,5.899372358,5.511977888,5.212607436,6.069700621,6.020982438,4.721920155,5.464318308,6.274360293,6.161611931,6.196119203,6.224055203
nuoC,6.938415933,7.340588028,7.255856729,7.532705349,7.648983737,7.276595128,6.484459754,6.581353651,7.764073173,7.270184507,7.691753142,6.477996942
nuoE,5.258048841,5.734103214,6.197678293,6.367914073,5.911049087,5.203765429,5.460814569,4.870163406,6.033517734,5.928136485,5.884186342,4.743771959
nuoF,7.095022922,7.503534226,7.42510503,7.072821292,7.577804227,6.404271505,6.452511412,6.997104356,7.531990496,7.442068827,7.392115704,6.904864579
nuoG,7.824769879,8.25196379,8.406084162,8.25222105,8.800966606,7.946744043,7.697620788,8.379757438,9.047288228,8.960062868,8.743372357,7.950661163
nuoH,6.162293683,6.175642989,6.125138888,5.889402051,6.241780991,5.866058289,5.434885402,6.229655842,6.701000653,7.099683136,6.489542291,5.820918056
nuoI,5.653148175,5.883671912,5.462362737,5.402714745,5.295001461,5.171411805,4.903074115,5.578456755,6.274360293,6.094467736,5.371035859,5.185303861
nuoJ,5.180234943,5.557349612,7.168319297,7.809517014,4.591836097,4.304759987,5.919243184,6.128359089,5.875378243,6.715198316,6.18485484,5.666016025
nuoK,3.552876099,4.00658169,3.69729008,3.242180345,3.338298716,3.849082632,3.125194645,4.252921561,3.676850297,3.590767972,3.807869657,3.096523317
nuoL,7.998029922,8.471340202,7.599695856,7.928050291,7.424561206,7.402923949,7.55747131,8.564216142,8.229380298,8.430561557,8.552805661,7.858275493
nuoM,6.919385446,7.654562658,7.845253029,7.919184699,7.297406104,7.200670232,6.55235068,7.529850641,7.54955283,7.595637237,7.248025804,6.493437144
nuoN,6.154176649,6.824113468,6.382406893,6.338290509,6.781368424,6.364500999,6.00103515,6.899467297,7.302654982,6.939470829,7.175898684,6.653192364
nupC,5.455936657,5.537418941,5.791865152,5.866524401,6.389312928,5.177348523,4.412072405,4.699000984,4.558488654,4.507925192,5.180002892,4.743771959
nupG,6.053033393,4.889726544,4.539892996,4.407623815,3.732449625,3.796005249,4.805254016,5.070736979,4.48734413,4.177873934,5.03696381,4.18247159
nusA,7.956626335,8.684550629,8.689112617,9.47544757,8.232991835,8.957959634,7.209247854,7.607183523,7.634293935,8.176035406,7.50057543,6.720344625
nusB,5.896400443,6.434605166,5.938171966,6.629413063,6.997057974,6.811658259,5.162084853,5.204750747,5.697743222,5.894695598,4.56709718,4.579816561
nusG,6.870681086,7.314477438,7.765682697,8.352765699,7.238002803,7.480588252,6.159833059,5.578456755,5.902968244,6.024045106,5.690692309,5.185303861
obgE,5.653148175,6.923432541,6.07650334,7.1917022,5.287029297,7.466113818,4.385234356,4.852118296,4.206408091,3.891590314,4.123430944,3.631962725
ogrK,1.701594873,0.813307996,0.626040423,0.780805482,0.3162332,0.121745392,0.983904798,0.915725688,0.396002577,0.261889892,0.400375956,0.804561649
ogt,2.161956914,2.340080965,2.762849217,3.027371501,2.823126441,2.861011562,3.249685166,2.574940804,1.880704813,2.464111871,2.096977156,2.501831767
ompA,11.63189876,11.07931553,11.61305201,11.42099126,12.13571571,10.96126872,11.2119833,10.89994428,10.56087663,10.84702389,11.24675345,10.85559312
ompC,-1.14456266,0.813307996,-0.081165644,-0.233394293,1.39479921,1.153242155,0.639427359,1.181552541,2.271761073,0.261889892,1.641516703,-1.14456266
ompF,14.48004387,14.5003961,15.76929711,15.31617069,15.31615316,14.51281481,15.27190993,15.06667484,14.74736,15.34568704,15.33969449,14.7642647
ompG,1.005901477,1.069845507,-1.14456266,0.780805482,0.3162332,0.516202858,1.481501414,0.10884003,-1.14456266,0.261889892,0.400375956,1.458599818
ompR,6.162293683,5.224918129,5.143540818,4.407623815,5.421766832,4.304759987,5.367946811,5.428238024,5.002984938,5.25178206,6.02980288,5.522871788
ompT,6.815135966,7.394205733,7.686876244,7.408341522,5.771373591,7.30466078,5.421743902,6.635096006,6.926096091,6.721569613,6.138896649,6.625431076
ompX,7.85513037,7.424360446,7.260701987,6.601975613,8.596059015,6.748270508,4.994678045,4.905589993,5.301384668,5.608765607,5.521905279,6.582761025
oppA,8.788197255,7.590726046,7.250995143,7.321852193,8.819736173,7.276595128,8.20675778,8.14616756,8.03111791,8.573016254,8.913385883,7.687561129
oppB,4.215152564,3.885576928,3.378087341,3.616444367,5.126530795,3.878556591,2.258187993,3.089641103,3.470749835,3.979351652,3.051855849,3.096523317
oppC,5.010752842,4.118204203,4.005368097,4.097491115,5.002184374,3.811370931,3.569134251,3.64597429,3.965832754,4.621340262,3.865501508,3.515622458
oppD,6.225636365,4.981106095,4.988586183,4.608561751,5.985183303,4.811815985,4.721920155,4.678665387,5.002984938,5.982204203,5.429476593,4.327436117
oppF,7.149118235,6.129794157,6.577550017,6.304645859,6.872970033,5.29122269,5.572051643,5.93621924,5.649692845,7.296029163,6.480357712,5.610451078
ordL,5.653148175,5.285920058,4.137769358,5.107248479,6.829726397,4.936077346,8.076571285,6.165358372,5.943388371,4.700905348,6.586891964,4.10412621
orn,3.822718504,4.364434217,3.807471401,4.260884348,4.556892552,4.654701975,3.364239935,3.947569154,3.230082065,3.698181102,3.685185387,2.728660382
osmB,1.279535868,0.813307996,0.328725926,0.938810998,0.785190935,1.101997975,-1.14456266,-1.14456266,0.950201861,0.778581957,1.341744444,0.804561649
osmC,3.281461771,2.244134095,1.656951679,1.621147031,2.793297826,1.425280607,3.830369867,3.687314521,1.880704813,3.280832743,3.619684692,2.728660382
osmE,4.597001437,4.170931385,4.352810418,4.246772757,4.982571921,4.271832312,6.044548015,6.082669713,5.362285377,5.122919208,6.240317164,5.796228829
osmY,2.787044417,2.741607747,2.156357825,2.562090015,3.115799972,2.654243989,4.489712588,2.891221262,2.433038119,3.533896365,4.025729113,2.728660382
otsA,3.502538225,3.402648158,3.013921285,3.502182927,4.022443418,2.637027325,5.193354604,4.196810065,3.857096996,4.478120255,4.761658349,2.92436909
otsB,1.701594873,1.777799163,1.772119263,2.008769244,1.719920157,1.505047819,3.789992042,3.208145339,1.335513986,3.135350084,3.551059262,1.898039616
oxyR,6.586933137,6.263187842,5.687774085,5.942871973,6.50836747,5.880684949,6.662579747,6.681809738,6.480687695,6.928497131,6.900959997,6.348138801
pabA,2.700105232,2.741607747,2.458083344,2.198546665,2.667342007,2.671255534,2.372776568,2.81846539,2.271761073,2.195417295,1.341744444,2.231895253
pabB,2.287124403,3.054700123,3.982067889,4.01661835,4.085123505,4.904212514,3.470333633,2.483565826,2.709352471,2.581544051,2.948738551,2.501831767
pabC,2.869000612,2.594274625,2.156357825,2.81356451,2.529192451,2.875744589,2.478808946,3.089641103,0.950201861,2.885061637,2.440603361,0.804561649
pagP,0.169307087,0.04093922,2.524469212,1.528716401,1.074094981,1.38357723,1.255666409,0.57980147,0.950201861,2.336112447,1.887696574,1.898039616
pal,8.334286245,8.720345863,8.407177101,8.520416878,8.892244906,8.745417247,7.220673705,7.580038031,8.074223985,7.66007806,7.170198162,7.005216181
panB,4.363405661,3.7534632,3.30476737,3.762548024,5.037462119,4.043755034,3.661582857,3.947569154,3.965832754,3.698181102,3.747834198,3.839737144
panC,5.981436797,5.689647961,5.122397961,5.026982254,6.522015628,5.518671342,4.721920155,5.006929252,5.148406791,5.160926849,5.110255974,4.520742021
panD,5.046280139,5.454822583,5.27389456,5.559289666,5.843807228,5.987588779,5.548063042,5.161448526,5.930040443,5.636005708,4.905871111,5.146759137
panF,2.700105232,3.529333577,2.524469212,3.242180345,3.771104248,4.056703079,1.675275111,2.044750511,2.940786701,2.581544051,2.096977156,-1.14456266
parC,5.507824383,5.899372358,5.702094593,5.852621604,5.905852998,6.212368851,4.272586782,4.887985489,4.753008141,4.67486849,5.224694762,4.021274137
parE,5.21186605,6.061659862,5.59105596,6.364652447,6.060377453,6.977322698,3.616100965,4.527669483,4.722356551,4.700905348,4.634910367,4.256775916
pbpC,2.024617477,2.340080965,2.156357825,2.693353613,2.83781076,2.800514418,2.258187993,2.741810914,2.433038119,3.280832743,2.837620345,2.728660382
pbpG,4.014420386,4.221796997,4.555755506,4.976586717,4.646872719,4.713091073,3.058650775,3.804655043,4.48734413,4.140297819,3.323031869,2.728660382
pckA,8.5335954,7.437861507,7.231383294,6.781462489,6.823310319,6.293858594,9.26005205,9.126145678,8.389100913,8.645170928,9.825828102,9.063729711
pcm,3.502538225,3.488332863,3.514379414,3.680884508,2.922887473,3.166593538,3.569134251,3.263920196,3.676850297,3.798131235,3.051855849,3.096523317
pcnB,5.131448233,5.411680257,4.719612099,5.440385265,6.063491875,6.910294891,2.915514321,4.2801787,4.722356551,3.533896365,3.747834198,3.839737144
pdhR,2.700105232,4.632196912,4.316023771,5.153347858,6.731333087,6.550935427,3.470333633,3.981186599,4.206408091,4.25020836,3.747834198,3.389035879
pdxA,4.363405661,5.389615336,5.702094593,6.390541284,4.922081529,5.419478527,4.21277922,5.11680583,5.495119924,5.402158074,4.300956729,4.743771959
pdxB,5.520509821,5.586738584,4.691171905,5.389936055,6.030450178,5.723230175,4.84518182,4.990526226,4.41250523,4.824471917,4.56709718,4.10412621
pdxH,3.22043646,3.682562565,3.227503291,3.378053213,3.895269527,3.579714563,2.915514321,2.044750511,2.271761073,2.581544051,1.641516703,1.458599818
pdxJ,5.147894522,4.364434217,4.42368141,4.14392163,4.979277089,4.530311797,3.748448948,4.046155423,4.450410319,4.062071252,4.300956729,3.389035879
pdxK,3.781113532,3.916794537,3.753434699,3.428998246,4.596145083,3.708430744,3.748448948,3.947569154,3.739474064,3.135350084,3.865501508,3.739595723
pdxY,3.978067213,4.554975603,3.69729008,4.457484779,3.85984852,4.271832312,2.372776568,3.317609911,2.709352471,2.336112447,2.27917705,2.231895253
pepA,8.047071974,7.413467883,7.265531027,7.512217138,7.958468869,7.29990757,6.668154389,6.908224736,6.885183307,6.441828739,7.514139684,6.242448363
pepB,6.414171237,6.649445318,6.881106688,6.761760988,6.715581827,6.307454816,6.738730071,6.903852661,6.187284753,6.295760043,6.35531099,5.869063865
pepD,8.206671741,7.908395734,7.717155717,7.807116204,8.679618014,7.368315216,7.182230266,7.48079261,6.985368757,7.358685005,7.152960187,6.477996942
pepE,3.781113532,2.030199546,1.656951679,1.866355798,2.249568588,1.250163792,2.75646861,2.741810914,3.739474064,2.690038402,3.051855849,2.92436909
pepN,7.69650447,7.069360628,6.813468746,6.749309507,6.978204318,6.772000769,8.285032101,7.956555948,7.426634929,7.531812839,8.188409548,7.71416255
pepP,6.467551238,6.019179087,5.651338188,5.705685701,6.819631135,6.196380779,6.393158502,6.143272869,5.982706723,6.410623175,6.740965088,5.796228829
pepQ,7.090776501,7.531509399,7.263118527,7.548601562,7.777340082,7.123604017,8.016655658,7.896208994,7.271244346,7.947809655,7.817422224,6.950329131
pepT,3.978067213,2.809943836,3.447847771,2.924453426,3.85984852,2.961095005,3.616100965,2.385922444,2.940786701,3.845618938,4.123430944,3.515622458
perM,4.151299554,4.063473801,3.753434699,3.722295367,4.747148373,4.729348391,3.86964614,3.64597429,3.230082065,3.412926304,3.747834198,3.389035879
pfkA,7.729655671,7.326140525,7.152764702,7.090697936,8.8162787,7.349380602,7.428742226,7.546774503,7.200746938,7.354591553,7.622474099,7.177604371
pfkB,4.471922423,4.246571952,4.073089259,3.548982175,4.539097939,3.236653072,4.764189033,4.014037271,4.48734413,4.824471917,4.458993237,4.579816561
pflA,4.917905765,5.237326669,4.676738632,4.860951343,5.612462335,4.980895796,4.784867708,3.913148221,4.250052949,5.622449959,4.07540813,4.327436117
pflB,10.59980746,10.01068679,9.779445695,9.465966967,11.02179348,9.375840854,9.923641721,9.758039645,10.0804412,9.79471017,10.07952829,9.403163932
pflC,0.658708418,1.469254964,0.864408982,0.780805482,0.718619532,0.23446579,1.481501414,1.181552541,-1.14456266,0.778581957,0.955758142,0.804561649
pflD,2.161956914,1.284323171,1.977337143,1.206669469,1.619835106,1.153242155,1.255666409,1.181552541,3.230082065,2.581544051,2.837620345,-1.14456266
pfs,6.719361574,6.156171644,6.156674876,6.002847334,6.868525491,5.817470658,6.884735137,6.686907998,6.253079176,6.801933327,7.013479092,6.36502486
pgaA,-1.14456266,0.04093922,-1.14456266,-0.233394293,0.104113823,0.23446579,-1.14456266,0.915725688,-1.14456266,-1.14456266,1.341744444,-1.14456266
pgaD,-1.14456266,-1.14456266,-1.14456266,-0.233394293,0.104113823,-0.005082435,-1.14456266,-1.14456266,0.950201861,-1.14456266,0.400375956,-1.14456266
pgi,6.975739961,7.113776675,7.555033458,7.497402487,8.51648045,6.933277627,6.679239462,6.877338256,7.149841249,7.039757544,6.823179408,6.797007114
pgk,9.551281185,9.28834246,8.948320651,9.163111581,10.28063707,9.142035013,9.01959835,9.124267764,8.776069823,9.639341326,8.561541556,8.691108506
pgm,7.724183102,7.169869442,6.972542383,7.154413252,7.740844843,6.988338057,6.90376219,6.946988365,6.959325522,7.019216126,7.482289065,6.666875211
pgpA,4.391310335,5.224918129,5.520083658,5.31755485,5.717031302,5.566952698,5.395096157,5.314243721,5.759417607,5.83717814,4.761658349,5.107155918
pgpB,4.049878631,4.196588626,4.406287667,3.999884323,4.548022701,4.368440876,4.357887081,4.758341529,3.799486457,4.416595346,3.685185387,4.10412621
pgsA,3.339999835,4.170931385,3.934305241,3.930933505,4.091244089,4.004197595,1.255666409,3.026504243,3.394918736,3.698181102,2.948738551,2.92436909
pheA,7.476553447,8.1653411,8.115122345,8.12788045,8.39256351,7.795279216,8.42166077,8.63582618,8.293321825,7.883919122,7.630799375,7.35711871
pheP,4.992655501,4.554975603,4.137769358,4.619552847,4.028835589,4.886200772,3.188788908,4.108320124,4.29241472,5.17956154,2.837620345,2.501831767
pheS,5.582315655,6.182075468,5.606364341,5.920833192,5.646091578,5.877042164,3.86964614,4.527669483,4.977255686,4.101715412,4.382139907,3.389035879
pheT,8.64349662,8.980468296,9.369255685,9.301730566,8.598476475,8.670853554,7.917167182,8.216602253,8.467412167,8.223943929,7.909258392,7.35711871
phnA,3.552876099,2.997317952,2.58789945,2.959587103,3.943439326,3.632590573,2.372776568,2.28107207,3.043839098,2.885061637,2.837620345,2.501831767
phnB,0.658708418,-1.14456266,-1.14456266,-1.14456266,-0.57230235,-0.563826259,1.481501414,0.10884003,-1.14456266,-1.14456266,0.400375956,-1.14456266
phnC,-1.14456266,-1.14456266,-1.14456266,-1.14456266,-1.14456266,-0.328638789,-1.14456266,0.10884003,-1.14456266,0.261889892,-1.14456266,-1.14456266
phnE,-1.14456266,-1.14456266,-1.14456266,-1.14456266,-0.340399338,-1.14456266,-1.14456266,-1.14456266,-1.14456266,-1.14456266,-1.14456266,-1.14456266
phnF,-1.14456266,-1.14456266,-1.14456266,-1.14456266,-0.57230235,-1.14456266,-1.14456266,-1.14456266,-1.14456266,-1.14456266,-1.14456266,-1.14456266
phnG,-1.14456266,-1.14456266,-1.14456266,-0.233394293,-1.14456266,-1.14456266,-1.14456266,-1.14456266,-1.14456266,-1.14456266,-1.14456266,-1.14456266
phnH,-1.14456266,0.04093922,-1.14456266,-1.14456266,-0.340399338,-0.328638789,-1.14456266,-1.14456266,-1.14456266,-1.14456266,-1.14456266,-1.14456266
phnI,-1.14456266,-1.14456266,-0.081165644,-1.14456266,0.104113823,-1.14456266,-1.14456266,-1.14456266,-1.14456266,-1.14456266,-1.14456266,-1.14456266
phnJ,-1.14456266,-1.14456266,-1.14456266,-1.14456266,-0.340399338,-0.563826259,0.154497435,-1.14456266,-1.14456266,-1.14456266,-1.14456266,-1.14456266
phnK,0.169307087,-1.14456266,-0.081165644,-1.14456266,-0.165749464,-1.14456266,-1.14456266,-1.14456266,0.396002577,-1.14456266,-1.14456266,-1.14456266
phnL,0.169307087,-1.14456266,-1.14456266,-1.14456266,-1.14456266,-0.563826259,-1.14456266,-1.14456266,-1.14456266,-1.14456266,-1.14456266,-1.14456266
phnM,-1.14456266,0.490617291,-0.081165644,-1.14456266,-0.340399338,-0.151607991,-1.14456266,-1.14456266,-1.14456266,-1.14456266,-1.14456266,-1.14456266
phnN,0.169307087,0.04093922,1.06506632,1.07954682,0.718619532,0.596683146,-1.14456266,0.915725688,-1.14456266,0.778581957,0.400375956,0.804561649
phnO,0.169307087,0.490617291,0.328725926,0.938810998,0.848411752,1.048683592,-1.14456266,0.10884003,0.950201861,0.778581957,-1.14456266,0.804561649
phnP,1.50675362,1.632120246,1.393037856,0.938810998,1.68735496,1.61662547,1.845238606,1.181552541,1.335513986,1.142112545,1.341744444,1.898039616
phoA,1.279535868,0.490617291,0.864408982,1.789321157,1.813276146,1.465745832,1.481501414,1.593346297,0.396002577,1.662278962,1.341744444,0.804561649
phoB,2.402133773,2.514481243,1.772119263,2.562090015,2.565004304,2.61960048,2.577489015,2.167844039,0.950201861,2.336112447,1.341744444,2.92436909
phoE,0.169307087,0.813307996,1.656951679,0.387042983,0.966163097,1.250163792,1.255666409,0.10884003,0.950201861,0.778581957,1.341744444,-1.14456266
phoH,7.524568141,6.987263978,6.833119615,6.805716932,5.270951543,6.025925476,10.03137626,8.507714956,7.464159319,7.759405597,9.541165003,9.243406563
phoP,5.273120228,5.930269716,5.818399383,5.626195006,6.223798432,5.909500723,4.958731679,5.11680583,4.924377676,5.523815701,4.699676686,4.021274137
phoQ,4.276295763,5.309616286,5.651338188,6.002847334,5.973641101,6.163863025,4.784867708,4.358987101,4.897193331,4.893828896,4.258583241,2.728660382
phoR,2.024617477,1.777799163,2.388448808,2.36584946,2.376196883,2.307178975,0.639427359,2.660811997,2.829743201,2.03916712,2.440603361,1.458599818
phoU,4.818666763,4.091098885,3.833747712,3.5718229,3.902250361,3.281529775,3.188788908,4.138424687,3.857096996,3.845618938,4.731000545,4.10412621
phpB,3.339999835,3.885576928,4.028297391,4.342769652,4.290565088,4.238134652,2.915514321,2.660811997,2.433038119,2.03916712,1.887696574,1.898039616
phrB,2.161956914,1.777799163,2.069687809,2.256535936,2.731706882,2.043940294,1.845238606,2.574940804,2.271761073,1.142112545,1.887696574,2.501831767
pinQ,-1.14456266,0.04093922,0.626040423,1.939368689,0.408571111,2.432507975,1.255666409,0.10884003,0.950201861,1.42689579,0.400375956,1.458599818
pinR,-1.14456266,1.284323171,0.626040423,1.07954682,0.3162332,2.721107363,2.372776568,0.57980147,1.335513986,0.778581957,-1.14456266,1.458599818
pioO,0.169307087,1.069845507,0.864408982,1.206669469,0.573613538,1.101997975,0.983904798,1.181552541,-1.14456266,0.261889892,0.955758142,0.804561649
pitA,5.080953227,5.606003759,5.068143648,5.800466649,5.382401059,5.999364694,3.058650775,4.457779381,4.523355236,3.798131235,4.16990457,3.839737144
pldA,3.281461771,3.214239589,2.816710004,2.924453426,3.64356845,4.125909016,2.258187993,2.660811997,2.433038119,2.464111871,1.887696574,1.898039616
pldB,4.014420386,4.118204203,3.859553062,3.742562398,4.642712925,4.10112616,3.569134251,3.877884375,3.230082065,3.474683089,2.837620345,3.839737144
plsB,6.586933137,6.663304691,6.682382527,7.038437716,6.250005628,6.797275569,5.583897979,6.502583456,6.569448572,6.464797769,6.837636825,5.796228829
plsC,3.902486666,3.569197809,3.78070658,3.782259969,4.208493184,3.977209255,2.988868548,3.369365381,3.739474064,3.979351652,3.619684692,3.389035879
plsX,7.224701678,7.311546874,6.858911203,7.050666886,7.098465364,6.882405104,4.539242739,5.452391547,6.724384908,5.848866567,5.768214385,5.820918056
pmbA,5.886634934,5.615540708,5.764833674,5.925267967,6.128875356,5.719166662,5.583897979,5.589389158,5.713410787,5.982204203,5.658478056,5.295117765
pmrD,3.502538225,4.170931385,3.934305241,4.159071813,3.103715873,3.367284569,4.489712588,4.615878846,3.912490909,4.91622588,3.148053403,3.933364168
pncA,3.396246232,3.885576928,5.079159021,5.383504002,3.85984852,3.914570415,4.385234356,4.014037271,3.676850297,3.280832743,3.551059262,3.515622458
pncB,4.497821511,4.995788521,4.841076244,4.915475797,6.078963922,5.587160027,4.118139092,4.973934478,3.739474064,3.845618938,4.123430944,4.10412621
pnp,9.907527565,10.83972815,11.21076608,11.92191345,10.95214331,10.9834594,10.63632983,10.82127829,10.37144409,10.90450448,10.03238947,9.032362268
pntA,7.592219444,7.308610345,7.502822428,7.364928974,7.442613835,7.074353493,6.044548015,6.311157104,6.81430633,6.295760043,6.837636825,5.745545316
pntB,7.923581423,7.672947204,8.11244452,7.572829013,7.415449467,7.219490081,6.465375776,6.400764325,7.183977169,6.663188878,7.123764461,6.693857625
pnuC,3.396246232,2.66984026,3.725636131,3.242180345,4.918645382,3.900272783,3.661582857,3.727500311,3.139979739,2.790871234,4.342119852,3.631962725
polA,7.220820799,7.055414405,6.816762535,6.808120099,7.361435493,6.989181919,7.205419038,7.272752291,6.386105451,7.029523395,7.290683509,6.446611752
polB,3.22043646,3.402648158,2.918707025,2.734557267,3.016150758,3.43833929,2.915514321,3.727500311,3.542781318,3.533896365,3.685185387,3.739595723
potA,2.402133773,3.357811199,2.918707025,3.638246641,3.838169984,4.780953325,2.577489015,2.660811997,2.577877013,1.662278962,1.341744444,-1.14456266
potB,1.701594873,2.340080965,2.238018242,2.81356451,2.110500387,3.041646281,1.481501414,1.181552541,0.950201861,1.142112545,0.400375956,1.898039616
potC,4.014420386,3.311530153,3.638865955,3.548982175,3.494403465,3.346320888,2.669780771,3.089641103,3.857096996,3.590767972,3.551059262,2.501831767
potD,7.518257763,6.983586359,7.782625643,7.104450444,7.321670071,5.853137159,6.419839486,6.712132495,7.036085877,6.889418199,7.435532634,6.733407965
potE,1.005901477,2.030199546,1.531325051,1.322734996,1.619835106,1.876515111,1.255666409,1.402984775,0.950201861,1.142112545,1.341744444,1.898039616
potF,4.183579732,3.977270191,4.179330603,4.033160204,3.852658546,3.732847941,6.359098006,5.274151598,5.125165448,5.063960999,4.959746448,5.222845217
potG,2.607531025,3.109874429,3.668374493,2.888436333,2.204714673,2.095594769,3.364239935,2.483565826,3.542781318,3.056677113,2.096977156,2.92436909
potH,2.700105232,2.514481243,3.266654798,2.467348851,1.956213143,2.217021787,1.996751073,2.741810914,2.433038119,2.885061637,1.641516703,-1.14456266
potI,5.302798607,5.355871851,7.650420109,6.962802323,5.580206557,5.116852117,6.478126437,6.98887166,6.033517734,6.843420598,5.841781919,5.024529565
poxB,3.86315489,3.054700123,2.156357825,2.607199367,3.485128086,2.307178975,4.181918076,3.514309881,2.940786701,2.973436686,4.123430944,2.728660382
ppa,7.862621702,8.059274227,8.063373774,8.356054187,8.754993871,7.83853023,7.3988786,7.580038031,7.431379202,7.029523395,7.332116027,7.015947381
ppc,8.233884113,8.729157602,8.626676959,8.587702772,9.089793096,8.094041203,7.10623913,7.747987611,8.133652222,7.721763132,7.482289065,6.869800488
ppdA,1.279535868,0.04093922,0.328725926,-1.14456266,-1.14456266,-0.328638789,0.154497435,-1.14456266,-1.14456266,0.261889892,-1.14456266,-1.14456266
ppdB,0.658708418,1.632120246,1.393037856,1.07954682,1.782847418,1.719858046,1.675275111,1.593346297,1.880704813,0.778581957,-1.14456266,0.804561649
ppdD,-1.14456266,0.04093922,-1.14456266,-0.233394293,-0.165749464,-0.563826259,-1.14456266,-1.14456266,-1.14456266,-1.14456266,0.400375956,0.804561649
pphA,0.658708418,0.490617291,1.06506632,0.59996766,0.573613538,1.250163792,2.372776568,1.181552541,0.396002577,1.142112545,-1.14456266,0.804561649
pphB,0.169307087,0.490617291,1.06506632,1.621147031,1.173835043,1.296115878,1.255666409,1.181552541,-1.14456266,0.778581957,0.955758142,2.501831767
ppiA,3.86315489,4.063473801,3.30476737,3.948483134,3.909197519,4.35278249,1.845238606,2.574940804,3.470749835,2.690038402,2.717142687,2.92436909
ppiB,7.894642013,7.675228886,7.711858251,7.830946385,8.074926211,7.384441046,6.90376219,7.535514016,7.091089368,7.402962673,7.567156243,6.845941827
ppiC,3.396246232,3.054700123,2.388448808,2.993879944,3.186242616,3.154577185,3.94512394,3.841735214,3.676850297,3.412926304,3.478994982,2.728660382
ppiD,7.32210549,7.360574506,6.756292131,7.287818235,7.589193914,7.542834983,5.607302714,6.70209556,6.263758977,6.721569613,6.948358838,5.960787357
ppk,5.641581674,5.108158227,5.174685065,5.153347858,6.068150938,5.252381175,4.633472821,5.070736979,5.07752804,5.160926849,5.03696381,4.794527028
ppnK,4.014420386,4.554975603,3.668374493,3.701738873,4.539097939,4.331636449,3.830369867,4.333193505,3.043839098,3.979351652,3.238206047,4.021274137
ppsA,8.148615658,7.055414405,6.86210297,6.846036105,7.065448622,6.099671472,8.070269488,7.80536982,7.496211132,7.2614657,8.993041061,7.554039774
ppx,4.955764907,5.024712392,4.761247443,4.933201906,5.656441935,5.040738716,4.330010862,4.887985489,4.659026421,4.800591248,4.495936007,4.636565409
pqiA,3.156702039,3.163005359,3.514379414,3.722295367,3.398841768,4.326301104,2.372776568,3.026504243,3.394918736,3.590767972,2.096977156,2.231895253
pqiB,5.097982093,5.187038812,5.164378196,5.721071379,5.364834822,5.098197038,4.21277922,4.196810065,4.558488654,4.621340262,3.974275373,4.18247159
pqqL,3.156702039,4.386892664,4.647431257,4.246772757,3.584008594,4.082255178,2.478808946,5.146720637,5.818562844,5.023272408,4.531955639,4.520742021
prc,6.657540369,7.432476235,7.347523214,7.823838571,7.409954672,7.805854962,6.044548015,6.603091424,6.965880539,6.629704319,6.37526866,5.552659643
prfA,5.097982093,5.444157374,5.393437374,5.981712662,5.973641101,5.523339826,4.721920155,4.990526226,4.977255686,4.726480352,4.531955639,3.933364168
prfB,5.520509821,6.123123729,5.090090896,6.088379329,6.260899373,6.707831478,4.678374611,4.527669483,4.841237185,4.285058031,4.214925963,3.389035879
prfC,4.689795299,5.148137736,5.64393925,6.290965174,5.392343684,5.817470658,4.181918076,4.409229475,4.41250523,4.062071252,4.342119852,3.739595723
prfH,0.169307087,0.04093922,-0.081165644,-1.14456266,-1.14456266,0.121745392,1.481501414,0.10884003,-1.14456266,0.261889892,0.400375956,-1.14456266
priA,3.281461771,3.214239589,3.378087341,3.548982175,4.054124344,4.589401438,2.915514321,2.891221262,3.230082065,2.03916712,2.27917705,2.501831767
priB,7.616054061,8.934539556,8.748957949,8.820364763,8.643394807,9.368076731,7.00414878,6.997104356,7.855161231,5.662740911,6.694064303,5.461384545
priC,3.090005404,3.311530153,3.481498342,2.693353613,3.512776654,3.015295573,2.915514321,3.263920196,2.089747114,2.885061637,2.717142687,0.804561649
prkB,4.572838776,3.947349768,3.958384548,3.930933505,4.68782359,3.935754182,4.610486392,4.384327196,4.066932431,4.776308408,4.421078721,3.933364168
prlC,6.809978734,6.57319226,5.938171966,6.198731026,6.795484975,6.144297705,5.686352139,5.829613643,5.728910005,5.622449959,5.965429433,5.259434137
prmA,4.391310335,5.698649292,5.791865152,5.889402051,5.916226526,5.713049849,3.418265311,3.64597429,4.523355236,3.412926304,3.619684692,3.389035879
proA,5.664622666,5.411680257,5.888947885,5.761315187,5.629374958,4.741422203,3.661582857,4.306929861,5.342269504,4.938280321,5.202521931,4.691164879
proB,5.258048841,5.465409512,5.30237381,5.08363417,5.988464183,5.999364694,3.616100965,4.457779381,4.869486659,3.698181102,4.458993237,3.389035879
proC,4.734044673,4.035308594,3.514379414,4.049514254,4.781605888,4.506924121,3.86964614,4.384327196,4.373576347,4.384819231,4.878159346,4.691164879
proP,5.557910186,6.852618939,5.567784387,7.026103994,7.186798428,7.752183482,5.750823195,6.215613132,5.07752804,6.479909768,4.933060362,4.843556128
proQ,5.469084626,6.62132062,6.489480693,6.999013604,6.700657177,7.358552481,4.805254016,4.940167082,6.231479414,5.122919208,4.342119852,4.691164879
proS,6.984922015,7.163382375,7.206487518,7.335244104,7.233170825,6.740272878,5.523668737,6.059270655,6.677231101,6.261189163,6.516750309,6.047025682
proV,1.005901477,2.340080965,2.524469212,3.213392485,2.582578473,3.213677654,3.125194645,3.317609911,3.230082065,3.936139379,3.747834198,0.804561649
proW,1.701594873,2.594274625,1.393037856,2.074906101,2.547210833,1.990318907,2.838199673,3.026504243,3.470749835,2.581544051,4.07540813,2.231895253
proX,2.402133773,2.514481243,1.977337143,2.198546665,3.485128086,1.38357723,4.864738637,3.766594532,3.676850297,3.135350084,4.791677849,2.92436909
proY,3.781113532,4.758116538,3.958384548,4.575076579,4.608995304,5.05693034,2.669780771,4.252921561,3.542781318,3.209933256,3.238206047,3.839737144
prpC,0.169307087,-1.14456266,-0.081165644,-0.233394293,-1.14456266,-0.151607991,0.983904798,0.10884003,0.396002577,-1.14456266,-1.14456266,-1.14456266
prpE,0.658708418,0.813307996,0.328725926,0.780805482,0.848411752,0.743193164,1.481501414,0.57980147,0.950201861,-1.14456266,0.955758142,1.458599818
prpR,3.22043646,1.069845507,1.878486406,1.07954682,0.3162332,0.516202858,4.721920155,4.046155423,1.634841947,1.662278962,4.214925963,2.92436909
prsA,7.601203634,8.083527712,8.291200337,8.34285502,8.31628881,8.470001677,6.913182431,7.276139045,7.536401163,6.966545344,7.306360476,6.477996942
psd,5.374427949,5.586738584,6.227683692,6.582454105,5.50201364,5.604887484,5.297749802,5.440365343,5.19379519,5.083882748,5.390780372,4.520742021
psiF,1.005901477,0.813307996,0.626040423,-0.233394293,1.310709818,0.121745392,1.675275111,1.760580758,1.634841947,1.42689579,2.585564792,2.92436909
pspA,6.840649157,8.365111323,6.855712358,9.723483635,6.683553792,5.255190527,11.91781595,11.67493247,9.711621667,10.61090439,10.33269789,9.935442839
pspB,2.869000612,3.488332863,2.069687809,3.298080719,3.317537294,2.890327556,6.96392213,7.025554355,5.665888136,6.472373556,6.091425986,5.820918056
pspC,2.161956914,3.163005359,1.06506632,1.939368689,2.83781076,2.169695258,5.802431822,5.866031269,4.951059033,5.337251544,5.289238564,4.794527028
pspD,1.701594873,1.909674822,1.239066079,1.429612449,1.751739463,1.990318907,5.560107211,5.978413463,3.857096996,4.416595346,5.0618107,3.631962725
pspE,4.014420386,3.163005359,4.028297391,3.930933505,2.852345945,3.225211313,5.740276141,5.589389158,4.691039172,5.70193697,5.625527902,5.363940975
pspF,2.024617477,2.937542598,3.103203875,2.515506793,2.808289868,2.095594769,2.372776568,1.909857469,1.335513986,2.464111871,1.641516703,1.458599818
pspG,1.279535868,2.594274625,-0.081165644,2.562090015,1.719920157,2.26281716,4.464294359,4.678665387,3.394918736,3.645476578,3.865501508,4.459142826
pssA,5.594365266,5.517209015,4.676738632,5.290307036,5.513446942,5.878864706,5.063989539,4.905589993,5.321971949,5.38620321,5.642097062,4.520742021
pstA,1.279535868,0.04093922,2.58789945,1.866355798,1.473989129,1.38357723,0.154497435,1.760580758,0.950201861,1.42689579,1.341744444,1.898039616
pstB,3.339999835,2.809943836,2.58789945,1.866355798,2.950159195,2.815880163,3.125194645,2.81846539,2.940786701,2.973436686,2.837620345,3.389035879
pstC,1.872409522,1.909674822,1.531325051,1.528716401,1.584796819,1.425280607,1.255666409,1.593346297,1.634841947,1.662278962,1.641516703,1.898039616
pstS,2.869000612,1.777799163,1.531325051,2.008769244,2.110500387,1.84655887,2.577489015,3.150115972,2.089747114,2.03916712,2.585564792,3.250214154
pta,8.004816453,7.578588087,7.699421322,7.397211249,8.371358622,6.942020557,5.890915105,6.635096006,7.244536075,6.708798756,7.290683509,6.128398078
pth,3.090005404,2.741607747,1.772119263,2.312245118,3.208975686,3.900272783,2.988868548,2.28107207,1.634841947,1.142112545,1.641516703,2.92436909
ptr,4.644144788,4.873917376,4.719612099,5.051534642,5.005427341,5.255190527,3.705671164,4.457779381,4.951059033,4.285058031,4.421078721,3.839737144
ptrB,2.700105232,3.214239589,2.762849217,3.242180345,3.12778315,3.270441365,2.133511042,3.026504243,2.577877013,1.662278962,2.096977156,1.458599818
ptsA,1.872409522,1.069845507,1.531325051,0.938810998,1.584796819,1.340552926,1.255666409,2.483565826,0.950201861,-1.14456266,2.837620345,2.501831767
ptsG,8.34323879,8.926900158,9.350629202,9.332522977,9.003445934,8.183391109,5.063989539,6.150672337,6.326228843,6.370642342,6.240317164,6.653192364
ptsH,6.454390266,7.093446741,7.024745407,6.878414353,7.954280492,7.141932556,6.03594981,6.394545153,6.792345954,6.287194681,5.289238564,5.107155918
ptsI,9.18567255,9.538175172,9.740087503,9.470904655,9.939037835,9.046966172,7.999069708,8.179103673,8.512884189,8.665140653,8.388233438,7.740282339
ptsN,4.936959574,4.792162222,4.866733062,4.804283926,4.747148373,4.953480441,4.610486392,4.167913085,4.558488654,4.938280321,4.16990457,4.256775916
ptsO,4.445549485,4.687514244,4.555755506,4.662698005,4.230840088,4.449195239,4.085158623,4.225138912,3.739474064,4.621340262,2.585564792,3.839737144
ptsP,6.263858113,6.175642989,6.125138888,6.216932365,6.639364916,6.205123504,5.208738863,5.65329869,5.382027282,5.950007348,5.011681315,5.146759137
ptxA,-1.14456266,-1.14456266,-1.14456266,0.387042983,0.215468341,0.121745392,0.154497435,-1.14456266,-1.14456266,0.778581957,-1.14456266,-1.14456266
purA,9.986792254,9.597124039,8.721983016,9.229610231,10.7101424,9.262099034,8.61589243,9.050043997,8.988947847,8.79768615,9.288381762,8.660659508
purB,5.533084668,6.149622351,5.844454334,5.536280025,6.47015529,5.878864706,4.272586782,4.550232955,5.599986522,3.979351652,4.382139907,3.250214154
purC,5.302798607,6.799223741,6.156674876,6.77410592,6.826063561,6.989181919,5.253930888,4.457779381,6.263758977,4.021305152,3.685185387,4.394793315
purD,6.256294349,7.551519569,8.28764402,7.400400099,6.617282234,6.364500999,5.498854764,5.763583037,7.103032716,4.352326751,5.448442235,4.794527028
purE,-1.14456266,2.429952245,0.864408982,2.198546665,2.808289868,3.92166635,1.255666409,0.57980147,1.880704813,-1.14456266,1.341744444,-1.14456266
purF,4.667150713,5.725321092,5.702094593,5.440385265,5.794050725,5.591612358,4.357887081,3.559550295,5.583029683,3.056677113,3.920915173,4.18247159
purH,2.161956914,4.792162222,4.617515752,4.575076579,4.789152562,5.406901523,1.675275111,2.960458629,5.342269504,1.863384156,1.641516703,1.898039616
purK,2.787044417,5.698649292,4.904382146,5.695336649,5.831071277,6.285638925,3.705671164,3.263920196,5.07752804,2.973436686,3.403127684,3.631962725
purL,7.243951003,7.869071847,8.852882636,7.929154669,7.450367029,7.340150039,5.93782416,5.714496379,7.95078566,4.478120255,4.878159346,5.185303861
purM,1.279535868,4.808888284,3.227503291,4.870183127,5.295001461,6.605886074,3.249685166,2.660811997,3.739474064,1.42689579,1.641516703,2.92436909
purN,1.279535868,3.163005359,3.103203875,3.428998246,3.852658546,3.834116274,2.258187993,3.089641103,3.739474064,0.778581957,1.887696574,1.458599818
purR,3.781113532,5.332929487,4.38868146,5.262534534,5.024733472,5.984206499,3.520582185,3.419321637,4.206408091,3.209933256,3.051855849,3.839737144
purT,4.712089729,4.723247491,4.523854001,4.420251683,5.316047618,4.939574807,3.188788908,3.026504243,4.250052949,2.464111871,3.051855849,2.92436909
purU,4.644144788,5.094581589,4.259020946,4.915475797,5.631475161,4.936077346,3.830369867,3.467600001,4.29241472,4.25020836,3.478994982,3.839737144
putA,7.729655671,6.54851226,5.339491965,5.458857896,4.982571921,5.307554096,6.611414204,6.886230647,6.316003255,8.52100177,9.130018283,7.972861903
putP,8.075286641,7.179545675,6.493602667,6.769180616,5.79966474,6.608085101,7.633527799,8.331742427,6.578031531,7.114283516,9.512167049,8.099337228
puuD,4.644144788,6.082440159,5.511977888,6.447146409,4.93574482,6.552078048,5.822569141,5.567440861,5.382027282,6.378727643,4.985947661,4.743771959
pykA,7.92596704,7.163382375,6.945714978,6.60474296,7.492569288,6.438038922,6.167725627,6.746721849,7.120764369,6.883748066,7.274834313,6.36502486
pykF,6.773352474,7.377488117,7.973266561,8.309318913,8.973130655,7.966589118,6.651365419,6.00315002,6.828763038,6.837566392,6.31454774,5.892547281
pyrB,2.024617477,2.741607747,5.068143648,4.097491115,3.174739649,2.919055408,3.249685166,1.760580758,2.271761073,2.03916712,2.717142687,1.898039616
pyrC,2.700105232,3.109874429,2.524469212,3.298080719,3.708748557,4.46869621,2.478808946,2.167844039,3.676850297,2.03916712,1.887696574,1.458599818
pyrD,0.658708418,1.777799163,2.458083344,2.467348851,2.950159195,3.92166635,0.639427359,0.10884003,0.950201861,0.261889892,1.641516703,0.804561649
pyrE,1.50675362,3.446128737,3.378087341,3.722295367,3.566528572,4.864285441,1.255666409,1.402984775,2.271761073,0.778581957,0.955758142,1.458599818
pyrF,2.287124403,2.997317952,2.388448808,2.888436333,3.428183068,3.606395467,1.845238606,0.915725688,2.089747114,1.42689579,1.341744444,-1.14456266
pyrG,6.860739746,7.595552779,7.529164122,8.244256906,8.417422149,8.520490559,6.711992604,6.564832631,6.346465109,6.329521808,6.414374313,6.148043679
pyrH,4.644144788,5.422587417,5.283450262,5.553571575,5.144291473,5.509288799,3.90787948,3.766594532,3.314863079,3.474683089,2.440603361,3.839737144
pyrI,2.508531198,1.069845507,2.388448808,1.866355798,2.909054415,2.070004129,1.481501414,1.760580758,1.335513986,1.662278962,1.887696574,0.804561649
pyrL,0.658708418,-1.14456266,0.626040423,0.387042983,0.408571111,0.935052876,0.154497435,0.10884003,-1.14456266,0.261889892,0.400375956,0.804561649
qor,4.334950048,3.885576928,3.577968833,3.502182927,4.80412844,3.606395467,4.743209479,4.2801787,4.01726939,4.776308408,4.531955639,4.743771959
queA,3.552876099,4.430786254,4.316023771,5.010378652,4.39319417,5.656798975,3.125194645,3.804655043,2.940786701,2.885061637,2.948738551,2.231895253
queF,3.902486666,4.27092816,4.137769358,4.586324941,4.93914051,4.71717262,3.249685166,4.196810065,2.940786701,4.101715412,3.148053403,1.898039616
radC,5.990583127,6.587800105,6.207749597,6.492677749,6.378100003,5.485561902,5.560107211,6.019408504,5.530929281,5.58100117,4.878159346,5.185303861
rarD,1.50675362,2.030199546,2.238018242,3.298080719,2.89508645,3.270441365,1.845238606,1.402984775,2.940786701,2.336112447,2.27917705,1.898039616
rbfA,4.974328164,5.094581589,4.44086776,4.950712767,4.731565565,5.307554096,4.150381458,4.550232955,4.897193331,4.776308408,2.948738551,3.933364168
rbn,3.86315489,4.118204203,3.514379414,3.325235785,3.592669597,3.649792729,4.301584813,3.947569154,4.29241472,3.845618938,3.807869657,3.515622458
rbsA,8.330689613,7.954211816,8.415890934,7.6816771,6.718548318,6.385164576,8.199076733,8.232379428,8.823760818,8.862541043,7.895504696,8.361579452
rbsB,8.482647971,8.463440755,8.141630715,8.45674759,7.922902704,8.611534272,10.27048611,10.1770851,10.32056663,10.85899369,10.88114169,10.0390291
rbsC,8.170912825,7.965442048,7.751983602,7.606354308,6.988071743,7.90218912,9.402304201,9.290901858,9.436365997,9.255083673,9.238863458,9.048131238
rbsD,8.764399665,8.442161625,8.805590704,8.448298824,6.594856268,5.854990136,9.765560685,9.234569007,9.195485601,9.379154958,8.955421259,9.099483379
rbsK,4.818666763,5.486353063,5.068143648,5.290307036,5.046935415,5.296687064,4.784867708,5.21890065,6.708837597,6.581480567,5.410258248,5.745545316
rbsR,4.049878631,4.687514244,4.491230524,4.725087442,4.51654127,5.104442248,3.981429471,4.252921561,5.633313653,5.662740911,3.920915173,4.459142826
rcsC,5.010752842,6.004736209,6.404466879,6.328279247,5.988464183,6.481866746,4.825356113,5.086257351,5.902968244,5.67592496,5.448442235,6.108481238
rcsF,4.183579732,4.196588626,4.586966324,4.959389101,5.32386142,4.478348648,4.21277922,3.64597429,3.739474064,3.845618938,3.323031869,4.256775916
rdgC,3.339999835,3.214239589,2.238018242,2.851489903,3.724592555,4.203630089,0.983904798,1.909857469,2.709352471,2.336112447,3.148053403,3.096523317
recA,7.564926226,7.534025901,8.673755187,9.028414196,8.033441011,7.421798229,8.997627469,8.106766955,7.865715182,8.712289449,8.286518672,7.840274676
recB,4.712089729,5.199776111,6.242455552,6.351531693,5.279012823,5.381413651,4.150381458,4.481454587,5.002984938,5.083882748,4.214925963,2.728660382
recC,4.689795299,5.249629364,5.111709151,4.99358166,5.520263673,5.598265192,5.012320714,4.77759114,4.558488654,4.800591248,4.601402454,4.256775916
recD,5.273120228,5.422587417,5.956206403,5.598693915,5.227180149,5.001120613,5.653002823,6.011302168,5.259306988,5.44899032,5.330716994,4.691164879
recE,1.279535868,1.469254964,1.977337143,1.939368689,1.654006666,1.934570751,1.996751073,2.044750511,0.396002577,1.42689579,1.887696574,0.804561649
recF,2.287124403,2.66984026,2.816710004,2.693353613,3.296471463,3.615180267,1.996751073,1.593346297,2.829743201,2.336112447,1.341744444,0.804561649
recG,3.450374263,4.705491563,4.814954636,4.683795876,4.521080928,4.478348648,2.669780771,3.026504243,4.206408091,3.348396791,1.887696574,2.501831767
recJ,4.597001437,5.134933992,5.311743286,5.506992,5.313433582,5.466295303,3.789992042,3.913148221,4.78302168,4.416595346,4.258583241,3.839737144
recN,4.712089729,4.613275881,6.355481762,6.781462489,5.141346507,4.238134652,8.034029818,6.717124897,5.818562844,6.574457958,6.293725877,6.205424496
recO,1.50675362,2.66984026,2.156357825,2.77460641,2.936588225,3.130238383,0.154497435,0.57980147,2.089747114,1.42689579,1.641516703,-1.14456266
recQ,2.869000612,3.357811199,3.341894942,3.65972349,3.922992093,4.180159312,0.639427359,2.385922444,2.709352471,2.464111871,3.051855849,2.728660382
recR,6.217868972,6.357137022,6.653199575,6.766711644,7.433013886,6.636371548,5.253930888,5.820363745,6.045945687,6.287194681,5.448442235,4.936879918
relA,6.194312662,6.533499019,6.109108542,6.400131061,6.445300649,6.500926396,6.044548015,6.20854018,5.681903612,6.278578159,6.31454774,5.581844769
rem,-1.14456266,-1.14456266,1.393037856,2.008769244,-0.57230235,0.429826472,2.258187993,0.10884003,-1.14456266,1.863384156,-1.14456266,0.804561649
renD,0.169307087,-1.14456266,-0.081165644,-0.233394293,-0.021124796,0.672123583,1.481501414,-1.14456266,-1.14456266,0.778581957,0.955758142,-1.14456266
rep,4.276295763,4.196588626,4.676738632,5.018704348,4.51654127,5.416971885,3.705671164,3.317609911,3.611376894,2.690038402,3.478994982,1.458599818
rfaD,7.236282066,7.009134964,6.969586078,6.93448478,7.315805476,7.037300132,7.174417101,7.460097129,6.274360293,7.619714767,7.231698271,7.687561129
rfaE,6.344542761,5.907158961,5.913769877,6.403313539,5.084218317,6.121387585,5.223960752,5.070736979,4.78302168,5.063960999,5.390780372,4.579816561
rfaH,0.169307087,0.490617291,1.393037856,1.07954682,1.266618037,2.070004129,0.983904798,0.10884003,0.950201861,1.142112545,0.955758142,-1.14456266
rfbA,4.523263489,4.66930994,5.143540818,5.07567602,4.969347185,4.911354686,4.330010862,4.504747228,4.812423203,3.845618938,3.403127684,3.515622458
rfbB,4.497821511,4.221796997,3.577968833,4.081675695,4.68782359,4.620243429,3.188788908,3.727500311,4.206408091,2.973436686,3.685185387,3.096523317
rfbD,3.502538225,3.645757877,3.608739568,3.027371501,3.64356845,2.988451466,3.125194645,3.208145339,3.739474064,2.195417295,2.440603361,2.231895253
rfe,4.049878631,4.196588626,3.725636131,4.246772757,4.347913115,4.580466879,1.845238606,3.514309881,3.230082065,3.209933256,2.717142687,2.92436909
rffG,4.445549485,4.920834237,5.37567881,5.190669438,4.975974713,4.929056872,2.838199673,3.369365381,3.965832754,3.280832743,3.323031869,2.231895253
rffH,4.014420386,4.632196912,4.904382146,4.23252161,4.498238314,4.363240293,3.188788908,3.263920196,3.739474064,3.590767972,3.619684692,2.728660382
rffT,3.156702039,4.318439392,4.137769358,3.820892159,4.085123505,4.144220349,1.255666409,2.574940804,2.577877013,2.790871234,2.585564792,1.898039616
rhaA,-1.14456266,-1.14456266,0.626040423,-1.14456266,-0.340399338,-0.005082435,-1.14456266,0.10884003,1.335513986,-1.14456266,0.400375956,-1.14456266
rhaD,0.169307087,-1.14456266,0.328725926,-1.14456266,0.104113823,-0.328638789,0.154497435,0.10884003,-1.14456266,-1.14456266,0.400375956,1.458599818
rhaR,2.287124403,1.284323171,1.06506632,0.59996766,0.785190935,0.993108595,1.481501414,2.167844039,1.634841947,1.42689579,3.051855849,1.458599818
rhaS,0.658708418,0.490617291,-0.081165644,0.124258233,0.90863663,0.672123583,0.639427359,0.57980147,1.880704813,1.42689579,0.955758142,1.458599818
rhaT,2.607531025,1.777799163,2.156357825,1.621147031,1.719920157,2.217021787,1.255666409,2.385922444,0.396002577,2.336112447,2.27917705,0.804561649
rhlB,6.724852504,7.326140525,7.196407655,7.387602188,7.762565176,7.539382385,6.236880393,6.697050784,6.716632196,7.024378966,6.091425986,6.398215336
rhlE,2.946518091,5.760133264,5.348624147,6.43786512,5.513446942,6.824008314,3.058650775,2.81846539,3.470749835,2.581544051,1.341744444,0.804561649
rho,8.421405848,9.471472764,8.865660423,9.442956056,9.715506434,9.531369762,8.327924569,8.326851851,8.406071304,8.214940314,8.171389213,8.292649552
rhoL,4.418685018,5.297816836,4.904382146,5.168392582,5.257415137,5.206670994,5.046971457,4.57244871,4.812423203,5.337251544,3.685185387,4.691164879
rhsA,1.005901477,2.514481243,2.58789945,1.429612449,2.035469178,1.876515111,1.845238606,1.593346297,2.433038119,0.261889892,1.341744444,1.898039616
rhsB,2.287124403,1.777799163,2.762849217,1.789321157,1.782847418,1.905843576,1.845238606,1.181552541,1.880704813,2.581544051,1.887696574,2.728660382
rhsC,1.005901477,1.069845507,1.06506632,0.938810998,1.473989129,1.340552926,0.983904798,0.57980147,0.396002577,1.142112545,-1.14456266,-1.14456266
rhsD,2.700105232,2.66984026,2.868616656,2.562090015,2.650787194,2.601958204,2.75646861,2.741810914,2.940786701,3.135350084,2.837620345,2.92436909
rhsE,3.020056016,2.340080965,2.458083344,2.851489903,2.778146992,2.240104539,2.372776568,2.483565826,2.433038119,2.464111871,1.887696574,2.92436909
rhtB,3.86315489,2.997317952,4.199670149,4.641286813,3.963600318,3.849082632,3.249685166,2.574940804,3.043839098,3.590767972,3.685185387,2.501831767
rhtC,1.005901477,2.244134095,2.156357825,2.198546665,2.715885433,3.001936354,2.258187993,0.57980147,1.880704813,1.863384156,0.955758142,0.804561649
ribA,5.317411886,5.161221694,4.733624557,5.241348478,5.58887887,5.34231692,5.162084853,5.340365757,4.523355236,5.14204823,4.878159346,4.10412621
ribB,6.525333481,6.412892625,6.140993056,6.428523733,6.590544845,7.300587559,6.785643152,7.159951713,6.677231101,6.629704319,6.961620171,6.36502486
ribC,6.087541783,6.129794157,5.974018158,6.693209083,6.62468075,6.264882486,5.653002823,5.927630247,5.420718491,6.152209131,5.608766201,5.363940975
ribD,4.667150713,4.740787418,4.199670149,4.445180299,5.374898853,4.99104366,4.301584813,4.57244871,4.450410319,4.847963526,4.821085097,4.579816561
ribF,5.374427949,5.517209015,5.330301595,5.871129049,5.94353001,5.923695588,4.242993251,4.940167082,4.78302168,4.565747746,4.667657167,3.839737144
ribH,4.797972256,5.212401905,4.42368141,5.026982254,5.778972316,5.690396966,3.125194645,3.766594532,4.41250523,4.101715412,3.403127684,3.250214154
rihA,5.836790421,4.889726544,5.462362737,5.276487631,3.950191063,3.841618899,4.70031177,4.409229475,5.697743222,5.649435249,5.330716994,4.981370547
rihC,3.978067213,2.997317952,1.772119263,2.074906101,1.473989129,1.686294403,2.838199673,3.026504243,2.577877013,3.056677113,3.920915173,3.250214154
rimI,1.872409522,2.66984026,2.458083344,3.184015617,3.763455919,4.449195239,2.478808946,1.593346297,2.089747114,1.142112545,2.585564792,1.458599818
rimJ,5.402112472,4.386892664,3.982067889,4.097491115,4.630161044,3.683592143,4.330010862,4.504747228,3.965832754,4.384819231,4.342119852,4.459142826
rimK,4.084485016,3.885576928,3.481498342,3.680884508,4.25829503,3.885831771,2.577489015,2.891221262,2.940786701,3.056677113,3.551059262,3.933364168
rimL,2.287124403,3.054700123,3.934305241,3.701738873,2.35586119,2.412372376,3.520582185,2.483565826,3.739474064,3.056677113,1.887696574,3.250214154
rimM,8.505159168,9.546923353,9.273621038,9.473934854,9.025172664,9.195293749,6.754537879,7.11526896,7.775312292,7.226053798,6.240317164,5.295117765
rimO,3.020056016,3.607987039,4.094973529,5.059626753,4.241884912,5.499844824,2.372776568,2.044750511,2.709352471,1.863384156,2.27917705,-1.14456266
rlmL,5.19613721,5.777229285,5.666023172,6.072473734,5.693100078,6.009382384,4.330010862,4.637112956,5.07752804,4.062071252,4.849904581,3.933364168
rlpA,5.570164536,5.273924334,6.187536183,5.819650975,5.597499354,5.257994416,5.177804473,5.378682627,5.171279534,5.14204823,4.699676686,4.890972848
rlpB,6.017679233,5.4759193,5.837984583,5.679672507,5.973641101,5.347591456,4.864738637,5.246790676,6.094613703,5.370069882,5.503887302,5.363940975
rluA,3.22043646,2.937542598,3.30476737,3.5718229,2.808289868,2.637027325,1.481501414,1.760580758,2.089747114,2.464111871,1.341744444,2.231895253
rluC,2.287124403,2.429952245,2.069687809,3.092095514,2.83781076,4.209438531,0.983904798,1.909857469,1.880704813,1.142112545,1.341744444,1.898039616
rluD,3.552876099,4.144808978,4.555755506,4.78488886,4.539097939,4.80031976,4.118139092,3.026504243,3.314863079,4.21449498,3.551059262,2.92436909
rmf,8.16284458,6.915733844,7.206487518,6.708726825,6.146605178,5.511640162,8.589695394,7.952328172,7.23913457,8.094929233,8.692580701,8.382461691
rmlC,3.450374263,3.885576928,4.602321954,4.652032155,4.028835589,4.845764751,4.438419863,3.766594532,3.314863079,3.936139379,2.27917705,3.096523317
rna,3.822718504,4.364434217,4.33453446,4.246772757,4.269132204,4.399256374,3.470333633,3.559550295,3.611376894,3.749023528,3.478994982,3.631962725
rnb,6.1703653,6.880572064,6.489480693,6.921225284,7.139623765,6.954172321,3.94512394,4.550232955,5.847250244,4.319084827,4.56709718,4.459142826
rnc,1.872409522,3.529333577,3.266654798,4.274859093,4.115469666,5.416971885,2.577489015,2.385922444,2.709352471,2.195417295,2.27917705,1.898039616
rnd,1.701594873,3.977270191,3.341894942,4.619552847,3.338298716,4.641876339,3.520582185,3.60341114,3.542781318,2.973436686,2.096977156,2.92436909
rne,8.049262032,8.192674933,8.641612646,9.007131649,8.637137549,8.160350063,7.098002173,8.077949942,7.896921551,8.270312516,8.317793078,7.099038992
rnfA,1.872409522,2.66984026,2.156357825,3.154025009,3.12778315,4.611498551,1.675275111,1.760580758,2.271761073,0.778581957,2.440603361,-1.14456266
rnfB,1.701594873,2.594274625,2.156357825,2.81356451,3.041719637,4.713091073,1.675275111,2.660811997,2.089747114,0.261889892,0.400375956,2.501831767
rnfC,2.607531025,3.885576928,3.546525499,4.188902497,3.566528572,4.16230188,1.481501414,2.044750511,3.043839098,0.778581957,2.27917705,1.458599818
rnfD,3.090005404,3.853667527,5.122397961,5.010378652,3.327955503,4.024112099,2.372776568,2.660811997,3.470749835,2.336112447,1.341744444,1.898039616
rnfE,3.396246232,3.7534632,4.219726587,3.876963743,2.852345945,3.543352358,1.481501414,2.960458629,3.314863079,2.195417295,1.887696574,0.804561649
rnfG,2.607531025,2.937542598,3.859553062,3.453809343,2.747355123,3.225211313,1.481501414,2.28107207,3.139979739,1.42689579,1.341744444,1.458599818
rng,5.388336631,5.567212618,6.290630423,6.06042838,5.522528777,5.62457387,5.239023665,5.65329869,6.39584765,5.813513264,5.268043282,6.025944594
rnhA,2.508531198,3.263708482,3.059257218,3.762548024,3.983482987,4.478348648,2.75646861,2.960458629,1.880704813,3.135350084,1.641516703,1.458599818
rnhB,3.978067213,4.740787418,6.430501154,6.729160864,4.675659992,4.521002209,4.412072405,3.687314521,4.753008141,4.177873934,3.551059262,3.250214154
rnk,3.738270261,3.569197809,3.725636131,3.876963743,3.778712156,3.496567487,3.661582857,3.317609911,4.01726939,3.412926304,2.585564792,3.515622458
rnpA,2.700105232,4.936140006,4.828074589,6.015381089,4.866095761,6.668335132,2.133511042,1.760580758,2.829743201,2.03916712,1.887696574,1.458599818
rnr,7.724183102,7.846977931,7.4863698,8.173328108,7.404438868,8.118928224,6.850821741,7.199729636,6.87128375,7.366837227,7.486882432,6.720344625
rnt,0.169307087,2.141213121,1.772119263,2.198546665,3.231354427,3.448209222,0.639427359,1.402984775,0.396002577,2.03916712,2.096977156,0.804561649
rob,6.233362159,5.930269716,6.172188055,5.838583508,6.677468561,6.303389387,6.251808084,6.250466881,6.253079176,6.663188878,6.017155953,6.462389696
rof,4.620765799,3.311530153,3.013921285,2.607199367,3.801297577,3.117912415,4.610486392,4.409229475,3.394918736,4.44768603,4.382139907,4.021274137
rpe,5.856935371,5.400689989,4.662159411,4.906530356,6.152467024,5.200853998,4.864738637,4.957149614,5.476876255,4.751609612,5.625527902,5.363940975
rph,3.822718504,3.718449416,4.05086741,5.370553202,4.347913115,5.454121669,2.372776568,2.960458629,3.139979739,1.863384156,2.096977156,1.898039616
rpiA,6.194312662,5.914903759,5.520083658,5.542066938,6.485329624,4.970676017,4.921866334,5.499518054,5.789293337,5.905928918,5.841781919,5.820918056
rpiB,3.601511777,2.875164209,2.868616656,2.562090015,1.39479921,2.412372376,2.838199673,2.660811997,0.950201861,2.195417295,1.341744444,2.501831767
rpiR,5.774610513,5.309616286,6.430501154,6.119673874,6.012835782,5.596050988,5.852257643,5.232913077,5.237798669,5.566915939,5.310126879,5.146759137
rplA,9.947410683,11.09941923,11.23112104,11.22966123,11.17641324,11.3890679,8.37470173,8.782350355,9.817798732,8.614688288,8.652255947,8.042741923
rplB,9.778164403,10.63019533,10.21506575,10.46046852,10.07390363,10.33459074,7.542373935,8.254868329,8.907866462,7.350486454,7.231698271,6.653192364
rplC,9.657741008,10.98888567,10.87703478,11.10632733,10.85859818,11.38237886,8.362719193,9.194858988,9.22584196,7.702567063,7.867597584,6.771902895
rplD,10.22531518,11.59631168,11.12966116,11.52827896,10.82973827,11.1954073,8.253859415,8.965513972,9.517805408,8.107146379,8.024318675,7.168014516
rplE,10.62682119,12.14984019,12.3945066,12.65713467,11.70380869,12.22353139,9.688796572,9.698704041,10.0576084,9.204808282,8.932032511,7.899424008
rplF,9.094237869,10.45370612,10.15550256,10.39303464,9.618262804,10.34459877,7.294617423,8.110566097,8.892465611,8.050070511,7.32700157,6.625431076
rplI,8.21059079,9.071627576,8.797277905,9.003466458,8.794186829,8.985708045,6.97295882,7.299626283,8.418071945,6.955776434,7.321868917,6.759185042
rplJ,9.957940281,9.695383632,10.26173198,10.19011503,9.867898751,9.50756688,6.80094785,6.946988365,8.295925526,7.483895574,7.117853739,6.186550025
rplK,7.378933496,8.388939601,7.96141091,8.010706281,8.045697387,7.955405898,5.130122075,5.440365343,7.56690394,5.47938783,5.330716994,5.771109663
rplL,12.01301089,12.22340591,12.64475782,12.49147241,12.50934196,12.44587523,9.861133951,10.05079184,10.06830869,9.946566382,9.833061549,8.933947817
rplM,8.174930089,9.137647023,8.813031488,9.256694745,8.8663991,9.565434402,6.159833059,6.790009004,7.588303423,6.669793526,6.004397169,4.981370547
rplN,9.50575786,10.6163098,10.89584382,10.95961473,10.24215963,10.8094339,8.592629778,8.848680184,9.293849905,8.412954203,7.8137706,7.279088326
rplO,9.567415872,10.33894313,10.26384514,10.63795174,9.896340107,10.48761291,8.223892056,8.580743835,8.832754143,8.246210161,7.406733676,7.026599346
rplP,10.48274965,10.85842272,11.37951666,11.68530325,10.38802089,10.23120932,8.746785253,9.140152653,9.687036868,9.0207367,8.986568555,8.687756847
rplQ,9.719552653,10.51007493,10.26142984,10.56948484,10.32518694,10.48042905,7.205419038,8.060379333,8.812894301,7.972059836,7.750235651,7.561383955
rplR,9.073944206,10.03042669,9.884414745,10.1848079,9.794826844,10.47659802,7.817849217,8.590298266,8.681666163,7.875373028,7.468420556,6.666875211
rplS,8.029430787,8.778806488,9.354033771,9.424279363,9.147062777,9.055249803,5.956168839,6.50835478,7.764073173,6.866602714,6.115356573,5.960787357
rplT,8.570658962,8.793584025,8.861679508,9.19926373,9.09131965,8.898564483,6.945677141,7.451135941,8.267023053,8.029676633,7.571487588,7.674074191
rplU,8.429835306,8.061020205,7.99814091,8.55015159,8.124227659,8.836853075,7.520968616,6.97643385,7.20629382,6.695913836,6.928235433,6.004550859
rplV,11.35219203,12.21402046,11.73905132,12.03522951,11.55250379,12.04196283,8.933109874,10.16571803,10.02737504,8.592265468,9.464056931,7.98383546
rplW,8.694759921,9.684664772,12.11623063,12.40833353,9.594507695,9.763512126,8.442954253,8.312079859,8.559135827,7.71539278,7.738727271,6.653192364
rplX,8.536720659,9.63219314,9.87259421,10.0048165,9.237560407,10.0573465,8.242694475,8.562830249,7.924104975,8.008990327,7.152960187,6.296261277
rplY,7.240121631,7.424360446,7.851689964,7.79505186,7.712854489,8.248624507,5.909862166,6.257337708,6.898950223,5.649435249,5.870189581,6.260609958
rpmA,7.399679848,6.987263978,6.773345289,6.79848332,7.274743862,7.406718611,6.617189705,6.143272869,6.747396158,5.714769161,6.569673671,6.167425328
rpmB,6.441108121,7.051906682,6.468692287,6.986336681,7.55806738,7.944570428,5.029750154,5.35325148,6.033517734,5.905928918,5.202521931,4.843556128
rpmC,9.85716554,10.11689844,9.685731744,9.860615362,9.500550656,9.53455255,7.551451306,8.22363564,8.768590776,7.434331939,7.806439506,7.597554317
rpmD,6.768043408,7.631247541,6.813468746,7.07481856,6.991345944,7.431143572,4.805254016,5.511062968,6.082599761,5.303669048,4.56709718,4.691164879
rpmE,7.630753179,8.054023576,9.277212043,9.405357712,7.50464927,7.62711127,7.87440361,8.016505938,7.4595218,6.906296098,7.175898684,6.348138801
rpmE2,0.169307087,-1.14456266,1.239066079,1.206669469,0.3162332,1.425280607,0.639427359,-1.14456266,1.335513986,0.778581957,0.955758142,1.898039616
rpmF,7.332932653,6.888460188,6.735558637,7.007403421,7.67110021,7.520243971,4.84518182,5.440365343,6.263758977,5.353754052,4.905871111,4.981370547
rpmG,5.698508438,6.123123729,5.057043491,5.884855455,6.412702263,6.030851634,4.825356113,4.384327196,5.583029683,4.981402413,4.56709718,4.520742021
rpmH,6.301093255,6.578077995,6.003224231,6.428523733,6.701656972,7.183077423,4.489712588,4.409229475,5.458398877,4.021305152,4.531955639,4.10412621
rpmI,6.414171237,6.876611768,10.81785772,11.60715934,7.332037513,6.535998405,7.960972245,7.735740216,8.002710872,8.704269495,7.258809061,7.539238289
rpmJ,6.330204508,6.852618939,6.477043631,6.77164537,6.722494174,6.168340663,4.994678045,4.833844504,6.762535574,5.883374115,4.761658349,5.845191817
rpoA,11.29474124,12.29572063,12.70348813,12.89856985,11.95519754,11.90474947,9.121653529,9.846126135,10.43365198,9.918417947,9.553260051,9.042894043
rpoB,11.36213597,10.98705012,11.13577288,11.21773513,11.3617156,10.41505414,10.16354644,10.04930809,10.29085386,10.19971483,10.22615488,9.124489879
rpoC,12.03085271,11.70331503,11.59302174,11.5646207,12.12079752,11.34920002,10.6620501,11.03501379,11.11085261,11.02819828,11.22148183,10.30382854
rpoD,8.373268482,8.367935163,9.084354849,9.280686801,8.085688268,7.982355708,7.499240911,7.56072763,7.650660811,7.636670254,7.985894376,7.287969729
rpoE,7.038819918,7.223862628,7.475990804,8.015913286,6.007994291,7.98277945,7.830333632,8.254868329,7.646586467,8.109577443,8.083138574,6.611347494
rpoH,8.24347975,8.115804262,8.168950044,8.804203938,7.215080438,7.768495615,7.650524161,7.657393784,6.611861659,7.024378966,7.477681026,6.78450961
rpoN,7.047610334,7.163382375,7.906820749,8.034504413,7.203834079,7.528974736,7.489827921,7.541155246,7.172688037,7.42264825,7.1119187,6.625431076
rpoS,9.261302317,8.152296698,8.657314197,8.449068942,7.727653924,7.623854804,11.02071103,9.628897852,8.384215337,9.217260572,10.00703091,9.045515017
rpoZ,6.035464618,6.033478795,5.831485684,5.994430586,6.607713761,6.99423475,5.535917459,5.416007875,5.616746336,5.59495019,5.202521931,4.394793315
rpsA,11.56210525,12.76648746,12.54532771,12.94724821,11.91319823,12.47167175,9.46849429,10.44573292,10.91135737,10.34709284,10.19491276,9.782016958
rpsB,11.15784333,11.10005625,10.76171398,10.82325716,10.96884889,10.89859191,8.259409649,9.377010587,9.724242091,8.995984309,9.245655275,9.00299708
rpsC,11.34195576,11.76794471,11.56281289,11.66506306,11.39481549,11.34401449,9.110436628,9.745266901,10.5280319,9.399165695,9.585740276,9.382581369
rpsD,9.986792254,10.99140574,11.4409722,11.76524018,11.03434716,11.29405554,8.093242732,8.594373731,9.268886779,8.764131581,8.122045022,7.727281556
rpsE,9.06531336,9.955905378,9.339222259,9.610652252,9.254691627,9.826010846,7.55747131,8.173666273,8.182310106,7.461231442,6.921464767,6.625431076
rpsF,7.840029988,8.905680809,8.933984246,8.965216823,8.934743414,9.551647876,6.759768889,6.921262018,7.760307258,5.752594708,6.471114283,5.522871788
rpsG,10.12506162,10.81536769,10.12327705,10.39782908,10.13827088,10.57191445,7.590139664,8.433827034,9.318388428,8.389138389,7.454417434,7.423104345
rpsH,9.378286542,10.63019533,11.55457523,11.68448599,10.27191303,10.66805629,8.910946512,9.091002288,9.258245378,8.261594542,7.780483269,7.068437714
rpsI,8.573705037,9.338870906,8.89166251,9.174332117,9.12170309,9.668199389,6.521886641,7.245368174,7.976981866,6.807933627,6.725500294,5.892547281
rpsJ,9.113203648,10.52849068,10.45299738,10.71296639,9.89950223,10.26626731,7.990195687,8.551694917,8.921419438,7.683112126,7.337212417,6.331052743
rpsK,10.24120749,11.45440373,10.91306499,11.10864435,11.1945923,11.10127129,8.560018542,8.690152574,9.045742089,8.228424753,7.765438731,7.322958479
rpsL,7.601203634,8.057526132,8.026866133,8.03860344,8.369157967,8.31743297,5.66420515,6.681809738,7.99632151,6.234706227,5.086236747,4.794527028
rpsM,8.802549313,9.723216416,9.643229488,9.937812642,9.565283189,9.962675001,7.584254722,7.774571399,8.532888156,8.241784322,7.093965665,6.96147487
rpsN,7.668284403,8.873254872,9.072003614,9.350358079,8.34824222,9.28255043,5.253930888,6.113289514,7.710434211,6.676368075,5.574646904,4.936879918
rpsO,7.685282597,8.372160587,9.278407061,9.545173523,8.167202885,8.574060745,5.802431822,6.490971076,7.934168144,7.008834686,6.02980288,4.843556128
rpsP,5.16415538,6.033478795,5.956206403,6.256184854,6.202766897,6.612473126,3.364239935,3.947569154,5.002984938,4.352326751,3.238206047,2.231895253
rpsQ,10.90352313,11.01973789,10.32237055,10.50039501,10.68072044,10.58194798,8.771596782,9.406669615,9.925128276,9.096225541,9.366482222,9.327650539
rpsR,5.836790421,6.471833092,6.212759004,6.706152098,6.199939382,6.508009341,3.981429471,4.409229475,6.008335931,3.348396791,3.685185387,3.933364168
rpsS,7.829874538,8.618503783,9.218032307,9.599249804,8.388533658,8.510533148,6.167725627,6.49678895,7.553910211,6.656553854,6.534608025,6.224055203
rpsT,8.70173791,9.125183406,8.214612233,9.319948007,9.23945483,10.08858916,7.13067153,7.454129193,6.972405906,6.759217561,7.044969093,6.6804295
rpsU,7.185414936,7.987643609,9.175048815,10.21816993,9.568437959,9.711155089,9.23397806,8.93262727,6.864283428,7.084933481,7.445005934,6.639378497
rpsV,2.607531025,1.469254964,2.156357825,2.607199367,2.89508645,1.815946525,4.825356113,3.804655043,3.542781318,3.749023528,4.382139907,3.515622458
rrmA,2.161956914,2.594274625,1.878486406,2.81356451,2.89508645,3.43833929,1.481501414,1.593346297,2.433038119,1.863384156,0.955758142,2.231895253
rrmB,3.694112533,4.841769377,3.934305241,4.552313088,5.158926768,4.823221279,1.996751073,3.150115972,3.470749835,3.412926304,2.585564792,3.250214154
rrmJ,6.137804265,6.207522342,5.583340411,6.1802971,6.422438073,6.677787722,5.583897979,5.621697844,5.513135725,5.917075436,5.642097062,5.185303861
rsd,6.330204508,5.038959657,4.539892996,4.714874882,4.022443418,4.502200706,5.653002823,5.476147259,5.148406791,5.67592496,5.978535987,5.820918056
rseA,7.213027581,7.156866007,6.93666049,7.661883834,6.433312892,8.139597791,8.28684498,8.205987459,7.491675669,8.001155847,8.127938586,6.797007114
rseB,5.131448233,6.082440159,5.785154623,6.415973704,5.973641101,7.19043385,5.113871063,5.838804605,6.008335931,5.939113365,5.539700958,5.522871788
rseC,2.161956914,3.529333577,4.05086741,4.246772757,3.676527495,4.725301214,2.258187993,3.467600001,4.161399886,3.348396791,2.837620345,3.515622458
rsmC,3.738270261,4.00658169,2.967104776,3.913167376,4.263723805,4.777048628,2.133511042,2.660811997,2.940786701,2.690038402,3.323031869,3.096523317
rsmD,2.508531198,2.741607747,2.388448808,2.888436333,3.317537294,3.130238383,1.481501414,2.483565826,2.089747114,1.662278962,1.341744444,1.458599818
rspA,1.005901477,1.632120246,1.239066079,1.429612449,0.3162332,-0.005082435,1.845238606,1.181552541,1.335513986,1.863384156,1.341744444,1.458599818
rspB,1.005901477,1.469254964,1.656951679,0.59996766,0.966163097,0.874259721,1.255666409,1.760580758,-1.14456266,-1.14456266,0.955758142,0.804561649
rstA,4.548264225,5.148137736,5.436900135,5.598693915,6.178554499,6.253689049,4.764189033,5.694384258,4.41250523,4.565747746,4.761658349,4.520742021
rstB,3.978067213,4.650872841,5.111709151,4.735228175,5.467159706,5.4492233,3.661582857,4.433708824,5.125165448,4.537126357,3.478994982,3.839737144
rsuA,2.946518091,4.063473801,3.187254339,4.505678545,4.06037777,4.57597875,2.988868548,3.208145339,3.230082065,2.885061637,2.717142687,2.231895253
rtcA,1.50675362,1.069845507,2.069687809,1.206669469,1.5119274,1.202582163,0.639427359,1.402984775,-1.14456266,0.261889892,1.641516703,-1.14456266
rtcB,2.024617477,0.04093922,1.239066079,1.866355798,1.619835106,1.651898241,1.675275111,0.915725688,1.335513986,1.142112545,2.096977156,0.804561649
rtcR,0.169307087,0.490617291,0.328725926,0.59996766,0.493994953,0.121745392,1.481501414,0.915725688,0.396002577,1.42689579,1.887696574,0.804561649
rtn,2.287124403,2.875164209,2.868616656,2.81356451,3.09152913,3.6919194,1.845238606,1.760580758,2.709352471,2.464111871,0.400375956,0.804561649
rumA,4.818666763,4.650872841,4.179330603,4.432769881,3.867002769,4.637575647,5.283290913,4.973934478,3.857096996,4.938280321,5.133881715,5.024529565
rus,-1.14456266,-1.14456266,-1.14456266,-1.14456266,-1.14456266,-0.563826259,-1.14456266,-1.14456266,-1.14456266,-1.14456266,-1.14456266,-1.14456266
ruvA,4.363405661,4.091098885,3.884904066,4.033160204,4.274520383,3.99749777,4.242993251,4.358987101,4.29241472,4.507925192,4.258583241,4.579816561
ruvB,4.776976412,5.187038812,5.03458353,4.794619003,5.448220739,4.943063807,4.587127522,4.973934478,5.19379519,4.751609612,5.557279759,5.146759137
ruvC,3.450374263,3.529333577,3.958384548,3.839826347,4.422610066,4.094863258,2.988868548,2.891221262,2.577877013,3.280832743,1.887696574,0.804561649
rzpR,-1.14456266,-1.14456266,-1.14456266,-1.14456266,-1.14456266,-0.563826259,-1.14456266,0.10884003,-1.14456266,-1.14456266,-1.14456266,-1.14456266
sanA,3.552876099,4.386892664,4.05086741,4.2035894,2.376196883,3.001936354,3.249685166,2.483565826,1.634841947,2.336112447,2.096977156,2.501831767
sapA,2.607531025,3.357811199,3.145844317,3.378053213,3.85984852,3.579714563,2.577489015,2.167844039,2.089747114,2.464111871,2.096977156,2.728660382
sapB,2.508531198,2.741607747,2.967104776,2.198546665,3.285821567,2.601958204,1.675275111,1.402984775,2.089747114,1.142112545,2.440603361,1.458599818
sapC,2.607531025,2.594274625,3.753434699,2.888436333,2.866735016,2.391947558,1.481501414,1.760580758,3.043839098,1.662278962,2.27917705,1.458599818
sapD,2.287124403,2.66984026,3.059257218,2.36584946,2.376196883,2.169695258,1.845238606,1.909857469,2.829743201,2.885061637,2.585564792,2.231895253
sapF,1.872409522,2.809943836,2.58789945,2.562090015,2.667342007,2.584095042,1.845238606,1.181552541,2.089747114,2.336112447,1.641516703,0.804561649
sbcB,4.151299554,5.053067546,4.853961715,5.018704348,5.224399823,4.904212514,4.958731679,5.314243721,4.897193331,5.269285949,4.531955639,4.327436117
sbcC,4.084485016,3.78764548,3.753434699,3.801705643,3.740264039,3.708430744,3.249685166,2.81846539,3.857096996,3.412926304,3.238206047,3.096523317
sbcD,2.607531025,2.514481243,2.58789945,1.866355798,3.296471463,3.732847941,2.133511042,2.167844039,2.089747114,0.778581957,2.096977156,2.92436909
sbm,0.658708418,0.04093922,0.626040423,1.621147031,1.619835106,1.905843576,1.481501414,1.402984775,2.089747114,1.142112545,0.955758142,-1.14456266
sbmA,3.502538225,4.632196912,4.352810418,4.704589469,4.219709955,4.904212514,4.051405413,5.023147802,4.523355236,4.893828896,3.974275373,4.520742021
sbmC,3.822718504,3.054700123,4.45785161,3.548982175,3.197654146,2.890327556,6.515715868,4.887985489,4.373576347,5.402158074,4.761658349,5.107155918
sbp,6.89523879,6.543525186,4.988586183,5.598693915,8.367269016,3.856507875,6.426433335,6.467462075,4.333566771,4.91622588,2.585564792,1.898039616
sdaA,6.574821833,5.378454992,5.330301595,5.168392582,5.257415137,5.611479511,5.381585361,5.366023102,4.841237185,4.960002543,5.371035859,6.224055203
sdaB,3.502538225,3.263708482,3.30476737,3.722295367,3.936655787,2.584095042,2.258187993,2.741810914,0.950201861,2.03916712,2.717142687,2.231895253
sdaC,4.734044673,4.341620276,3.341894942,4.065684724,5.305562927,4.050243604,1.996751073,3.150115972,3.739474064,2.885061637,3.747834198,4.021274137
sdhA,8.325277798,8.901788989,8.071669017,8.459043238,6.654933837,8.561066364,8.010086022,8.642401912,8.86116174,8.210417347,9.658799213,8.443353874
sdhB,7.780635168,8.866281939,9.233518555,9.521571946,6.905440855,7.82394152,10.27916384,9.640112336,9.345033035,8.739228555,10.02293217,8.831366061
sdhC,5.866903322,6.011975723,5.311743286,5.536280025,3.186242616,5.611479511,5.146192008,5.499518054,6.489813606,5.58100117,5.938853575,5.820918056
sdhD,5.482113828,5.689647961,5.321052289,5.409061885,2.83781076,5.206670994,4.016842324,4.833844504,5.789293337,4.751609612,5.330716994,4.936879918
secA,9.311431562,9.93748955,10.15257291,10.54879774,9.543980321,9.68000636,9.005355396,9.226713963,9.079380172,9.259468955,9.183346203,8.234112851
secB,6.061738189,5.680590107,5.090090896,5.471042846,5.670808786,5.406901523,5.48628584,5.391232005,6.045945687,5.523815701,5.608766201,5.185303861
secD,7.83242011,8.350908615,7.751983602,8.397338287,8.194092684,8.171544914,6.206553454,7.111482168,7.553910211,6.883748066,6.67808564,6.41452854
secE,5.507824383,6.339981295,6.125138888,6.559815473,6.533291282,7.413649674,4.884033764,4.481454587,5.002984938,4.621340262,4.959746448,3.631962725
secF,5.836790421,6.927266538,6.703888748,6.892071339,6.626787661,6.792449296,4.721920155,5.476147259,6.295332031,5.46426915,5.574646904,5.222845217
secG,4.667150713,5.010322969,4.676738632,4.694230158,4.962689059,6.770038088,4.438419863,4.815336156,3.139979739,3.845618938,3.685185387,3.096523317
secY,10.84105973,11.63125339,11.2070056,11.66564294,11.2475803,11.56315099,9.18524034,9.693014145,10.37514237,9.572184836,8.957077464,8.939595018
selA,3.694112533,4.00658169,3.608739568,3.548982175,4.022443418,3.506047009,3.058650775,2.960458629,2.433038119,3.209933256,1.887696574,2.231895253
selB,5.16415538,4.808888284,4.719612099,4.540795119,4.70787096,4.06953578,2.915514321,4.333193505,3.965832754,4.140297819,3.619684692,3.933364168
selD,6.668979431,5.975409269,5.536159813,5.63163286,6.494588957,6.109018436,6.540242152,6.311157104,5.259306988,6.287194681,6.578308506,6.242448363
seqA,5.846898061,5.716485175,5.666023172,6.064454684,5.990101829,6.160870194,5.239023665,5.274151598,4.373576347,5.494349685,4.878159346,4.10412621
serA,8.004816453,9.501356759,8.859285676,9.352417691,9.620907637,9.861006296,7.312525983,7.279517866,7.662815257,6.801933327,6.552247387,6.148043679
serB,3.738270261,3.488332863,3.103203875,3.858514772,3.956911296,4.637575647,1.255666409,2.660811997,2.709352471,1.662278962,2.717142687,1.458599818
serC,7.83242011,8.467395885,8.08402313,8.425002043,8.808642968,8.498137168,6.086786713,6.613838702,7.468781978,7.054973915,6.763855818,5.892547281
serS,7.837497819,7.774339718,7.401168711,7.348512844,8.090657777,7.744707463,7.441819072,7.088550275,6.959325522,7.542648256,7.226214436,7.187130899
setA,3.601511777,3.718449416,3.30476737,3.858514772,3.584008594,3.649792729,4.464294359,4.887985489,4.250052949,3.645476578,4.821085097,4.520742021
setB,1.279535868,0.04093922,0.626040423,0.938810998,1.39479921,2.145424475,1.845238606,0.915725688,1.880704813,0.261889892,-1.14456266,-1.14456266
sfa,1.50675362,0.490617291,2.58789945,3.428998246,1.584796819,3.977209255,1.675275111,1.593346297,0.950201861,1.662278962,1.341744444,0.804561649
sfcA,5.906100286,7.296804088,7.513010848,7.65388986,7.248986928,7.275212005,6.471765194,7.532685107,7.402676678,7.296029163,6.62072403,6.381715548
sfmA,0.169307087,-1.14456266,-1.14456266,-0.233394293,-0.57230235,-1.14456266,-1.14456266,0.57980147,-1.14456266,0.261889892,-1.14456266,-1.14456266
sfmC,-1.14456266,-1.14456266,-1.14456266,-1.14456266,-1.14456266,-1.14456266,-1.14456266,-1.14456266,-1.14456266,-1.14456266,-1.14456266,0.804561649
sfmD,-1.14456266,-1.14456266,-1.14456266,0.124258233,0.3162332,0.516202858,0.154497435,0.915725688,0.396002577,-1.14456266,0.400375956,-1.14456266
sfmF,-1.14456266,0.490617291,-1.14456266,0.59996766,0.648269063,0.993108595,1.255666409,0.57980147,1.634841947,0.778581957,0.955758142,-1.14456266
sfmH,-1.14456266,-1.14456266,-1.14456266,-1.14456266,-1.14456266,-0.328638789,-1.14456266,-1.14456266,-1.14456266,-1.14456266,-1.14456266,-1.14456266
sfsA,5.606315053,4.905364271,4.691171905,4.842308552,4.168532269,4.38905757,5.881347426,5.327363875,4.373576347,5.789453672,5.841781919,5.693015926
sgaE,0.169307087,0.04093922,1.06506632,1.429612449,1.619835106,1.296115878,1.255666409,0.915725688,0.950201861,0.778581957,-1.14456266,1.898039616
sgaU,2.024617477,1.909674822,2.648628761,1.939368689,1.434968744,1.719858046,1.996751073,2.483565826,2.271761073,2.581544051,2.27917705,-1.14456266
sgbE,-1.14456266,1.069845507,0.328725926,1.07954682,1.124904303,-0.005082435,-1.14456266,0.915725688,2.433038119,1.662278962,1.641516703,1.898039616
sgbU,0.658708418,0.04093922,0.328725926,1.206669469,0.848411752,0.596683146,1.255666409,2.167844039,1.335513986,2.03916712,2.27917705,2.501831767
sgcA,0.658708418,0.04093922,0.626040423,0.124258233,0.493994953,0.743193164,1.255666409,0.915725688,0.950201861,0.778581957,0.400375956,-1.14456266
sgcB,0.169307087,0.04093922,-1.14456266,-1.14456266,0.104113823,-0.563826259,-1.14456266,0.10884003,-1.14456266,-1.14456266,-1.14456266,1.458599818
sgcC,1.872409522,2.244134095,2.648628761,3.027371501,3.163143758,3.398167653,3.125194645,2.741810914,2.089747114,2.336112447,2.27917705,1.898039616
sgcE,1.50675362,0.813307996,0.864408982,1.322734996,1.548844669,1.153242155,1.845238606,0.57980147,0.396002577,1.42689579,2.096977156,0.804561649
sgcQ,1.701594873,1.909674822,1.531325051,2.008769244,1.843055586,1.61662547,1.845238606,1.181552541,1.634841947,1.42689579,2.27917705,2.501831767
sgcR,1.279535868,1.469254964,1.878486406,1.866355798,1.751739463,2.26281716,1.675275111,2.741810914,3.043839098,2.336112447,3.051855849,2.501831767
sgcX,2.161956914,1.632120246,1.531325051,1.621147031,1.310709818,1.153242155,3.188788908,2.660811997,0.396002577,1.863384156,3.238206047,1.898039616
shiA,5.698508438,5.930269716,5.575583369,5.875719046,6.21402186,6.382597757,5.523668737,5.642841808,4.41250523,5.494349685,4.849904581,4.394793315
sieB,-1.14456266,-1.14456266,0.328725926,-0.233394293,-0.57230235,-1.14456266,-1.14456266,0.10884003,-1.14456266,0.778581957,-1.14456266,-1.14456266
sirA,2.024617477,0.813307996,1.06506632,0.938810998,1.221030684,1.651898241,0.639427359,0.57980147,-1.14456266,1.42689579,0.955758142,0.804561649
sixA,4.689795299,5.094581589,4.406287667,4.976586717,3.592669597,5.365901898,5.93782416,5.101612473,5.321971949,5.649435249,5.574646904,4.636565409
slmA,3.090005404,3.163005359,3.753434699,4.23252161,3.151453425,3.248004389,3.058650775,1.909857469,1.634841947,2.790871234,1.641516703,3.250214154
slt,5.70962908,5.433412716,5.174685065,5.415381216,5.005427341,4.900628119,4.805254016,5.246790676,4.691039172,5.197958528,6.103440902,4.936879918
slyA,5.653148175,5.355871851,5.235025783,5.364033933,6.175679078,5.396760357,6.811061518,6.264175966,5.301384668,5.971551565,6.18485484,6.278545747
slyB,6.685969733,6.790830815,6.930592439,6.456368366,7.395816591,6.817371425,6.018598109,6.697050784,6.274360293,5.871963074,6.498668765,6.733407965
slyD,8.634772804,8.575176259,8.220841423,8.433587939,9.191687429,8.63840915,8.272277757,8.270234721,7.801201332,8.221698288,8.259928589,7.52428337
slyX,1.701594873,1.777799163,1.878486406,1.621147031,2.204714673,1.580428267,1.481501414,1.181552541,1.335513986,1.142112545,2.096977156,1.458599818
smf,4.974328164,4.758116538,4.571445375,4.630460784,4.066604167,4.310175526,5.268685607,4.79658715,4.753008141,5.14204823,5.390780372,5.295117765
smg,6.278867695,5.8436565,5.680560162,5.269527956,5.527048341,5.238251745,6.465375776,5.883901014,5.495119924,5.752594708,6.150524188,6.167425328
smp,2.946518091,3.263708482,3.103203875,3.092095514,2.963602834,2.919055408,2.669780771,2.574940804,2.940786701,2.790871234,2.27917705,3.096523317
smpA,4.118279568,3.529333577,2.967104776,3.930933505,3.418469026,3.408316295,2.915514321,3.150115972,3.857096996,4.64835278,4.300956729,3.389035879
smpB,2.287124403,2.66984026,3.227503291,3.154025009,3.041719637,2.452362542,3.249685166,1.402984775,3.314863079,3.135350084,2.096977156,0.804561649
sms,4.183579732,4.705491563,5.264275126,4.976586717,4.777817688,4.897034792,3.125194645,2.660811997,4.29241472,3.209933256,3.619684692,2.501831767
smtA,3.648556922,3.569197809,3.447847771,3.701738873,3.845432489,3.740895817,2.988868548,3.467600001,3.470749835,3.056677113,2.837620345,2.92436909
sodA,8.38891706,8.685682779,8.445981432,8.33120585,8.609970982,7.828192171,7.800187522,7.981665684,8.002710872,7.338100602,7.995596818,7.270151907
sodB,6.975739961,6.630756573,5.870047013,6.056390808,6.604510115,6.342216723,6.86545378,6.542506112,6.498882149,6.682912797,6.603907172,6.881583466
sodC,2.287124403,1.777799163,1.878486406,1.528716401,2.335230105,1.580428267,2.988868548,1.909857469,2.577877013,3.280832743,3.551059262,3.515622458
sohA,4.523263489,3.7534632,3.833747712,3.428998246,3.651879253,3.588663291,5.326239871,5.287639846,4.250052949,4.507925192,5.011681315,4.394793315
sohB,5.629921676,5.010322969,4.841076244,5.07567602,5.481202505,5.832595754,5.618864195,4.71905375,3.542781318,5.00248936,4.300956729,4.394793315
solA,4.597001437,4.535006212,4.05086741,4.302408495,4.80412844,4.60710614,3.705671164,4.306929861,4.250052949,3.979351652,3.920915173,3.096523317
sotB,1.50675362,2.244134095,1.878486406,2.008769244,2.416015583,2.61960048,0.639427359,1.593346297,-1.14456266,1.142112545,-1.14456266,1.898039616
soxR,-1.14456266,1.284323171,0.864408982,0.780805482,0.648269063,0.516202858,1.255666409,1.760580758,0.950201861,1.42689579,0.955758142,-1.14456266
soxS,5.114812233,5.309616286,3.413390689,4.218128117,3.115799972,4.580466879,4.272586782,3.687314521,2.577877013,3.474683089,2.837620345,2.501831767
speA,8.683524457,8.04699285,8.195761642,8.056906291,8.636614884,7.973001761,7.832817603,7.913710092,7.960665064,7.524543751,7.892045687,7.047670193
speB,5.846898061,4.966272643,5.37567881,5.389936055,5.782756721,5.65041129,3.705671164,4.167913085,3.857096996,3.645476578,4.731000545,2.728660382
speC,3.648556922,3.311530153,4.137769358,3.742562398,4.016022755,3.984003896,1.675275111,2.574940804,2.940786701,1.863384156,2.717142687,3.096523317
speD,5.131448233,5.024712392,5.339491965,5.452726601,5.164739553,5.521007473,2.258187993,3.089641103,4.48734413,3.135350084,2.717142687,3.250214154
speE,4.936959574,5.486353063,5.264275126,5.409061885,5.161836089,5.456564629,3.188788908,3.981186599,4.29241472,3.056677113,4.123430944,2.92436909
speF,0.169307087,-1.14456266,0.328725926,0.780805482,0.3162332,-0.151607991,0.154497435,0.57980147,1.634841947,0.261889892,0.955758142,0.804561649
speG,3.020056016,4.687514244,3.638865955,3.948483134,4.484356959,4.620243429,3.616100965,2.81846539,2.709352471,3.056677113,3.148053403,2.728660382
spoT,6.379777041,7.329041624,7.43585526,7.782885777,7.498909511,7.716449604,5.965254431,6.082669713,6.058267485,6.494865103,6.293725877,5.329939833
sppA,5.934814509,6.33421708,6.026170679,6.744298667,6.784202806,6.516229063,5.029750154,5.621697844,4.41250523,5.234063128,4.959746448,4.394793315
spr,6.278867695,5.653070195,4.828074589,5.344297439,4.985859242,6.076035619,3.616100965,4.384327196,4.659026421,4.285058031,3.920915173,5.222845217
sprT,-1.14456266,0.04093922,-0.081165644,-0.233394293,0.493994953,0.596683146,-1.14456266,-1.14456266,0.396002577,0.261889892,0.400375956,-1.14456266
spy,3.281461771,1.632120246,-0.081165644,0.780805482,1.68735496,1.048683592,3.125194645,2.385922444,2.577877013,1.863384156,2.096977156,1.898039616
srlA,1.701594873,0.490617291,0.328725926,1.429612449,0.966163097,0.23446579,1.675275111,2.167844039,1.634841947,2.336112447,2.096977156,1.898039616
srlB,0.169307087,-1.14456266,-1.14456266,-1.14456266,-0.57230235,-0.328638789,0.154497435,-1.14456266,0.396002577,0.261889892,-1.14456266,0.804561649
srlD,1.872409522,1.469254964,1.393037856,1.866355798,1.221030684,1.38357723,2.133511042,1.760580758,2.089747114,1.662278962,3.051855849,2.728660382
srlE,2.402133773,1.069845507,0.328725926,0.387042983,0.3162332,0.935052876,1.845238606,1.402984775,1.634841947,3.280832743,2.440603361,1.458599818
srlR,3.090005404,1.777799163,1.977337143,2.312245118,2.454749665,2.307178975,1.675275111,2.044750511,1.880704813,1.142112545,1.341744444,1.458599818
srmB,4.497821511,4.574672154,3.958384548,5.122779242,4.998934099,5.62457387,3.616100965,3.60341114,4.29241472,3.749023528,3.551059262,3.389035879
ssb,6.657540369,6.089300932,5.567784387,5.977448314,6.378100003,5.925460166,6.950260066,6.813507788,6.070484925,6.074695326,6.900959997,6.296261277
sseA,6.487070273,5.309616286,5.4956284,4.794619003,4.604724611,4.150272774,7.00414878,6.859387331,5.789293337,6.588469157,7.382287448,6.720344625
sseB,3.694112533,4.27092816,4.617515752,4.563739763,4.252845728,4.255081977,3.661582857,4.2801787,3.739474064,4.021305152,3.920915173,3.250214154
sspA,7.311196455,7.182756717,6.842845575,7.308334803,7.402595571,7.12973944,6.722747129,6.570360687,6.586563728,6.950361684,6.801217941,6.205424496
sspB,5.317411886,5.261828004,4.632551095,5.227049548,5.993371554,5.641850137,4.438419863,4.167913085,4.41250523,4.800591248,4.214925963,3.631962725
ssuA,2.287124403,-1.14456266,1.06506632,0.124258233,0.648269063,-0.005082435,1.255666409,0.57980147,0.396002577,-1.14456266,0.400375956,-1.14456266
ssuB,2.869000612,1.069845507,1.656951679,1.322734996,1.782847418,1.651898241,2.133511042,1.909857469,0.950201861,1.142112545,2.096977156,1.898039616
ssuC,1.872409522,1.632120246,-0.081165644,0.780805482,1.124904303,0.743193164,2.133511042,1.402984775,0.950201861,0.261889892,0.955758142,-1.14456266
ssuD,2.700105232,0.490617291,0.328725926,-0.233394293,1.39479921,0.121745392,2.133511042,0.57980147,1.335513986,0.261889892,-1.14456266,1.898039616
ssuE,1.279535868,-1.14456266,-0.081165644,0.124258233,0.104113823,-1.14456266,0.154497435,-1.14456266,-1.14456266,-1.14456266,0.400375956,-1.14456266
stfR,-1.14456266,0.04093922,1.06506632,1.07954682,0.718619532,0.810426666,0.639427359,-1.14456266,0.950201861,0.261889892,-1.14456266,0.804561649
stpA,3.502538225,4.341620276,3.753434699,4.641286813,4.168532269,4.010866402,2.258187993,4.457779381,3.043839098,2.790871234,3.619684692,4.021274137
sucA,9.200527961,9.62158417,9.059545723,9.312773234,8.594175963,8.755371773,10.19042847,10.62608451,9.812353208,9.415959281,10.37233683,9.288357993
sucB,8.723843339,9.013303876,8.703418842,8.825118595,8.603834152,8.52689716,9.39475873,10.0030492,9.844722237,9.514647184,9.718605069,9.236541396
sucC,8.62011485,8.503796773,8.223325587,8.417939012,8.458220234,8.32981049,9.234917434,9.602836269,9.313256994,9.259468955,9.578226701,8.800665493
sucD,7.970559975,7.706799231,8.029707447,8.525537117,7.530761956,7.324856146,9.066787842,8.884623435,9.198271816,9.283352592,9.35522172,8.646917559
sufA,2.869000612,3.529333577,3.982067889,3.184015617,3.208975686,2.637027325,3.86964614,3.467600001,2.433038119,2.690038402,3.148053403,3.096523317
sufB,4.276295763,4.687514244,5.666023172,4.775092611,4.621731999,3.524820634,5.48628584,5.070736979,4.48734413,3.698181102,4.667657167,3.515622458
sufC,3.450374263,3.488332863,4.005368097,3.680884508,3.626801438,2.784981838,3.125194645,3.687314521,3.676850297,1.863384156,2.717142687,2.728660382
sufD,3.86315489,4.091098885,4.352810418,3.701738873,3.950191063,3.641217357,3.90787948,3.913148221,4.066932431,3.590767972,4.258583241,3.250214154
sufE,2.161956914,2.429952245,2.388448808,3.027371501,2.510943329,2.432507975,2.133511042,3.089641103,2.940786701,0.778581957,2.585564792,1.898039616
sufI,5.402112472,5.148137736,5.011768237,4.985109224,5.730810003,5.776995841,4.464294359,4.57244871,4.48734413,4.507925192,4.699676686,4.021274137
sufS,3.396246232,3.357811199,4.05086741,3.453809343,3.307042989,3.303453074,3.616100965,3.877884375,3.912490909,3.891590314,3.051855849,2.92436909
sugE,4.084485016,4.170931385,4.278273498,4.563739763,4.908287541,5.072942191,5.283290913,4.637112956,4.01726939,3.845618938,3.551059262,3.631962725
suhB,3.601511777,5.249629364,5.283450262,6.100194483,5.037462119,6.985803506,4.085158623,3.687314521,3.857096996,3.209933256,4.421078721,2.501831767
sulA,3.396246232,3.311530153,3.481498342,3.548982175,4.50741884,4.215223654,6.365974743,4.758341529,4.558488654,5.160926849,4.382139907,4.743771959
surA,7.460186747,7.929575536,7.794368414,8.289676669,7.575079092,8.021653182,6.58218469,7.037577533,7.910577287,7.476380355,7.253427508,6.96147487
surE,3.694112533,4.170931385,4.45785161,4.174064352,3.874121648,3.732847941,3.86964614,4.252921561,3.470749835,4.25020836,3.747834198,3.250214154
syd,3.090005404,3.7534632,3.447847771,3.5718229,3.881205506,4.378786085,3.249685166,2.891221262,3.043839098,3.056677113,2.096977156,2.501831767
tadA,1.872409522,2.429952245,3.958384548,3.638246641,3.358764436,3.675216422,1.675275111,1.760580758,3.139979739,1.42689579,-1.14456266,2.501831767
tag,2.787044417,2.875164209,3.013921285,2.959587103,3.103715873,3.130238383,2.915514321,2.385922444,2.271761073,2.581544051,1.341744444,2.231895253
talA,3.22043646,2.244134095,1.393037856,2.36584946,2.866735016,1.934570751,3.830369867,3.089641103,3.139979739,2.581544051,3.403127684,3.515622458
talB,8.527324499,8.055775917,7.976215313,7.729370003,8.601157801,7.644356023,7.735284066,7.693303759,8.083295786,8.336147817,7.780483269,7.939431352
talC,2.287124403,1.632120246,1.239066079,1.429612449,2.335230105,0.935052876,3.188788908,2.044750511,0.950201861,1.142112545,2.096977156,0.804561649
tam,1.50675362,0.04093922,-0.081165644,0.124258233,0.848411752,0.23446579,0.983904798,1.593346297,0.396002577,0.778581957,0.955758142,0.804561649
tap,1.279535868,0.490617291,-0.081165644,0.938810998,0.848411752,0.672123583,1.255666409,0.57980147,1.335513986,-1.14456266,1.341744444,-1.14456266
tas,8.092379177,7.451237391,7.736415014,7.764442095,8.398124786,7.215889895,8.690375797,8.179103673,7.638403094,7.947809655,8.39068665,7.516747372
tatA,6.061738189,6.156171644,8.874379961,8.495285332,5.748334254,5.101323023,7.729963423,7.272752291,6.864283428,7.308779917,7.7115119,7.068437714
tatB,5.533084668,5.982797089,5.90141227,5.898452476,5.879588042,6.115216267,5.66420515,5.883901014,5.101543425,5.82539423,6.385144902,5.066434401
tatC,3.781113532,4.473382622,4.705462124,4.597486218,4.811558453,5.011127641,3.94512394,4.014037271,3.799486457,4.021305152,4.123430944,3.631962725
tatD,1.279535868,2.66984026,2.706879979,3.154025009,3.456937476,4.050243604,2.75646861,2.28107207,1.335513986,2.336112447,3.323031869,1.458599818
tatE,7.648196684,7.323233581,7.825768088,7.703786008,7.159407034,6.825898974,6.785643152,6.455562332,6.316003255,7.395012609,7.301153726,6.797007114
tauA,6.137804265,6.136433883,5.744222361,5.421672982,6.20558888,3.534116342,4.764189033,5.131840795,3.230082065,2.973436686,2.440603361,2.728660382
tauB,5.010752842,4.574672154,4.259020946,3.594306625,5.268254406,2.601958204,3.616100965,4.108320124,2.709352471,2.03916712,2.27917705,2.92436909
tauC,5.402112472,5.134933992,5.629026536,4.8138845,5.407130283,2.704682599,4.514690377,4.833844504,2.089747114,2.03916712,2.440603361,1.458599818
tauD,5.02862589,4.294879557,4.05086741,3.858514772,5.138395516,2.90476351,3.830369867,3.913148221,2.577877013,2.336112447,2.585564792,3.389035879
tbpA,1.005901477,0.490617291,0.864408982,0.59996766,1.353406739,1.752629909,-1.14456266,0.57980147,0.396002577,-1.14456266,0.955758142,0.804561649
tdcA,0.169307087,0.813307996,-0.081165644,0.124258233,-0.340399338,-0.328638789,0.639427359,0.915725688,-1.14456266,0.778581957,0.400375956,0.804561649
tdcB,0.169307087,-1.14456266,-0.081165644,-0.233394293,-0.165749464,-0.328638789,-1.14456266,0.10884003,-1.14456266,1.42689579,0.955758142,-1.14456266
tdcC,1.50675362,0.04093922,0.864408982,0.124258233,1.124904303,0.874259721,-1.14456266,0.915725688,1.880704813,1.662278962,2.27917705,0.804561649
tdcD,-1.14456266,-1.14456266,-0.081165644,-0.233394293,0.215468341,0.121745392,-1.14456266,-1.14456266,0.396002577,0.261889892,0.955758142,-1.14456266
tdcE,1.50675362,1.632120246,1.977337143,1.206669469,2.009543656,1.101997975,1.255666409,2.167844039,2.271761073,1.662278962,2.440603361,1.458599818
tdcF,0.658708418,0.490617291,0.864408982,-0.233394293,1.021243697,-0.005082435,0.639427359,0.10884003,-1.14456266,1.142112545,0.400375956,-1.14456266
tdcG,5.010752842,4.740787418,4.747502147,4.704589469,4.530117581,3.99749777,5.560107211,6.343802331,6.516849989,6.329521808,6.694064303,7.058091322
tdh,7.173417218,5.768706601,5.428311724,5.091548646,6.959101004,5.310258109,6.884735137,6.356656344,5.713410787,6.695913836,7.562811855,7.177604371
tehA,1.50675362,1.469254964,1.878486406,1.707779131,2.454749665,2.637027325,1.481501414,2.660811997,1.335513986,1.662278962,2.440603361,1.898039616
tehB,2.700105232,2.937542598,3.227503291,2.734557267,4.4750279,3.788260467,3.364239935,2.960458629,3.230082065,3.135350084,2.717142687,2.231895253
tesA,4.572838776,3.821034916,3.807471401,3.594306625,4.979277089,4.46869621,3.520582185,4.358987101,3.739474064,3.056677113,3.238206047,3.096523317
tesB,4.644144788,3.488332863,3.638865955,3.762548024,3.740264039,3.225211313,4.181918076,4.225138912,3.965832754,4.871078557,4.258583241,3.739595723
tfaE,-1.14456266,0.813307996,-1.14456266,0.59996766,0.215468341,0.672123583,0.154497435,1.593346297,-1.14456266,0.778581957,-1.14456266,1.458599818
tgt,5.455936657,6.129794157,6.03185071,6.49566268,6.071248641,6.727181419,4.150381458,4.433708824,5.215964741,4.565747746,3.974275373,4.691164879
thiC,1.701594873,2.244134095,1.393037856,2.198546665,2.454749665,2.753401269,2.75646861,2.741810914,2.271761073,1.662278962,2.948738551,0.804561649
thiD,4.839068467,6.061659862,5.366716857,5.911922531,5.780865759,6.196380779,4.385234356,5.086257351,4.161399886,4.621340262,4.531955639,3.839737144
thiE,0.658708418,0.04093922,0.864408982,0.387042983,1.074094981,0.516202858,0.639427359,1.402984775,1.335513986,0.261889892,1.887696574,-1.14456266
thiF,0.658708418,2.030199546,1.656951679,1.528716401,2.227319223,1.905843576,2.133511042,1.760580758,1.335513986,1.662278962,2.440603361,0.804561649
thiG,2.024617477,1.777799163,1.239066079,1.429612449,2.009543656,1.340552926,1.675275111,2.385922444,2.271761073,1.662278962,2.27917705,1.458599818
thiH,1.50675362,1.469254964,0.864408982,1.07954682,2.492457405,2.217021787,1.255666409,2.167844039,1.335513986,1.863384156,1.887696574,2.92436909
thiI,4.955764907,5.827334267,5.511977888,6.351531693,5.940145202,6.512712058,4.21277922,4.699000984,4.722356551,4.21449498,3.974275373,4.327436117
thiJ,4.391310335,3.718449416,3.909816478,3.298080719,4.219709955,3.335723238,3.569134251,3.804655043,4.11494029,3.645476578,4.342119852,3.933364168
thiK,2.700105232,2.741607747,2.58789945,3.428998246,3.651879253,3.780473794,3.418265311,2.167844039,2.271761073,2.885061637,2.096977156,1.898039616
thiL,4.418685018,3.916794537,3.859553062,4.481783059,4.085123505,4.749415607,3.364239935,2.960458629,3.611376894,2.195417295,2.585564792,1.898039616
thiM,3.940772686,5.187038812,4.555755506,4.804283926,4.642712925,5.177348523,2.915514321,3.841735214,4.066932431,3.979351652,3.051855849,3.739595723
thiQ,-1.14456266,0.04093922,1.531325051,0.59996766,0.104113823,0.336426748,0.983904798,0.915725688,-1.14456266,0.778581957,0.400375956,1.458599818
thiS,-1.14456266,0.04093922,-0.081165644,-1.14456266,-0.165749464,0.23446579,0.154497435,0.10884003,-1.14456266,1.142112545,0.400375956,-1.14456266
thrA,8.646392875,9.180842308,9.781975617,9.316998009,8.677840993,8.346699179,6.917869585,7.985808477,8.441777845,8.201328649,7.643197896,6.927775946
thrB,7.561861526,7.652248029,8.649022902,7.846227559,7.168113263,6.995915102,5.983255725,6.822801166,7.358522921,7.003615816,6.345227653,6.224055203
thrC,7.460186747,7.929575536,8.681905951,8.227297934,7.445003875,7.409873223,6.053095275,6.841210225,7.686821197,7.588683484,6.900959997,6.381715548
thrL,4.689795299,4.775239862,5.680560162,5.107248479,5.349605871,5.622399715,5.421743902,5.600239327,6.209551319,5.269285949,4.123430944,4.021274137
thrS,9.811447542,10.10086271,10.28123619,10.46447317,10.58224162,10.40172692,10.1296027,9.859169519,9.630397617,10.0019218,9.687017399,9.175633694
thyA,4.839068467,5.297816836,4.89194135,5.198019244,5.474198195,5.116852117,4.118139092,4.077573058,4.626286693,4.776308408,4.123430944,4.18247159
tig,10.23111448,10.44971324,10.17070593,10.580597,10.41066631,10.09075298,8.625953066,9.271519422,9.244832288,9.090083496,9.20859367,8.369968654
tilS,3.156702039,3.78764548,3.638865955,4.342769652,3.823534143,4.419440011,2.258187993,2.574940804,3.139979739,3.056677113,3.148053403,1.898039616
tkrA,7.099256881,6.401912565,6.212759004,6.011215259,7.518332233,6.296588109,6.684750219,6.059270655,6.316003255,6.054648136,6.928235433,5.522871788
tktA,8.399255936,7.952331582,7.322252798,7.504828829,8.067577396,7.269666216,6.018598109,6.836629936,7.907175452,6.993121095,7.719340249,6.96147487
tktB,3.978067213,3.214239589,2.868616656,2.515506793,3.81616005,2.875744589,5.583897979,4.358987101,3.611376894,4.25020836,5.011681315,4.579816561
tldD,5.816360153,5.716485175,6.417542744,6.626692682,6.318084192,6.310158751,5.832533354,5.684222053,5.07752804,6.013698103,5.539700958,5.185303861
tmk,3.648556922,3.488332863,3.668374493,3.502182927,3.668358234,3.225211313,3.569134251,3.089641103,2.709352471,2.581544051,2.948738551,1.898039616
tnaA,2.287124403,0.04093922,0.626040423,-1.14456266,0.493994953,0.743193164,3.058650775,1.909857469,2.709352471,3.348396791,4.123430944,3.933364168
tnaL,1.701594873,1.909674822,2.069687809,0.938810998,-1.14456266,-0.563826259,0.154497435,1.593346297,3.470749835,3.135350084,2.440603361,1.458599818
tolA,4.644144788,5.024712392,5.03458353,5.434174771,5.018326769,5.704853538,3.789992042,3.559550295,4.78302168,4.416595346,3.619684692,3.389035879
tolB,8.092379177,7.965442048,7.827401922,7.957575718,8.150092864,8.013795924,6.588078163,7.383662503,8.009072062,7.166588517,7.32700157,7.674074191
tolC,7.177427554,7.034238982,6.37348757,6.65099339,7.709379332,6.984111328,6.399875153,6.845776018,6.754985725,6.807933627,6.851950794,6.224055203
tolQ,3.86315489,4.386892664,3.909816478,4.804283926,4.269132204,5.32370265,2.75646861,2.574940804,2.829743201,2.336112447,3.148053403,0.804561649
tolR,3.902486666,3.916794537,4.662159411,5.153347858,4.634357158,5.487952233,3.249685166,3.419321637,4.450410319,3.891590314,4.025729113,4.021274137
tonB,1.872409522,2.340080965,2.816710004,3.060098585,3.808747992,2.452362542,1.481501414,2.574940804,2.089747114,0.261889892,1.887696574,2.231895253
topA,7.707639727,7.6843197,7.163153044,7.723016413,7.382785777,7.552001718,7.142734295,6.938463789,6.892083187,6.479909768,7.496025523,6.148043679
topB,4.523263489,4.905364271,4.691171905,4.888471258,5.329047203,4.893432489,4.464294359,4.57244871,4.558488654,4.726480352,4.634910367,4.256775916
torA,1.005901477,1.069845507,1.06506632,1.206669469,1.353406739,1.296115878,1.255666409,0.915725688,1.634841947,1.42689579,1.641516703,1.458599818
torC,0.169307087,-1.14456266,-0.081165644,-0.233394293,0.493994953,-0.151607991,-1.14456266,-1.14456266,-1.14456266,0.261889892,0.400375956,-1.14456266
torD,-1.14456266,0.813307996,-0.081165644,0.124258233,0.785190935,0.336426748,-1.14456266,1.402984775,0.396002577,0.778581957,0.955758142,-1.14456266
torR,1.005901477,1.469254964,0.626040423,1.322734996,1.39479921,0.810426666,0.983904798,1.593346297,0.396002577,0.778581957,1.341744444,0.804561649
torS,0.169307087,1.284323171,1.06506632,2.138078784,1.928768743,1.815946525,0.639427359,0.915725688,0.950201861,1.142112545,0.400375956,-1.14456266
torT,0.169307087,0.813307996,1.393037856,0.780805482,0.785190935,0.743193164,0.639427359,0.915725688,0.396002577,0.778581957,-1.14456266,-1.14456266
torY,-1.14456266,-1.14456266,-1.14456266,-0.233394293,-0.57230235,0.121745392,-1.14456266,0.10884003,0.950201861,-1.14456266,0.955758142,-1.14456266
torZ,3.281461771,2.741607747,3.187254339,3.5718229,3.003193266,3.45801186,3.520582185,3.263920196,3.394918736,3.135350084,4.07540813,2.92436909
tpiA,7.847599936,7.731128757,6.972542383,7.320169429,8.467654407,7.580837936,6.426433335,6.746721849,7.07904632,6.746777091,6.725500294,6.224055203
tppB,2.024617477,1.777799163,1.656951679,2.734557267,2.59993874,2.846125329,2.133511042,1.181552541,1.335513986,1.662278962,0.955758142,2.728660382
tpx,8.815473888,8.887100439,8.634164131,8.914818494,9.227183173,8.432027072,8.977563467,8.716567395,8.8345461,8.843680943,8.355956166,8.168298307
tqsA,1.279535868,1.777799163,2.315226014,1.322734996,1.813276146,2.169695258,0.154497435,0.57980147,1.335513986,0.778581957,1.341744444,1.458599818
treA,2.946518091,1.777799163,1.06506632,1.621147031,2.473728372,1.962721439,3.058650775,2.891221262,0.950201861,1.42689579,2.585564792,2.501831767
treB,2.869000612,1.909674822,1.06506632,0.59996766,1.074094981,0.743193164,6.826100309,6.559283311,4.41250523,3.348396791,7.806439506,5.892547281
treC,1.005901477,1.284323171,-0.081165644,0.59996766,0.408571111,-0.005082435,5.097434842,3.64597429,1.634841947,1.42689579,5.503887302,2.92436909
treF,3.020056016,2.429952245,2.069687809,1.866355798,2.922887473,2.547683181,2.915514321,2.167844039,1.335513986,2.885061637,3.051855849,3.096523317
treR,2.607531025,2.997317952,1.878486406,2.417504478,3.054335116,3.080286144,2.372776568,2.81846539,2.577877013,2.195417295,3.148053403,3.250214154
trg,1.50675362,0.04093922,2.069687809,2.36584946,2.15839243,2.193556411,2.478808946,2.044750511,1.335513986,1.662278962,2.585564792,-1.14456266
trkA,4.215152564,4.430786254,4.239507697,4.481783059,5.018326769,4.811815985,2.915514321,3.913148221,3.965832754,4.062071252,3.865501508,4.10412621
trkD,1.701594873,2.937542598,1.878486406,2.417504478,3.06684059,3.292533245,1.675275111,2.167844039,1.880704813,2.336112447,0.955758142,2.231895253
trkG,0.169307087,2.030199546,1.06506632,1.429612449,1.221030684,2.169695258,-1.14456266,1.181552541,0.396002577,1.863384156,-1.14456266,1.458599818
trkH,4.391310335,4.386892664,4.158699829,4.23252161,4.743268431,4.725301214,3.520582185,4.252921561,3.542781318,3.798131235,3.051855849,3.250214154
trmA,2.508531198,3.311530153,2.868616656,3.351887143,3.317537294,3.80370859,1.675275111,2.167844039,1.335513986,2.464111871,1.641516703,1.458599818
trmB,3.86315489,2.66984026,2.762849217,3.403751415,3.651879253,3.970382408,3.418265311,2.660811997,2.577877013,3.056677113,2.440603361,2.728660382
trmD,8.369767848,9.279371371,9.803302696,9.922921877,8.976232321,9.190165573,5.909862166,6.264175966,7.78646453,6.560309343,5.330716994,4.981370547
trmE,5.080953227,4.825422553,5.598730459,5.452726601,5.35977635,4.860600284,4.633472821,4.990526226,3.912490909,3.645476578,4.878159346,4.394793315
trmH,1.279535868,2.594274625,2.315226014,2.693353613,2.492457405,2.350195651,0.639427359,0.57980147,2.089747114,2.336112447,0.400375956,1.458599818
trpA,5.816360153,5.751508666,5.487383632,5.248445131,5.85283598,5.569211987,5.607302714,5.81105415,5.728910005,5.960819676,5.798093118,5.429629227
trpB,6.480593228,7.16012787,7.001776946,6.971404757,6.750783357,6.695475372,6.471765194,6.570360687,6.73209618,6.609234062,6.560986841,6.523830456
trpC,6.379777041,6.931090373,6.50589839,6.471608489,6.218219935,6.836253541,5.956168839,6.388299054,6.130066621,6.152209131,5.965429433,5.397159016
trpD,5.455936657,6.129794157,6.227683692,5.925267967,5.460086703,5.849424049,6.167725627,6.419262573,6.153226917,6.234706227,6.67808564,4.743771959
trpE,7.220820799,6.497848308,6.103725262,6.43786512,5.86538204,5.904141429,6.236880393,7.185391515,7.144072568,6.777679403,7.64730717,5.429629227
trpR,3.738270261,3.645757877,2.706879979,2.993879944,2.715885433,2.73734551,3.661582857,3.64597429,3.230082065,4.177873934,4.495936007,2.92436909
trpS,6.544091118,5.930269716,5.544131196,5.695336649,6.559998619,5.927222587,4.84518182,5.232913077,5.513135725,5.509157934,5.557279759,4.579816561
truA,4.936959574,4.705491563,4.11653034,4.673285531,4.388232621,5.004464011,3.058650775,3.981186599,3.739474064,3.280832743,3.478994982,3.739595723
truB,5.545550835,6.663304691,6.197678293,6.576827666,6.022470287,7.12973944,4.994678045,5.340365757,5.301384668,5.043760196,4.791677849,3.631962725
truD,5.02862589,5.249629364,5.613958035,5.458857896,4.848144871,5.027653241,4.610486392,5.055047761,5.07752804,5.417938382,5.246531873,4.579816561
trxA,7.466755725,7.682052362,7.265531027,7.17504134,8.2271019,7.875510758,6.968447551,6.925581728,7.222807641,7.495095506,7.170198162,6.6804295
trxB,6.628539478,6.60704995,6.266744076,6.596424943,6.484168017,6.423128674,5.523668737,6.443563615,5.697743222,5.38620321,5.841781919,5.869063865
trxC,3.940772686,3.885576928,3.69729008,3.820892159,3.02899219,3.524820634,4.721920155,3.877884375,3.912490909,4.25020836,3.865501508,4.021274137
tsf,9.931470773,9.862883537,9.749597389,9.813250298,9.756734188,9.629483737,7.224462301,8.22363564,8.850574333,8.371014922,8.338272276,7.881932442
tsr,1.701594873,1.069845507,1.878486406,2.008769244,2.204714673,1.876515111,2.258187993,1.760580758,0.396002577,0.261889892,0.400375956,1.458599818
tsx,7.277965498,7.044865545,7.471818208,7.46882852,6.798291785,6.339572268,5.460814569,5.511062968,5.495119924,5.14204823,5.591807432,4.18247159
ttdA,-1.14456266,-1.14456266,-1.14456266,-0.233394293,-1.14456266,-0.563826259,0.154497435,-1.14456266,-1.14456266,0.261889892,0.400375956,-1.14456266
tufA,12.58745102,12.5624453,12.62587023,12.68555446,12.66820262,12.24751142,11.02316005,11.59005805,11.99633689,11.2274161,11.25249709,10.95373701
tufB,12.35747625,12.23059909,12.3049176,12.233083,12.42801243,11.84520247,10.70233987,11.34341051,11.68013033,10.99505341,11.06093958,10.57814062
tus,2.024617477,1.909674822,1.977337143,1.789321157,2.035469178,2.043940294,1.845238606,0.57980147,1.634841947,2.790871234,0.955758142,0.804561649
tynA,0.169307087,0.490617291,0.328725926,1.322734996,0.104113823,0.810426666,1.845238606,0.10884003,-1.14456266,0.261889892,0.955758142,0.804561649
tyrA,8.073135765,7.208190962,6.682382527,7.009493273,7.420316222,6.979872179,4.242993251,4.457779381,5.495119924,4.416595346,4.421078721,4.843556128
tyrB,6.83049796,6.3109271,5.552058768,5.741333623,6.977378978,5.821266826,5.029750154,5.161448526,5.237798669,4.64835278,4.985947661,4.579816561
tyrP,2.402133773,1.632120246,1.239066079,1.789321157,2.110500387,3.597556698,1.481501414,1.760580758,0.950201861,1.662278962,2.096977156,1.458599818
tyrR,5.442667736,5.273924334,5.737285953,6.1802971,5.580206557,5.378839916,6.027300048,5.533879227,5.171279534,6.074695326,6.196119203,6.167425328
tyrS,6.904946005,6.528459683,6.109108542,6.483685719,6.643533084,6.967935863,5.340276612,5.52251621,5.847250244,5.083882748,5.467161735,4.636565409
ubiA,6.044275751,5.527349373,5.888947885,5.464963238,4.543567227,5.521007473,5.572051643,6.067112588,5.171279534,5.67592496,6.272599074,6.108481238
ubiB,4.776976412,5.527349373,6.043144113,6.348232774,5.693100078,5.798338505,5.31206518,5.52251621,5.713410787,5.813513264,4.699676686,5.024529565
ubiC,5.273120228,4.574672154,4.89194135,4.552313088,3.575295133,4.249454985,4.825356113,4.92298217,4.691039172,4.847963526,4.07540813,4.794527028
ubiD,6.550289854,6.672470851,6.800217866,6.507541025,6.618341491,6.881496395,6.310020505,6.921262018,6.376297014,6.843420598,6.686097094,6.693857625
ubiE,4.797972256,4.995788521,5.339491965,5.587544969,5.102504452,5.017760623,5.162084853,5.301003122,5.171279534,5.662740911,5.15712666,4.691164879
ubiF,4.597001437,4.889726544,4.953099035,5.002004611,4.93914051,4.553326092,5.381585361,5.35325148,4.897193331,5.234063128,4.421078721,4.10412621
ubiG,4.644144788,4.650872841,5.057043491,5.324287126,4.922081529,4.761323234,4.743209479,4.504747228,4.01726939,4.593811949,4.56709718,3.739595723
ubiH,5.49502639,5.344446285,4.953099035,4.968013545,5.63357231,5.299411508,4.976816861,4.658038861,5.125165448,5.370069882,5.390780372,4.890972848
ubiX,1.005901477,2.594274625,1.977337143,1.789321157,2.227319223,2.432507975,1.255666409,2.385922444,2.829743201,2.336112447,1.887696574,1.458599818
ucpA,6.746609585,6.48749845,6.612084032,6.528095652,5.024733472,5.404372908,8.359277251,7.683134649,7.343499509,7.909257789,7.874625134,7.611772306
udhA,6.943134587,7.830694408,7.765682697,8.167724832,6.407809608,7.737192501,7.554464448,8.116246117,7.86220577,8.549931022,8.291778381,8.238700969
udk,2.508531198,2.997317952,2.868616656,3.782259969,3.830870661,4.737408822,1.996751073,2.741810914,2.433038119,2.581544051,2.096977156,0.804561649
udp,8.600834113,8.211662275,7.310618266,7.857873144,7.660341495,6.043906401,6.673707572,6.955462866,6.415136869,6.378727643,7.198478159,6.746354076
ugd,0.658708418,1.777799163,0.626040423,0.780805482,1.353406739,1.686294403,1.845238606,1.181552541,-1.14456266,0.261889892,1.341744444,0.804561649
ugpB,4.85918554,3.054700123,2.918707025,2.562090015,1.928768743,2.120729452,5.434885402,4.957149614,4.066932431,4.062071252,5.965429433,4.794527028
ugpC,2.607531025,2.429952245,2.58789945,2.256535936,2.110500387,2.193556411,2.372776568,2.574940804,3.542781318,2.885061637,3.865501508,2.501831767
ugpE,0.169307087,0.490617291,1.393037856,0.938810998,0.3162332,0.810426666,0.983904798,1.402984775,1.880704813,0.778581957,1.341744444,2.501831767
ugpQ,3.020056016,3.78764548,3.413390689,3.123394332,3.398841768,3.325046846,3.249685166,3.089641103,3.857096996,4.140297819,4.07540813,3.631962725
uhpA,1.005901477,2.141213121,1.878486406,2.417504478,1.548844669,2.017385007,1.675275111,2.28107207,2.433038119,-1.14456266,1.887696574,1.458599818
uhpB,1.005901477,1.909674822,1.531325051,1.322734996,1.353406739,2.26281716,1.255666409,0.57980147,0.950201861,1.42689579,0.400375956,0.804561649
uhpC,2.508531198,2.141213121,2.762849217,2.198546665,2.35586119,2.831082646,2.372776568,2.385922444,0.950201861,1.142112545,1.341744444,1.898039616
uhpT,-1.14456266,0.490617291,1.878486406,1.07954682,0.90863663,0.672123583,1.255666409,0.57980147,1.335513986,0.778581957,2.585564792,-1.14456266
uidA,3.090005404,0.813307996,1.06506632,1.429612449,1.021243697,1.505047819,2.577489015,1.760580758,3.139979739,2.581544051,2.717142687,2.501831767
uidB,0.169307087,0.04093922,1.531325051,0.938810998,0.104113823,0.23446579,1.996751073,2.044750511,1.634841947,1.142112545,1.887696574,0.804561649
uidR,3.601511777,4.144808978,4.87939229,4.457484779,3.786280069,3.716615922,5.31206518,4.594327311,4.869486659,5.00248936,2.948738551,4.636565409
ulaA,0.658708418,0.04093922,-0.081165644,0.124258233,0.104113823,0.336426748,1.255666409,1.760580758,1.335513986,0.778581957,0.400375956,-1.14456266
ulaD,1.50675362,-1.14456266,1.393037856,-1.14456266,1.310709818,0.935052876,0.639427359,1.181552541,1.335513986,1.42689579,0.955758142,-1.14456266
umuC,2.402133773,1.909674822,2.315226014,1.789321157,2.699886861,2.371224964,1.996751073,2.167844039,1.880704813,1.142112545,1.887696574,2.231895253
umuD,-1.14456266,1.069845507,0.328725926,0.59996766,1.221030684,1.101997975,-1.14456266,0.10884003,0.950201861,1.42689579,1.641516703,1.458599818
ung,4.797972256,4.144808978,3.608739568,3.722295367,4.840901474,4.186062945,4.21277922,4.167913085,3.965832754,4.062071252,4.342119852,4.327436117
upp,5.856935371,5.777229285,6.276346128,5.898452476,6.277087282,6.429360016,4.150381458,3.981186599,5.301384668,4.25020836,4.123430944,3.839737144
uppP,4.755670322,5.212401905,4.647431257,5.477096937,4.600441229,5.468717749,3.748448948,3.687314521,3.857096996,3.845618938,3.974275373,4.021274137
uppS,5.641581674,5.643778966,5.567784387,6.334961135,5.886638922,7.185288293,5.511315109,5.464318308,5.215964741,5.17956154,5.246531873,4.18247159
uraA,2.287124403,2.514481243,3.103203875,3.092095514,3.264281934,3.683592143,1.845238606,0.57980147,3.394918736,2.03916712,0.955758142,1.458599818
usg,5.2428183,5.444157374,4.38868146,4.915475797,5.88311779,5.792549025,3.661582857,4.71905375,4.523355236,4.384819231,4.382139907,3.739595723
ushA,4.992655501,4.650872841,4.586966324,4.342769652,4.918645382,4.215223654,4.864738637,4.637112956,3.857096996,4.726480352,5.485641401,4.691164879
uspA,7.71317529,6.412892625,5.818399383,5.751359003,6.780422391,5.963744575,8.059704932,7.457116247,7.312975035,7.418732565,8.400457992,8.192149641
uup,5.49502639,5.819103365,6.693175713,6.474637289,5.625165356,6.122926298,4.84518182,4.833844504,4.897193331,4.751609612,4.667657167,3.250214154
uvrA,7.440298421,7.34632676,7.739889249,8.096766618,7.400749915,7.23095067,8.183590856,8.282074221,7.890044903,8.777952909,7.849877467,7.834224144
uvrB,5.886634934,5.4759193,5.67330998,5.495108223,5.722952583,4.871627621,6.426433335,5.838804605,5.583029683,5.971551565,6.042339894,5.638501087
uvrC,3.396246232,3.821034916,3.909816478,3.801705643,3.867002769,3.80370859,2.372776568,2.044750511,2.271761073,3.280832743,2.948738551,2.92436909
uvrD,5.317411886,5.433412716,5.40223533,5.402714745,6.270364382,5.615857518,5.740276141,5.452391547,5.148406791,5.197958528,5.608766201,4.936879918
uvrY,2.161956914,1.284323171,1.878486406,1.206669469,1.68735496,1.990318907,1.675275111,1.760580758,1.880704813,2.195417295,1.641516703,1.898039616
uxaA,4.014420386,3.214239589,3.725636131,3.403751415,3.548833523,3.092938198,4.412072405,4.905589993,4.48734413,4.062071252,5.0618107,4.691164879
uxaB,1.872409522,1.284323171,1.531325051,1.206669469,1.266618037,1.580428267,2.577489015,1.760580758,2.089747114,0.778581957,2.440603361,0.804561649
uxaC,4.689795299,3.311530153,3.884904066,3.060098585,3.512776654,3.281529775,4.764189033,4.990526226,4.841237185,4.91622588,5.608766201,4.843556128
uxuA,4.445549485,2.997317952,2.967104776,3.502182927,2.492457405,1.962721439,4.272586782,4.527669483,4.206408091,4.319084827,5.448442235,4.021274137
uxuB,3.601511777,2.594274625,3.30476737,3.060098585,2.89508645,2.73734551,4.357887081,4.138424687,4.59278618,3.845618938,5.351017305,4.459142826
uxuR,3.22043646,3.853667527,4.028297391,4.457484779,4.028835589,4.043755034,3.789992042,3.687314521,3.857096996,4.101715412,3.403127684,4.021274137
vacJ,4.776976412,4.318439392,4.005368097,4.382031256,4.4750279,4.255081977,3.364239935,3.419321637,3.470749835,4.177873934,3.974275373,4.636565409
valS,7.827324466,7.967305283,8.128437413,8.153620685,8.414681136,7.970867379,6.588078163,7.119045838,7.545182249,6.860842015,7.691753142,6.983511298
vioA,4.620765799,5.577008641,5.479091466,5.843278069,5.81637687,5.826942412,4.610486392,4.973934478,5.301384668,4.800591248,4.56709718,4.843556128
vioB,3.281461771,4.27092816,4.028297391,4.619552847,4.219709955,4.994410474,2.988868548,3.263920196,3.314863079,3.135350084,3.238206047,2.231895253
visC,4.548264225,4.594103225,4.705462124,5.043396869,4.897854763,4.860600284,4.70031177,4.433708824,4.250052949,4.565747746,3.403127684,3.250214154
waaA,2.787044417,2.997317952,3.059257218,3.298080719,3.231354427,4.562429913,1.255666409,2.385922444,2.577877013,1.863384156,0.400375956,2.231895253
waaC,1.872409522,4.409006535,3.78070658,4.218128117,4.247375741,4.980895796,3.125194645,3.263920196,2.577877013,3.412926304,3.238206047,3.250214154
waaF,4.151299554,4.613275881,4.976853896,4.870183127,4.922081529,5.053706526,3.569134251,4.306929861,4.450410319,4.565747746,4.342119852,5.185303861
waaG,2.946518091,3.645757877,2.967104776,2.888436333,3.85984852,3.764772941,2.838199673,3.687314521,3.314863079,2.03916712,2.837620345,2.501831767
waaL,2.024617477,3.357811199,2.967104776,2.888436333,3.275092125,3.178510131,3.86964614,3.559550295,2.709352471,2.03916712,1.887696574,2.231895253
waaO,2.787044417,2.809943836,2.868616656,2.312245118,3.327955503,3.015295573,2.372776568,1.760580758,2.433038119,1.662278962,2.27917705,1.458599818
waaP,3.738270261,3.402648158,4.073089259,3.502182927,3.895269527,3.666791667,3.661582857,2.891221262,3.043839098,3.533896365,3.478994982,1.898039616
waaQ,3.020056016,3.163005359,3.013921285,3.722295367,3.970258418,3.928727492,2.372776568,3.089641103,3.230082065,2.581544051,2.837620345,1.458599818
waaV,1.279535868,2.340080965,3.013921285,2.959587103,2.89508645,3.849082632,3.569134251,2.660811997,1.634841947,1.662278962,2.440603361,2.501831767
waaW,-1.14456266,0.04093922,1.656951679,2.198546665,1.434968744,1.784647728,1.255666409,1.909857469,0.950201861,0.778581957,0.400375956,2.501831767
wbbA,3.552876099,3.977270191,4.976853896,5.593130213,3.708748557,4.773133329,3.661582857,3.150115972,3.314863079,3.845618938,2.717142687,2.728660382
wbbB,3.22043646,3.311530153,3.481498342,3.616444367,3.163143758,4.056703079,3.125194645,2.891221262,2.709352471,3.698181102,1.887696574,2.728660382
wbbC,2.787044417,4.00658169,4.239507697,4.683795876,3.867002769,4.641876339,4.330010862,3.947569154,3.470749835,3.135350084,3.148053403,3.515622458
wbbD,3.450374263,5.17418802,4.539892996,5.107248479,4.306433129,5.098197038,4.784867708,4.852118296,3.965832754,4.021305152,4.025729113,4.636565409
wcaA,0.658708418,0.04093922,-1.14456266,-1.14456266,-0.340399338,-1.14456266,0.154497435,0.10884003,0.396002577,-1.14456266,-1.14456266,0.804561649
wcaB,-1.14456266,-1.14456266,-1.14456266,-1.14456266,-0.340399338,-1.14456266,0.154497435,-1.14456266,-1.14456266,-1.14456266,-1.14456266,-1.14456266
wcaC,0.169307087,0.04093922,-0.081165644,-0.233394293,0.104113823,-0.563826259,-1.14456266,-1.14456266,0.396002577,0.261889892,-1.14456266,-1.14456266
wcaD,-1.14456266,-1.14456266,-1.14456266,0.387042983,-0.021124796,-1.14456266,0.154497435,-1.14456266,-1.14456266,-1.14456266,0.400375956,-1.14456266
wcaE,-1.14456266,0.04093922,-1.14456266,-1.14456266,-0.57230235,-0.328638789,-1.14456266,-1.14456266,-1.14456266,-1.14456266,-1.14456266,-1.14456266
wcaG,-1.14456266,-1.14456266,-0.081165644,-0.233394293,0.215468341,-1.14456266,-1.14456266,0.10884003,-1.14456266,-1.14456266,-1.14456266,-1.14456266
wcaH,-1.14456266,-1.14456266,0.328725926,-1.14456266,-0.57230235,-0.328638789,-1.14456266,-1.14456266,-1.14456266,-1.14456266,-1.14456266,-1.14456266
wcaI,0.169307087,-1.14456266,-1.14456266,0.124258233,-0.340399338,-0.151607991,-1.14456266,-1.14456266,0.396002577,-1.14456266,-1.14456266,-1.14456266
wcaK,1.50675362,0.813307996,0.328725926,0.59996766,0.648269063,0.336426748,0.983904798,0.915725688,-1.14456266,0.261889892,0.400375956,-1.14456266
wecB,4.049878631,4.723247491,4.11653034,4.369062526,4.236373082,4.502200706,2.258187993,2.741810914,3.314863079,3.474683089,2.837620345,2.501831767
wecC,4.87902582,5.080875926,5.636502165,5.377043137,5.483529737,5.344956599,2.988868548,3.089641103,4.41250523,4.177873934,3.551059262,3.631962725
wecD,3.22043646,4.27092816,5.164378196,4.897529077,4.470340631,4.458978702,2.577489015,2.574940804,2.940786701,3.474683089,2.440603361,2.728660382
wecE,4.974328164,5.5474187,5.264275126,5.564985179,5.610334246,5.11066053,4.085158623,4.077573058,4.333566771,3.845618938,4.123430944,3.933364168
wecF,2.700105232,3.682562565,3.958384548,4.033160204,3.539903693,4.383930977,2.75646861,3.64597429,3.043839098,2.581544051,2.440603361,1.458599818
wecG,2.402133773,3.446128737,3.753434699,3.999884323,3.208975686,3.632590573,1.845238606,3.026504243,3.394918736,2.790871234,2.27917705,2.501831767
wrbA,3.020056016,1.069845507,1.393037856,1.206669469,2.416015583,1.465745832,3.058650775,2.483565826,1.634841947,3.056677113,3.920915173,3.515622458
wza,-1.14456266,-1.14456266,-1.14456266,-1.14456266,-0.57230235,-1.14456266,-1.14456266,-1.14456266,-1.14456266,-1.14456266,-1.14456266,-1.14456266
wzb,-1.14456266,-1.14456266,-1.14456266,-1.14456266,-0.57230235,-0.563826259,-1.14456266,-1.14456266,-1.14456266,-1.14456266,-1.14456266,-1.14456266
wzc,0.658708418,-1.14456266,0.328725926,0.124258233,-0.340399338,-0.328638789,0.154497435,-1.14456266,0.396002577,0.261889892,-1.14456266,-1.14456266
wzx,4.418685018,5.249629364,5.511977888,5.805286703,5.224399823,5.609285514,5.31206518,5.039185982,5.07752804,5.59495019,4.634910367,4.520742021
wzxC,-1.14456266,-1.14456266,-0.081165644,-1.14456266,-0.57230235,-0.563826259,0.154497435,-1.14456266,-1.14456266,-1.14456266,0.400375956,-1.14456266
wzxE,2.607531025,3.109874429,3.341894942,3.502182927,3.388926716,3.788260467,0.983904798,2.167844039,2.433038119,2.195417295,0.955758142,2.501831767
wzy,2.787044417,4.035308594,3.833747712,4.775092611,3.845432489,4.769207369,4.085158623,4.196810065,4.250052949,4.101715412,3.865501508,3.515622458
wzzB,5.33187859,6.251002031,6.242455552,6.596424943,6.525407588,7.377367878,5.434885402,5.511062968,5.301384668,5.17956154,4.634910367,5.146759137
wzzE,5.063720883,5.309616286,5.090090896,5.2971674,5.825578401,6.019330987,3.789992042,3.877884375,4.722356551,3.280832743,3.685185387,2.728660382
xasA,0.658708418,-1.14456266,0.626040423,0.387042983,1.124904303,0.810426666,0.639427359,-1.14456266,1.335513986,0.778581957,0.955758142,0.804561649
xdhA,2.402133773,1.632120246,1.239066079,0.59996766,1.124904303,1.465745832,3.058650775,1.402984775,0.950201861,1.662278962,2.717142687,1.898039616
xdhB,0.658708418,0.490617291,0.626040423,-1.14456266,0.785190935,0.23446579,1.255666409,1.181552541,1.335513986,0.778581957,2.096977156,-1.14456266
xdhC,0.658708418,-1.14456266,1.06506632,0.780805482,-0.165749464,0.23446579,1.996751073,0.915725688,1.335513986,0.778581957,0.400375956,0.804561649
xdhD,2.024617477,1.909674822,2.648628761,2.993879944,2.778146992,2.193556411,3.125194645,2.660811997,3.230082065,4.140297819,3.238206047,2.92436909
xerC,3.978067213,4.144808978,3.958384548,4.218128117,4.751017902,4.692508209,2.669780771,2.81846539,3.542781318,3.474683089,2.27917705,1.898039616
xerD,4.014420386,4.650872841,4.988586183,5.324287126,4.855352065,5.063356429,4.587127522,3.804655043,3.912490909,4.800591248,4.382139907,3.631962725
xni,2.787044417,2.875164209,2.918707025,3.298080719,2.950159195,2.961095005,2.988868548,3.687314521,2.089747114,3.474683089,2.585564792,2.231895253
xseA,2.402133773,4.196588626,4.05086741,4.246772757,5.161836089,5.195013446,3.188788908,2.385922444,3.470749835,3.135350084,2.27917705,1.458599818
xseB,2.024617477,3.357811199,3.514379414,2.924453426,3.079237974,3.772644773,2.478808946,2.044750511,2.271761073,2.581544051,2.440603361,1.898039616
xthA,4.917905765,4.294879557,3.546525499,3.548982175,4.373244671,4.293867475,3.830369867,4.167913085,3.739474064,3.590767972,3.974275373,4.021274137
xylA,1.872409522,0.813307996,1.531325051,1.789321157,1.619835106,1.465745832,2.258187993,1.593346297,1.880704813,2.03916712,2.585564792,2.92436909
xylB,2.700105232,1.069845507,0.328725926,1.789321157,1.173835043,1.962721439,2.478808946,2.28107207,0.396002577,1.662278962,2.096977156,0.804561649
xylE,0.169307087,1.469254964,1.239066079,1.528716401,1.68735496,0.993108595,2.478808946,2.385922444,2.271761073,2.195417295,2.440603361,2.231895253
xylF,1.279535868,0.490617291,0.328725926,-0.233394293,-1.14456266,0.121745392,1.255666409,0.57980147,1.335513986,0.261889892,2.096977156,0.804561649
xylH,2.024617477,0.490617291,0.864408982,0.387042983,1.843055586,1.202582163,1.481501414,2.167844039,2.271761073,0.778581957,1.641516703,-1.14456266
xylR,1.872409522,1.284323171,2.069687809,2.198546665,2.667342007,2.328850255,1.675275111,2.167844039,1.335513986,2.03916712,1.341744444,2.231895253
yaaA,3.339999835,3.214239589,2.156357825,1.789321157,3.378942791,3.561648355,1.675275111,2.660811997,2.089747114,2.03916712,1.341744444,2.231895253
yaaH,2.607531025,3.569197809,2.762849217,3.270402455,2.880980903,3.788260467,2.669780771,2.483565826,1.880704813,2.195417295,2.096977156,2.92436909
yaaI,0.658708418,-1.14456266,-1.14456266,0.387042983,-0.57230235,-0.151607991,-1.14456266,-1.14456266,-1.14456266,-1.14456266,-1.14456266,-1.14456266
yaaX,3.822718504,4.386892664,4.761247443,4.597486218,4.151060972,4.28839019,2.988868548,3.687314521,4.161399886,3.936139379,3.323031869,3.250214154
yabB,5.21186605,5.053067546,6.151466521,5.875719046,5.008663031,5.546458253,5.94702566,5.714496379,4.59278618,5.494349685,5.429476593,5.185303861
yabF,1.005901477,1.069845507,0.864408982,0.124258233,1.173835043,1.101997975,0.154497435,0.57980147,1.335513986,0.261889892,1.887696574,1.458599818
yabI,3.694112533,4.091098885,3.859553062,5.262534534,2.416015583,4.71717262,4.051405413,4.678665387,4.450410319,4.507925192,4.495936007,3.739595723
yabN,3.978067213,3.163005359,3.577968833,3.525772893,4.327322346,3.236653072,3.661582857,3.841735214,2.271761073,3.533896365,2.717142687,3.739595723
yacA,3.86315489,4.170931385,4.33453446,4.493780314,4.789152562,5.673695789,3.830369867,4.333193505,3.857096996,3.798131235,3.551059262,3.515622458
yacC,3.502538225,3.569197809,4.259020946,3.742562398,3.748036258,4.721242645,4.21277922,3.947569154,2.829743201,3.936139379,3.323031869,2.501831767
yacF,3.22043646,2.937542598,3.341894942,3.403751415,4.085123505,3.856507875,2.75646861,2.167844039,3.230082065,2.336112447,2.27917705,1.458599818
yacG,2.161956914,2.741607747,2.315226014,1.621147031,2.492457405,2.169695258,0.639427359,1.593346297,1.880704813,2.03916712,1.641516703,-1.14456266
yacH,1.279535868,0.04093922,-1.14456266,0.59996766,0.785190935,0.121745392,1.996751073,2.044750511,1.634841947,0.261889892,1.341744444,-1.14456266
yacL,4.276295763,4.294879557,4.352810418,4.246772757,3.716692358,4.243805934,5.029750154,4.940167082,3.676850297,4.319084827,4.56709718,4.459142826
yadB,0.169307087,1.777799163,1.772119263,2.77460641,2.227319223,2.452362542,0.639427359,0.57980147,1.335513986,1.42689579,1.641516703,1.458599818
yadC,1.701594873,1.909674822,2.315226014,2.074906101,1.813276146,1.905843576,2.669780771,4.046155423,2.829743201,3.590767972,3.148053403,3.250214154
yadD,2.024617477,2.594274625,1.239066079,3.325235785,1.434968744,2.815880163,1.996751073,2.167844039,1.880704813,1.863384156,1.341744444,0.804561649
yadE,1.701594873,2.429952245,3.187254339,2.851489903,2.683707116,3.142459379,2.577489015,2.483565826,2.433038119,3.056677113,2.585564792,1.898039616
yadF,6.480593228,6.630756573,6.355481762,6.533915011,7.257170485,7.051104875,5.253930888,5.673987748,5.744244456,6.104253232,5.086236747,5.581844769
yadG,4.523263489,4.632196912,4.37085753,4.897529077,5.471855846,5.310258109,4.976816861,4.550232955,3.043839098,4.101715412,3.619684692,2.728660382
yadH,5.402112472,5.237326669,5.339491965,5.377043137,6.347765659,5.696610389,5.326239871,5.176027535,4.897193331,4.960002543,4.699676686,4.981370547
yadI,3.940772686,3.78764548,3.78070658,3.525772893,2.83781076,3.015295573,3.789992042,3.804655043,3.314863079,2.790871234,3.238206047,3.631962725
yadK,-1.14456266,-1.14456266,-1.14456266,-0.233394293,-0.340399338,-1.14456266,0.154497435,1.181552541,-1.14456266,0.261889892,0.400375956,-1.14456266
yadL,-1.14456266,-1.14456266,-1.14456266,-1.14456266,-0.165749464,0.23446579,0.639427359,0.57980147,-1.14456266,-1.14456266,-1.14456266,-1.14456266
yadM,-1.14456266,-1.14456266,0.626040423,0.387042983,-0.340399338,-0.151607991,-1.14456266,0.10884003,0.396002577,-1.14456266,-1.14456266,-1.14456266
yadN,-1.14456266,-1.14456266,0.328725926,-1.14456266,0.215468341,0.516202858,-1.14456266,-1.14456266,0.396002577,-1.14456266,-1.14456266,-1.14456266
yadQ,3.552876099,3.977270191,4.316023771,4.23252161,3.902250361,4.473530509,3.470333633,3.419321637,3.799486457,3.412926304,3.051855849,3.250214154
yadR,6.330204508,6.54851226,6.355481762,6.412819064,5.763734626,6.560051156,6.870298332,7.137783321,6.677231101,6.472373556,6.612340105,6.430659334
yadS,2.787044417,2.340080965,1.772119263,2.467348851,2.249568588,2.704682599,1.675275111,1.909857469,2.577877013,1.863384156,0.400375956,1.898039616
yadT,0.169307087,3.402648158,2.238018242,3.123394332,3.358764436,3.796005249,1.996751073,2.044750511,2.089747114,2.03916712,1.887696574,2.501831767
yaeB,1.872409522,3.214239589,2.868616656,3.453809343,4.301163171,4.144220349,2.372776568,2.574940804,2.433038119,1.863384156,1.641516703,2.728660382
yaeH,6.337391448,5.273924334,5.174685065,5.067673712,6.424861794,5.11066053,7.408901987,6.564832631,6.02098178,6.234706227,6.423987309,6.720344625
yaeI,1.50675362,2.141213121,1.656951679,2.256535936,2.582578473,3.054642247,1.481501414,0.57980147,0.950201861,1.863384156,1.341744444,-1.14456266
yaeJ,1.279535868,1.632120246,0.864408982,1.789321157,1.983131349,2.412372376,0.983904798,1.593346297,1.634841947,1.662278962,-1.14456266,-1.14456266
yaeL,6.137804265,6.803401964,6.693175713,7.120008724,6.649762843,7.572979333,5.511315109,5.961683582,5.495119924,5.982204203,5.690692309,4.636565409
yaeP,5.317411886,4.246571952,4.352810418,4.128610446,4.502835885,3.990766635,5.697299413,4.905589993,4.41250523,4.800591248,4.531955639,5.363940975
yaeQ,3.552876099,4.063473801,3.638865955,4.329441129,4.412871317,4.38905757,3.705671164,4.014037271,2.709352471,3.474683089,3.051855849,2.728660382
yaeR,3.090005404,3.446128737,2.868616656,3.378053213,2.852345945,3.202050598,3.520582185,3.687314521,2.940786701,2.464111871,3.403127684,2.92436909
yaeT,8.973736065,9.324406217,9.574845146,9.946837466,9.391397046,9.263320376,8.227672195,8.791845813,9.058065057,8.843680943,8.739528166,7.933783495
yafC,3.339999835,3.569197809,2.762849217,2.417504478,3.801297577,3.190328614,4.118139092,3.913148221,3.611376894,4.21449498,3.807869657,3.739595723
yafD,5.180234943,4.808888284,5.023221002,5.035212915,5.664669077,5.765219904,4.958731679,5.023147802,4.626286693,5.38620321,4.495936007,4.579816561
yafE,1.50675362,3.488332863,2.816710004,3.154025009,4.04153546,4.424442067,3.981429471,3.089641103,3.139979739,3.135350084,3.148053403,1.898039616
yafJ,4.151299554,4.473382622,3.958384548,3.913167376,4.956000049,4.215223654,3.249685166,2.741810914,3.676850297,2.885061637,3.148053403,3.839737144
yafK,3.396246232,3.214239589,2.868616656,3.453809343,4.214112484,5.232560986,3.125194645,2.28107207,2.433038119,2.195417295,2.717142687,2.501831767
yafL,-1.14456266,-1.14456266,-1.14456266,0.387042983,-0.165749464,0.336426748,0.154497435,0.10884003,-1.14456266,0.778581957,-1.14456266,-1.14456266
yafM,0.169307087,-1.14456266,-1.14456266,0.124258233,-0.165749464,-0.151607991,0.639427359,0.10884003,-1.14456266,-1.14456266,-1.14456266,-1.14456266
yafN,0.658708418,1.469254964,0.328725926,1.07954682,0.785190935,1.340552926,1.675275111,0.57980147,0.950201861,1.142112545,0.400375956,-1.14456266
yafO,-1.14456266,-1.14456266,-1.14456266,-0.233394293,0.215468341,-0.563826259,-1.14456266,-1.14456266,-1.14456266,0.778581957,-1.14456266,-1.14456266
yafP,-1.14456266,-1.14456266,0.626040423,-1.14456266,-0.340399338,-0.328638789,-1.14456266,0.10884003,-1.14456266,0.261889892,-1.14456266,0.804561649
yafQ,2.161956914,2.809943836,2.238018242,2.924453426,3.275092125,3.764772941,4.150381458,3.317609911,2.577877013,3.936139379,3.619684692,3.631962725
yafS,3.281461771,4.091098885,3.958384548,3.502182927,4.151060972,4.030689551,4.21277922,4.138424687,3.739474064,4.21449498,2.837620345,2.92436909
yafT,-1.14456266,-1.14456266,-0.081165644,-1.14456266,-0.021124796,0.874259721,-1.14456266,-1.14456266,0.396002577,-1.14456266,-1.14456266,-1.14456266
yafV,4.276295763,4.705491563,4.316023771,4.218128117,4.890857407,4.553326092,3.661582857,4.384327196,3.470749835,4.593811949,4.214925963,3.250214154
yafZ,-1.14456266,0.04093922,-1.14456266,-1.14456266,-0.340399338,-0.328638789,-1.14456266,-1.14456266,-1.14456266,-1.14456266,-1.14456266,-1.14456266
yagP,-1.14456266,0.490617291,-0.081165644,0.124258233,0.104113823,-0.151607991,-1.14456266,-1.14456266,-1.14456266,0.261889892,0.400375956,-1.14456266
yagQ,2.024617477,1.284323171,0.864408982,0.938810998,1.719920157,1.465745832,1.255666409,0.915725688,1.634841947,1.142112545,1.641516703,2.501831767
yagR,1.701594873,1.469254964,0.626040423,1.528716401,0.90863663,0.429826472,1.255666409,1.593346297,0.950201861,0.261889892,1.641516703,-1.14456266
yagS,0.169307087,0.490617291,-1.14456266,-1.14456266,-0.57230235,-0.563826259,-1.14456266,0.57980147,-1.14456266,0.778581957,-1.14456266,-1.14456266
yagT,0.169307087,-1.14456266,-1.14456266,-0.233394293,-0.021124796,-0.563826259,-1.14456266,-1.14456266,-1.14456266,-1.14456266,0.955758142,-1.14456266
yagU,4.049878631,5.010322969,4.774862943,5.07567602,7.498909511,5.607088175,6.009843358,5.734331934,5.215964741,5.894695598,5.870189581,6.186550025
yagV,1.005901477,1.069845507,1.06506632,0.124258233,1.813276146,1.250163792,0.639427359,1.760580758,1.880704813,0.261889892,1.641516703,1.898039616
yagW,1.005901477,1.069845507,2.458083344,1.866355798,0.90863663,1.61662547,2.258187993,2.167844039,2.089747114,2.464111871,2.440603361,1.458599818
yagX,0.658708418,0.490617291,0.864408982,0.780805482,0.966163097,1.340552926,1.675275111,0.57980147,0.396002577,0.261889892,0.955758142,-1.14456266
yagY,0.169307087,0.04093922,-1.14456266,-0.233394293,-0.340399338,-0.151607991,-1.14456266,-1.14456266,-1.14456266,-1.14456266,0.400375956,-1.14456266
yagZ,0.169307087,1.777799163,1.06506632,1.429612449,1.173835043,1.876515111,1.255666409,1.593346297,-1.14456266,0.261889892,0.400375956,0.804561649
yahA,0.658708418,1.632120246,0.626040423,1.07954682,1.266618037,1.580428267,1.996751073,1.909857469,1.634841947,0.778581957,1.341744444,1.898039616
yahB,2.161956914,1.284323171,2.238018242,2.198546665,2.009543656,2.671255534,1.675275111,2.483565826,2.829743201,2.790871234,2.27917705,1.898039616
yahC,-1.14456266,-1.14456266,-0.081165644,-1.14456266,-1.14456266,-1.14456266,-1.14456266,-1.14456266,-1.14456266,1.142112545,0.955758142,-1.14456266
yahD,0.658708418,1.069845507,1.06506632,0.780805482,2.035469178,1.153242155,1.255666409,-1.14456266,0.396002577,1.662278962,0.400375956,-1.14456266
yahF,-1.14456266,0.490617291,-0.081165644,0.780805482,0.573613538,-0.005082435,-1.14456266,0.57980147,-1.14456266,0.261889892,1.887696574,1.898039616
yahJ,3.22043646,3.263708482,3.481498342,2.924453426,3.830870661,2.875744589,3.418265311,3.514309881,3.230082065,2.336112447,3.619684692,2.231895253
yahK,2.946518091,1.777799163,2.706879979,2.312245118,3.103715873,2.043940294,3.364239935,2.385922444,2.829743201,2.195417295,3.148053403,1.458599818
yahL,-1.14456266,-1.14456266,-1.14456266,-1.14456266,-0.021124796,-0.328638789,0.639427359,-1.14456266,-1.14456266,-1.14456266,0.400375956,-1.14456266
yahM,0.169307087,-1.14456266,-0.081165644,-0.233394293,-0.165749464,0.23446579,-1.14456266,0.57980147,-1.14456266,-1.14456266,-1.14456266,1.458599818
yahN,2.402133773,0.813307996,1.772119263,1.206669469,0.215468341,0.516202858,2.478808946,1.402984775,1.634841947,1.863384156,1.887696574,3.250214154
yahO,1.701594873,0.813307996,1.393037856,1.206669469,1.813276146,1.543254621,3.30810401,2.891221262,2.940786701,2.885061637,2.585564792,2.501831767
yaiA,5.080953227,5.038959657,4.259020946,4.481783059,4.762564572,5.027653241,5.718947825,4.481454587,4.250052949,4.44768603,4.421078721,3.389035879
yaiB,2.024617477,2.141213121,0.328725926,1.206669469,2.335230105,1.784647728,1.845238606,1.909857469,0.950201861,0.778581957,2.717142687,2.231895253
yaiE,5.2428183,4.386892664,3.934305241,3.701738873,5.394818668,3.632590573,4.84518182,4.504747228,5.458398877,5.043760196,5.690692309,5.666016025
yaiI,2.402133773,2.875164209,3.807471401,3.502182927,3.888254686,4.08857301,3.86964614,3.317609911,3.470749835,3.209933256,1.887696574,-1.14456266
yaiL,2.161956914,3.214239589,2.648628761,3.154025009,2.83781076,3.281529775,2.988868548,3.026504243,2.829743201,2.195417295,2.837620345,2.501831767
yaiO,1.872409522,3.163005359,3.187254339,2.851489903,3.139667088,2.769278728,4.051405413,3.913148221,2.940786701,3.280832743,3.685185387,3.096523317
yaiT,2.946518091,3.109874429,2.762849217,2.993879944,2.473728372,2.988451466,2.75646861,2.81846539,2.433038119,2.581544051,2.585564792,3.250214154
yaiV,-1.14456266,0.04093922,-1.14456266,-1.14456266,-1.14456266,-0.005082435,0.154497435,-1.14456266,0.396002577,1.142112545,-1.14456266,-1.14456266
yaiW,3.781113532,4.554975603,4.094973529,4.745298086,4.556892552,4.886200772,4.539242739,4.615878846,4.977255686,4.91622588,4.258583241,4.794527028
yaiY,0.169307087,0.490617291,-0.081165644,-0.233394293,-0.57230235,-0.328638789,0.154497435,0.57980147,-1.14456266,0.261889892,0.400375956,-1.14456266
yaiZ,6.146013684,6.129794157,6.386845959,6.390541284,3.275092125,3.732847941,6.521886641,6.586818879,5.301384668,6.094467736,5.870189581,5.329939833
yajC,6.460985761,6.116422313,5.384585423,5.653181569,6.407809608,5.751358695,4.357887081,4.594327311,5.458398877,4.416595346,4.878159346,4.843556128
yajD,3.090005404,2.937542598,3.30476737,3.453809343,3.368889027,3.70019875,2.133511042,2.741810914,1.335513986,2.195417295,2.837620345,2.92436909
yajF,3.601511777,2.514481243,2.315226014,2.562090015,2.416015583,2.510316822,2.372776568,2.28107207,2.271761073,2.03916712,2.948738551,2.231895253
yajG,4.215152564,4.144808978,4.37085753,4.775092611,4.383253935,4.113570876,3.364239935,3.687314521,3.611376894,3.533896365,2.440603361,3.631962725
yajI,0.658708418,0.490617291,0.626040423,0.387042983,0.718619532,0.516202858,1.481501414,1.181552541,1.335513986,1.142112545,0.955758142,1.458599818
yajO,5.533084668,5.199776111,5.64393925,5.389936055,4.659280569,4.593848038,5.792256753,5.567440861,4.841237185,6.024045106,6.560986841,5.693015926
yajQ,5.2428183,5.224918129,5.03458353,5.198019244,5.689072655,5.246746003,3.748448948,4.046155423,4.722356551,4.416595346,4.985947661,4.743771959
yajR,2.024617477,2.429952245,2.238018242,2.959587103,2.880980903,3.561648355,1.675275111,1.593346297,1.880704813,1.142112545,2.440603361,1.458599818
ybaA,1.005901477,0.490617291,0.864408982,1.707779131,0.785190935,2.26281716,1.845238606,0.10884003,0.950201861,2.03916712,1.887696574,-1.14456266
ybaB,5.582315655,6.162691338,6.346393873,6.779014465,6.874744023,6.324940473,5.297749802,4.71905375,5.342269504,5.353754052,5.202521931,4.890972848
ybaE,5.302798607,4.00658169,4.719612099,3.965821487,2.416015583,2.095594769,4.84518182,5.11680583,4.722356551,4.44768603,4.959746448,4.890972848
ybaJ,3.22043646,3.529333577,3.059257218,3.428998246,3.618344088,4.249454985,3.94512394,3.766594532,3.739474064,2.581544051,1.887696574,4.10412621
ybaK,3.281461771,3.054700123,2.238018242,2.256535936,2.617090305,1.784647728,0.639427359,0.57980147,1.335513986,0.778581957,0.400375956,2.231895253
ybaL,4.497821511,4.740787418,4.239507697,5.115034766,5.281689935,5.459003459,3.418265311,3.841735214,4.066932431,4.416595346,3.323031869,3.250214154
ybaM,1.279535868,1.632120246,1.531325051,2.198546665,2.27147395,1.934570751,1.481501414,1.909857469,1.880704813,1.662278962,1.887696574,2.231895253
ybaN,1.279535868,3.821034916,3.341894942,3.680884508,3.684650643,2.846125329,3.30810401,2.741810914,2.433038119,1.142112545,2.27917705,1.458599818
ybaO,2.946518091,3.357811199,3.413390689,3.092095514,3.475792491,3.658317299,3.125194645,3.089641103,2.433038119,2.790871234,2.096977156,1.898039616
ybaP,4.334950048,3.821034916,3.145844317,3.965821487,3.922992093,4.220985644,4.678374611,4.138424687,3.043839098,4.21449498,2.717142687,1.898039616
ybaQ,2.607531025,2.937542598,3.227503291,3.184015617,4.028835589,3.92166635,3.30810401,2.81846539,2.709352471,3.348396791,2.948738551,3.389035879
ybaV,1.279535868,1.469254964,1.239066079,1.621147031,1.124904303,0.935052876,2.988868548,2.044750511,0.950201861,1.863384156,2.096977156,2.231895253
ybaX,4.818666763,3.821034916,3.753434699,3.502182927,4.054124344,3.666791667,4.385234356,4.481454587,3.314863079,3.749023528,4.421078721,4.021274137
ybaY,1.279535868,0.813307996,0.626040423,1.07954682,2.035469178,1.202582163,2.915514321,2.385922444,1.335513986,2.03916712,1.341744444,-1.14456266
ybaZ,1.872409522,1.469254964,3.514379414,2.515506793,3.275092125,2.753401269,3.249685166,3.317609911,3.230082065,3.474683089,2.585564792,2.231895253
ybbA,3.020056016,3.529333577,3.059257218,3.525772893,2.667342007,3.142459379,2.669780771,1.909857469,2.089747114,2.690038402,2.096977156,1.458599818
ybbB,2.024617477,2.030199546,1.656951679,1.707779131,2.249568588,2.704682599,0.639427359,2.167844039,-1.14456266,0.778581957,-1.14456266,0.804561649
ybbC,0.169307087,0.813307996,1.06506632,1.429612449,1.39479921,2.769278728,2.133511042,0.57980147,-1.14456266,1.142112545,0.400375956,0.804561649
ybbD,-1.14456266,-1.14456266,-1.14456266,-1.14456266,-1.14456266,-0.563826259,-1.14456266,-1.14456266,-1.14456266,-1.14456266,-1.14456266,-1.14456266
ybbF,3.22043646,4.035308594,3.145844317,4.049514254,4.197188415,4.444278494,2.988868548,3.026504243,3.230082065,2.885061637,3.478994982,2.231895253
ybbJ,1.279535868,2.030199546,1.977337143,1.429612449,2.416015583,1.101997975,2.478808946,1.909857469,1.880704813,2.581544051,2.440603361,2.231895253
ybbK,4.151299554,4.035308594,3.859553062,3.982953598,4.4750279,3.856507875,5.283290913,4.79658715,4.11494029,4.621340262,4.849904581,4.743771959
ybbL,1.701594873,1.777799163,1.531325051,1.429612449,2.435514444,2.017385007,1.481501414,0.915725688,0.950201861,1.863384156,2.096977156,-1.14456266
ybbN,5.629921676,5.367207619,4.539892996,5.130482353,5.683010356,4.956935999,4.489712588,5.101612473,4.59278618,5.103533051,4.761658349,4.579816561
ybbO,4.334950048,4.473382622,3.546525499,4.033160204,4.858942198,4.424442067,3.86964614,3.727500311,3.139979739,3.979351652,3.238206047,2.92436909
ybbP,4.689795299,4.144808978,3.341894942,4.159071813,3.823534143,3.935754182,3.789992042,3.467600001,3.314863079,3.936139379,4.16990457,3.250214154
ybbS,0.169307087,-1.14456266,-1.14456266,-0.233394293,0.104113823,-0.563826259,1.481501414,0.10884003,-1.14456266,-1.14456266,0.955758142,-1.14456266
ybcH,-1.14456266,-1.14456266,-0.081165644,-0.233394293,-0.340399338,-0.005082435,-1.14456266,0.10884003,-1.14456266,-1.14456266,-1.14456266,-1.14456266
ybcJ,3.396246232,3.682562565,3.447847771,3.213392485,3.539903693,3.130238383,2.577489015,2.660811997,3.965832754,2.336112447,3.051855849,3.096523317
ybcK,-1.14456266,-1.14456266,0.328725926,0.387042983,-0.340399338,0.23446579,-1.14456266,-1.14456266,-1.14456266,0.261889892,-1.14456266,-1.14456266
ybcL,1.50675362,2.244134095,2.918707025,3.123394332,2.009543656,1.296115878,3.188788908,3.369365381,3.043839098,2.885061637,2.440603361,1.898039616
ybcM,1.005901477,0.490617291,0.864408982,1.07954682,1.584796819,1.101997975,1.481501414,2.044750511,2.577877013,2.03916712,0.400375956,2.231895253
ybcN,-1.14456266,-1.14456266,-1.14456266,-1.14456266,-1.14456266,-1.14456266,-1.14456266,0.57980147,0.396002577,-1.14456266,-1.14456266,-1.14456266
ybcO,-1.14456266,-1.14456266,-1.14456266,-1.14456266,-1.14456266,-1.14456266,-1.14456266,0.10884003,-1.14456266,-1.14456266,0.400375956,-1.14456266
ybcR,0.658708418,-1.14456266,-1.14456266,-0.233394293,-0.165749464,-0.005082435,0.154497435,-1.14456266,-1.14456266,0.261889892,0.955758142,-1.14456266
ybcT,-1.14456266,0.04093922,-1.14456266,-1.14456266,0.3162332,-0.328638789,-1.14456266,1.181552541,-1.14456266,-1.14456266,-1.14456266,-1.14456266
ybcU,7.038819918,7.778590475,8.469191407,8.193689245,6.709630482,6.804005339,5.782009402,7.199729636,7.56690394,7.194338906,5.841781919,6.004550859
ybcW,-1.14456266,0.04093922,-1.14456266,0.387042983,-1.14456266,-1.14456266,0.154497435,-1.14456266,-1.14456266,-1.14456266,-1.14456266,-1.14456266
ybdA,1.50675362,3.311530153,3.378087341,3.638246641,3.408688896,2.815880163,0.639427359,3.150115972,3.470749835,1.142112545,1.641516703,2.501831767
ybdB,1.872409522,3.607987039,4.539892996,4.081675695,2.492457405,2.861011562,2.669780771,4.527669483,3.314863079,3.798131235,1.341744444,3.515622458
ybdD,1.872409522,1.284323171,-1.14456266,0.59996766,0.648269063,0.810426666,3.569134251,2.574940804,2.271761073,2.195417295,2.096977156,3.389035879
ybdF,2.607531025,1.777799163,1.977337143,0.780805482,1.782847418,1.543254621,2.258187993,1.909857469,0.396002577,1.662278962,1.887696574,1.898039616
ybdG,3.902486666,3.853667527,3.378087341,3.858514772,4.530117581,4.075909516,2.988868548,3.467600001,1.634841947,3.412926304,3.323031869,3.250214154
ybdH,3.281461771,2.429952245,3.059257218,2.562090015,3.700760668,2.529122468,2.478808946,3.208145339,3.470749835,2.336112447,3.148053403,2.501831767
ybdJ,0.658708418,1.632120246,1.878486406,0.780805482,1.843055586,1.876515111,1.675275111,1.909857469,0.950201861,1.142112545,0.400375956,2.501831767
ybdK,0.658708418,0.04093922,-0.081165644,0.387042983,1.473989129,0.516202858,2.478808946,1.402984775,1.634841947,1.142112545,2.717142687,1.898039616
ybdL,1.50675362,1.632120246,1.239066079,0.387042983,1.900776578,1.505047819,1.255666409,1.760580758,2.271761073,1.42689579,1.641516703,2.231895253
ybdM,1.279535868,-1.14456266,1.06506632,-0.233394293,1.074094981,0.596683146,0.639427359,0.10884003,1.634841947,0.778581957,0.400375956,2.728660382
ybdQ,4.667150713,3.214239589,2.524469212,2.734557267,4.236373082,3.387946846,4.587127522,3.766594532,3.470749835,4.416595346,4.531955639,5.222845217
ybdR,1.701594873,1.909674822,2.238018242,1.528716401,2.454749665,2.637027325,3.058650775,2.81846539,1.634841947,3.056677113,1.887696574,2.231895253
ybeA,2.700105232,3.402648158,3.059257218,3.184015617,3.778712156,4.358020876,1.845238606,2.660811997,2.829743201,2.973436686,1.341744444,2.501831767
ybeB,3.450374263,4.341620276,3.958384548,4.469685116,4.751017902,5.203765429,3.748448948,3.026504243,3.542781318,3.749023528,3.051855849,3.096523317
ybeD,4.246048423,3.78764548,2.762849217,2.81356451,3.242414359,3.632590573,3.981429471,4.358987101,1.634841947,3.209933256,2.948738551,1.898039616
ybeF,-1.14456266,0.04093922,-1.14456266,0.387042983,0.408571111,0.121745392,-1.14456266,-1.14456266,-1.14456266,0.261889892,-1.14456266,-1.14456266
ybeL,5.79563637,5.454822583,5.321052289,5.160889837,4.534614753,3.856507875,6.365974743,5.724448251,5.439681725,5.813513264,6.480357712,6.348138801
ybeM,3.694112533,2.875164209,2.458083344,2.959587103,3.317537294,3.001936354,3.125194645,3.559550295,2.271761073,2.464111871,2.717142687,2.501831767
ybeV,0.658708418,1.632120246,1.772119263,1.206669469,1.266618037,1.61662547,1.255666409,1.181552541,1.634841947,-1.14456266,1.341744444,1.458599818
ybeX,4.755670322,5.557349612,5.737285953,5.746355023,5.94521944,5.946468423,3.520582185,4.077573058,5.362285377,4.824471917,4.601402454,4.327436117
ybeY,3.648556922,3.357811199,3.884904066,4.432769881,3.530918076,2.933206116,2.372776568,2.385922444,3.470749835,3.845618938,3.238206047,3.631962725
ybeZ,5.063720883,4.936140006,5.174685065,5.205331784,5.087282153,4.823221279,4.21277922,4.594327311,4.29241472,4.384819231,4.16990457,3.739595723
ybfA,5.582315655,4.063473801,4.278273498,3.876963743,6.15684783,4.867961204,2.478808946,1.760580758,0.396002577,2.973436686,1.341744444,2.92436909
ybfB,0.169307087,-1.14456266,-0.081165644,-1.14456266,0.408571111,0.121745392,0.154497435,-1.14456266,-1.14456266,-1.14456266,-1.14456266,-1.14456266
ybfC,-1.14456266,-1.14456266,-0.081165644,-0.233394293,-0.340399338,-0.005082435,-1.14456266,-1.14456266,-1.14456266,0.261889892,-1.14456266,-1.14456266
ybfD,-1.14456266,0.490617291,-1.14456266,0.124258233,-0.340399338,-0.151607991,-1.14456266,-1.14456266,-1.14456266,0.778581957,0.955758142,-1.14456266
ybfE,2.700105232,3.357811199,4.05086741,4.128610446,3.253389765,4.633262087,3.188788908,0.915725688,0.396002577,1.863384156,1.887696574,-1.14456266
ybfF,2.287124403,2.741607747,3.481498342,4.302408495,3.163143758,3.408316295,2.915514321,3.026504243,2.709352471,3.474683089,1.887696574,3.515622458
ybfGH,-1.14456266,-1.14456266,-0.081165644,-0.233394293,0.718619532,1.505047819,0.154497435,0.57980147,-1.14456266,-1.14456266,-1.14456266,-1.14456266
ybfM,2.287124403,2.340080965,2.967104776,2.467348851,1.548844669,0.874259721,3.058650775,3.467600001,2.940786701,2.336112447,3.238206047,3.389035879
ybfN,-1.14456266,-1.14456266,-1.14456266,-1.14456266,-0.57230235,-0.151607991,-1.14456266,1.181552541,-1.14456266,0.261889892,-1.14456266,-1.14456266
ybgA,0.169307087,0.04093922,-0.081165644,0.780805482,0.785190935,0.429826472,0.154497435,0.10884003,-1.14456266,0.778581957,0.400375956,0.804561649
ybgC,2.869000612,3.263708482,3.909816478,4.329441129,3.763455919,4.871627621,2.75646861,3.026504243,2.709352471,3.056677113,2.585564792,2.501831767
ybgD,-1.14456266,0.490617291,0.328725926,0.387042983,-0.165749464,0.336426748,0.154497435,0.915725688,0.396002577,0.778581957,0.955758142,-1.14456266
ybgE,4.992655501,3.718449416,3.69729008,2.888436333,4.437095916,2.815880163,3.125194645,2.960458629,3.139979739,4.44768603,3.685185387,4.520742021
ybgF,5.953644624,6.558434983,6.978436881,7.086744448,6.649762843,6.666226119,4.610486392,5.533879227,6.295332031,6.064706555,5.390780372,5.719519721
ybgG,2.607531025,1.777799163,1.977337143,1.429612449,2.936588225,2.452362542,3.125194645,1.760580758,1.880704813,2.03916712,1.341744444,0.804561649
ybgH,0.169307087,0.490617291,-0.081165644,-1.14456266,1.124904303,1.202582163,0.639427359,0.57980147,0.950201861,0.778581957,-1.14456266,-1.14456266
ybgI,6.751997969,6.492682661,6.89363817,7.050666886,6.474841339,6.150346115,6.879938903,6.70209556,5.237798669,6.234706227,5.965429433,6.025944594
ybgJ,4.797972256,4.535006212,4.406287667,4.188902497,4.663392903,4.363240293,3.981429471,3.947569154,3.394918736,4.44768603,4.342119852,3.096523317
ybgK,6.217868972,5.794125061,5.511977888,5.518778668,6.155389039,5.717130605,5.498854764,5.464318308,5.053105965,4.938280321,5.798093118,5.066434401
ybgL,3.822718504,3.682562565,4.005368097,3.965821487,4.432283457,4.050243604,3.616100965,3.026504243,4.11494029,4.21449498,3.238206047,2.728660382
ybgP,-1.14456266,-1.14456266,-1.14456266,-1.14456266,-1.14456266,-0.328638789,-1.14456266,-1.14456266,-1.14456266,-1.14456266,-1.14456266,-1.14456266
ybgR,2.161956914,2.741607747,3.187254339,1.866355798,3.115799972,2.753401269,2.838199673,2.660811997,2.940786701,2.464111871,3.551059262,2.92436909
ybgS,1.701594873,0.04093922,2.388448808,2.312245118,0.493994953,0.121745392,3.616100965,3.026504243,1.634841947,2.195417295,3.403127684,2.728660382
ybgT,4.667150713,3.163005359,3.341894942,2.562090015,4.792911138,3.130238383,3.249685166,2.483565826,2.709352471,4.062071252,2.948738551,3.096523317
ybhA,1.50675362,1.284323171,1.06506632,1.789321157,2.63403818,2.73734551,0.639427359,0.57980147,1.634841947,0.778581957,1.341744444,1.898039616
ybhB,2.508531198,2.429952245,3.013921285,2.693353613,2.15839243,1.990318907,1.996751073,1.760580758,2.089747114,3.209933256,2.837620345,2.231895253
ybhC,3.22043646,3.446128737,3.378087341,4.2035894,3.700760668,4.238134652,2.372776568,1.909857469,3.314863079,2.690038402,2.717142687,2.231895253
ybhD,1.005901477,0.490617291,0.328725926,0.124258233,0.215468341,0.874259721,0.983904798,0.57980147,0.396002577,1.42689579,-1.14456266,-1.14456266
ybhE,5.906100286,4.66930994,5.068143648,5.212607436,5.861808572,4.624596057,5.326239871,5.11680583,4.333566771,4.981402413,5.224694762,4.981370547
ybhF,4.497821511,4.091098885,4.278273498,3.742562398,4.630161044,3.467748119,4.464294359,3.64597429,3.542781318,3.645476578,4.258583241,3.933364168
ybhG,3.502538225,2.997317952,2.58789945,2.074906101,3.485128086,2.240104539,4.181918076,3.089641103,2.940786701,2.973436686,3.865501508,3.739595723
ybhH,-1.14456266,0.04093922,-1.14456266,-1.14456266,-1.14456266,-0.563826259,-1.14456266,-1.14456266,-1.14456266,-1.14456266,-1.14456266,-1.14456266
ybhI,-1.14456266,-1.14456266,-1.14456266,-0.233394293,-1.14456266,-1.14456266,-1.14456266,-1.14456266,-1.14456266,-1.14456266,-1.14456266,-1.14456266
ybhJ,0.169307087,0.813307996,2.524469212,2.074906101,1.39479921,1.048683592,1.481501414,1.181552541,1.880704813,0.261889892,0.955758142,0.804561649
ybhK,3.738270261,3.682562565,2.648628761,3.351887143,3.902250361,4.191942488,2.577489015,3.369365381,2.829743201,3.533896365,2.837620345,2.728660382
ybhL,5.545550835,5.249629364,5.330301595,5.290307036,6.020868998,5.383982802,5.890915105,5.93621924,5.548506009,6.17095384,6.37526866,6.50871384
ybhN,0.658708418,0.04093922,0.328725926,0.938810998,0.493994953,0.23446579,1.481501414,0.915725688,0.950201861,0.261889892,0.955758142,0.804561649
ybhO,1.005901477,1.069845507,1.393037856,1.528716401,1.310709818,1.202582163,1.675275111,2.167844039,1.634841947,0.778581957,1.641516703,1.458599818
ybhP,1.005901477,0.490617291,-1.14456266,0.59996766,0.785190935,-0.005082435,0.154497435,0.915725688,-1.14456266,0.261889892,0.400375956,0.804561649
ybhQ,6.82539545,6.46129421,6.538183674,6.783906365,4.168532269,4.61587762,7.239517969,8.054474585,7.155586956,7.296029163,8.281239717,6.430659334
ybhR,1.50675362,1.284323171,2.238018242,1.206669469,2.454749665,1.651898241,1.845238606,0.57980147,2.433038119,3.135350084,2.585564792,1.898039616
ybhS,2.402133773,2.937542598,3.059257218,2.562090015,2.699886861,1.905843576,2.478808946,1.909857469,1.880704813,2.336112447,2.27917705,1.898039616
ybhT,4.246048423,3.885576928,4.586966324,4.597486218,4.197188415,3.658317299,4.539242739,4.594327311,4.450410319,4.871078557,3.807869657,3.839737144
ybiA,1.872409522,1.069845507,1.878486406,1.322734996,0.90863663,0.810426666,1.481501414,0.915725688,2.433038119,0.778581957,1.341744444,1.898039616
ybiB,5.415757986,5.053067546,5.090090896,5.255507037,5.32386142,4.232440962,5.93782416,6.035485785,5.565871131,5.523815701,5.92537976,5.610451078
ybiC,6.278867695,5.634427502,5.863691285,5.477096937,5.97198465,5.288482719,5.890915105,6.074912122,5.804002326,5.727488205,6.37526866,6.224055203
ybiF,1.005901477,1.284323171,1.772119263,1.429612449,2.15839243,2.769278728,0.983904798,-1.14456266,0.950201861,1.142112545,-1.14456266,0.804561649
ybiH,6.194312662,6.0755466,5.153997139,5.960263736,4.770211299,4.220985644,7.239517969,7.649581105,5.439681725,6.013698103,6.304174375,6.025944594
ybiJ,2.024617477,2.429952245,2.762849217,3.027371501,3.929840144,2.861011562,2.915514321,2.28107207,3.965832754,3.280832743,3.238206047,4.794527028
ybiK,5.227425206,5.32131999,4.928946305,4.8138845,5.771373591,3.963523049,4.118139092,4.077573058,4.161399886,4.44768603,3.974275373,3.933364168
ybiL,0.169307087,1.069845507,2.069687809,1.07954682,0.493994953,0.336426748,-1.14456266,0.10884003,1.335513986,0.778581957,0.400375956,-1.14456266
ybiM,0.658708418,0.04093922,0.626040423,0.780805482,0.215468341,0.672123583,0.639427359,-1.14456266,0.950201861,1.42689579,1.341744444,-1.14456266
ybiN,2.024617477,1.909674822,1.772119263,2.074906101,2.335230105,3.130238383,1.481501414,1.909857469,2.089747114,2.03916712,2.27917705,1.458599818
ybiO,1.50675362,1.777799163,1.531325051,1.322734996,2.335230105,2.412372376,2.915514321,2.660811997,1.634841947,1.863384156,2.717142687,2.501831767
ybiP,1.005901477,2.244134095,2.458083344,2.959587103,2.204714673,4.056703079,2.838199673,1.909857469,0.396002577,1.142112545,1.641516703,1.898039616
ybiR,3.822718504,4.650872841,4.474637679,5.536280025,4.604724611,5.704853538,5.460814569,4.887985489,3.043839098,4.101715412,3.685185387,3.839737144
ybiS,4.183579732,4.144808978,4.37085753,4.619552847,5.210417223,5.066558768,4.150381458,3.913148221,4.753008141,4.140297819,4.495936007,3.389035879
ybiT,5.763981528,6.33421708,5.67330998,6.486689294,6.627839964,6.743277187,4.721920155,5.101612473,4.558488654,4.384819231,4.495936007,3.933364168
ybiU,1.872409522,1.632120246,1.977337143,2.77460641,2.035469178,1.465745832,1.675275111,2.385922444,2.089747114,2.790871234,2.440603361,0.804561649
ybiV,2.946518091,3.163005359,2.524469212,2.734557267,3.264281934,3.42840113,2.133511042,3.150115972,2.577877013,2.790871234,1.341744444,0.804561649
ybiW,1.701594873,1.469254964,2.648628761,2.256535936,2.181743192,1.686294403,2.133511042,2.891221262,2.089747114,2.581544051,2.27917705,1.458599818
ybiX,0.658708418,0.04093922,0.626040423,0.780805482,0.573613538,-0.151607991,0.639427359,1.593346297,0.396002577,-1.14456266,0.400375956,0.804561649
ybiY,-1.14456266,-1.14456266,-1.14456266,-1.14456266,-1.14456266,-0.328638789,-1.14456266,-1.14456266,-1.14456266,-1.14456266,-1.14456266,-1.14456266
ybjC,3.450374263,4.063473801,3.577968833,3.876963743,4.121462943,3.248004389,3.058650775,2.891221262,2.940786701,3.412926304,2.585564792,3.250214154
ybjD,3.601511777,2.741607747,3.69729008,3.403751415,3.220208653,2.491259607,3.249685166,4.014037271,2.829743201,3.209933256,4.07540813,3.096523317
ybjE,-1.14456266,1.632120246,1.393037856,1.429612449,1.654006666,2.547683181,1.255666409,0.915725688,1.335513986,0.778581957,-1.14456266,0.804561649
ybjG,2.607531025,2.809943836,1.772119263,2.36584946,3.592669597,4.150272774,1.996751073,2.167844039,1.634841947,1.863384156,0.955758142,1.458599818
ybjH,1.50675362,1.069845507,0.328725926,1.429612449,1.124904303,1.250163792,1.255666409,0.10884003,0.396002577,2.03916712,0.955758142,0.804561649
ybjI,3.090005404,2.937542598,2.069687809,2.650926218,3.275092125,3.43833929,3.058650775,2.044750511,2.940786701,2.690038402,2.27917705,3.096523317
ybjJ,2.869000612,2.997317952,2.315226014,3.616444367,3.388926716,3.942746755,1.845238606,2.574940804,1.335513986,2.581544051,1.887696574,1.458599818
ybjK,1.701594873,1.632120246,-0.081165644,1.707779131,0.848411752,1.202582163,2.577489015,2.28107207,0.396002577,1.662278962,1.887696574,-1.14456266
ybjL,2.607531025,3.109874429,3.013921285,3.184015617,4.022443418,4.186062945,3.058650775,2.483565826,2.433038119,1.863384156,2.717142687,2.728660382
ybjN,3.601511777,3.446128737,3.577968833,3.298080719,3.512776654,3.780473794,2.372776568,3.208145339,3.394918736,3.474683089,2.585564792,1.898039616
ybjO,1.005901477,1.069845507,1.531325051,1.528716401,1.173835043,1.202582163,1.255666409,1.909857469,0.950201861,0.261889892,0.955758142,2.231895253
ybjP,1.005901477,1.777799163,0.626040423,0.124258233,2.009543656,0.993108595,1.675275111,1.760580758,1.880704813,2.581544051,2.440603361,1.898039616
ybjQ,2.946518091,2.244134095,2.816710004,2.924453426,3.02899219,2.671255534,3.364239935,2.574940804,2.433038119,3.798131235,3.148053403,2.92436909
ybjR,2.607531025,3.263708482,3.059257218,3.403751415,3.626801438,3.666791667,2.838199673,3.419321637,2.709352471,2.973436686,2.948738551,1.458599818
ybjS,3.090005404,2.809943836,2.58789945,2.138078784,2.778146992,2.815880163,2.577489015,2.044750511,2.829743201,1.662278962,2.717142687,2.728660382
ybjT,4.084485016,4.27092816,3.934305241,4.033160204,4.06037777,3.935754182,3.569134251,4.2801787,4.41250523,4.177873934,4.16990457,3.250214154
ybjX,5.21186605,4.966272643,5.045857234,4.915475797,6.262255325,6.243823034,4.21277922,5.006929252,4.722356551,5.023272408,4.025729113,4.843556128
ycaC,0.169307087,0.490617291,-0.081165644,0.124258233,0.104113823,-0.005082435,1.481501414,0.57980147,1.335513986,1.142112545,2.27917705,0.804561649
ycaD,1.50675362,1.909674822,2.069687809,2.607199367,1.813276146,2.601958204,2.133511042,1.402984775,0.950201861,1.662278962,2.717142687,1.458599818
ycaI,1.701594873,1.632120246,1.977337143,1.939368689,1.719920157,2.120729452,3.125194645,2.385922444,1.335513986,2.581544051,1.341744444,0.804561649
ycaJ,4.936959574,4.792162222,4.788351079,4.860951343,5.138395516,5.296687064,4.051405413,4.433708824,4.659026421,4.25020836,4.025729113,3.515622458
ycaK,1.005901477,1.069845507,1.393037856,1.429612449,0.408571111,0.993108595,1.255666409,1.909857469,-1.14456266,0.778581957,-1.14456266,0.804561649
ycaL,1.005901477,0.490617291,1.531325051,1.429612449,0.785190935,1.815946525,-1.14456266,1.181552541,0.396002577,-1.14456266,0.955758142,0.804561649
ycaM,0.169307087,-1.14456266,0.864408982,0.387042983,0.3162332,-0.563826259,2.133511042,1.181552541,1.634841947,1.42689579,0.400375956,1.458599818
ycaN,1.872409522,0.813307996,0.864408982,1.07954682,1.619835106,1.425280607,1.996751073,1.402984775,1.335513986,1.863384156,1.887696574,2.728660382
ycaO,5.753273643,6.864665231,6.742502964,7.254724906,6.787031631,7.233801649,4.438419863,4.481454587,5.548506009,4.621340262,4.342119852,4.18247159
ycaP,1.872409522,2.66984026,0.626040423,2.008769244,2.249568588,2.601958204,2.133511042,2.044750511,2.089747114,1.662278962,1.341744444,2.501831767
ycaQ,1.279535868,1.469254964,2.458083344,2.515506793,2.492457405,2.688066835,0.983904798,1.402984775,2.433038119,1.863384156,2.096977156,0.804561649
ycaR,4.049878631,4.00658169,3.059257218,3.378053213,3.428183068,3.467748119,3.789992042,3.766594532,3.139979739,3.412926304,1.887696574,3.250214154
ycbB,7.537106691,6.807568121,7.488436669,7.341893728,7.67263064,6.403005553,8.528186535,7.67289335,6.02098178,6.538822788,7.295928116,6.746354076
ycbC,0.658708418,1.069845507,1.656951679,1.528716401,1.353406739,1.719858046,0.154497435,2.167844039,1.634841947,1.863384156,-1.14456266,1.898039616
ycbG,4.215152564,4.905364271,4.788351079,4.481783059,4.353015169,3.92166635,5.012320714,4.738831449,4.29241472,5.353754052,4.849904581,5.024529565
ycbJ,4.391310335,3.977270191,4.45785161,3.839826347,4.655156473,3.92166635,4.272586782,3.804655043,3.470749835,4.565747746,3.865501508,5.259434137
ycbK,5.618166656,5.794125061,5.225142684,5.276487631,5.402218241,6.199300912,5.208738863,5.070736979,5.599986522,5.286579953,4.985947661,4.520742021
ycbL,5.482113828,5.930269716,6.03185071,6.02780688,6.356679258,6.703724523,5.326239871,5.663680311,5.818562844,5.727488205,5.371035859,5.066434401
ycbR,-1.14456266,-1.14456266,-1.14456266,0.124258233,-1.14456266,-0.328638789,0.639427359,-1.14456266,-1.14456266,0.261889892,-1.14456266,-1.14456266
ycbS,1.005901477,0.490617291,2.069687809,3.184015617,1.173835043,2.070004129,1.675275111,0.10884003,-1.14456266,1.142112545,1.887696574,-1.14456266
ycbW,3.396246232,1.777799163,1.239066079,1.939368689,2.510943329,2.961095005,1.675275111,2.044750511,2.433038119,2.195417295,3.051855849,2.501831767
ycbX,4.572838776,4.364434217,3.447847771,4.01661835,5.053216551,4.684192079,4.118139092,4.196810065,3.470749835,3.280832743,4.07540813,3.250214154
ycbZ,4.523263489,5.586738584,5.10094053,5.542066938,5.691087772,5.930740982,4.976816861,4.815336156,5.002984938,5.216123802,3.747834198,3.631962725
yccA,8.016056874,7.34632676,6.439075875,7.238780154,6.57862156,7.434864824,4.539242739,5.792252753,5.342269504,5.58100117,4.878159346,4.843556128
yccC,2.161956914,2.514481243,3.145844317,3.213392485,3.151453425,2.890327556,2.478808946,1.909857469,2.709352471,3.749023528,2.837620345,2.92436909
yccD,3.450374263,2.514481243,3.546525499,2.888436333,3.398841768,2.547683181,3.058650775,3.026504243,2.577877013,3.749023528,3.323031869,3.389035879
yccE,-1.14456266,-1.14456266,0.328725926,-0.233394293,-0.340399338,0.121745392,0.154497435,-1.14456266,-1.14456266,0.261889892,-1.14456266,-1.14456266
yccF,2.402133773,2.741607747,1.656951679,1.939368689,2.808289868,3.487025063,0.983904798,1.593346297,0.950201861,-1.14456266,2.27917705,1.458599818
yccJ,1.50675362,1.069845507,1.393037856,1.429612449,2.15839243,0.935052876,3.058650775,2.891221262,3.043839098,3.209933256,2.948738551,2.92436909
yccK,2.161956914,2.741607747,1.656951679,2.198546665,2.314294782,2.471943915,1.675275111,1.402984775,1.335513986,1.662278962,1.887696574,1.458599818
yccR,2.024617477,2.514481243,1.977337143,2.515506793,2.35586119,2.529122468,2.577489015,2.741810914,0.396002577,2.581544051,2.27917705,2.231895253
yccS,2.869000612,3.357811199,3.30476737,3.548982175,3.970258418,4.075909516,1.845238606,2.385922444,3.314863079,2.03916712,1.887696574,2.728660382
yccT,0.169307087,0.04093922,-1.14456266,-0.233394293,0.215468341,0.336426748,-1.14456266,-1.14456266,-1.14456266,0.261889892,-1.14456266,0.804561649
yccU,4.014420386,2.594274625,2.524469212,3.184015617,3.398841768,2.452362542,3.789992042,3.263920196,2.433038119,3.645476578,3.148053403,3.096523317
yccV,4.917905765,3.607987039,3.608739568,3.701738873,3.475792491,3.579714563,4.994678045,5.378682627,4.333566771,3.936139379,5.011681315,5.295117765
yccW,4.445549485,4.535006212,4.45785161,4.735228175,4.796659943,5.15946455,4.016842324,4.108320124,3.799486457,3.845618938,4.382139907,4.520742021
yccX,2.402133773,1.909674822,1.772119263,1.528716401,2.060925945,1.84655887,3.520582185,2.167844039,1.335513986,2.195417295,0.955758142,2.728660382
ycdB,3.450374263,5.332929487,7.013306886,6.266707279,6.074339707,5.383982802,3.748448948,4.384327196,6.220557031,4.478120255,2.096977156,4.520742021
ycdC,2.402133773,1.909674822,2.388448808,2.693353613,2.227319223,2.654243989,2.372776568,2.28107207,2.433038119,2.790871234,1.887696574,1.898039616
ycdG,2.787044417,2.340080965,0.626040423,1.621147031,2.793297826,0.810426666,3.94512394,3.026504243,2.089747114,2.03916712,4.025729113,4.743771959
ycdH,1.701594873,1.284323171,-1.14456266,0.59996766,0.848411752,-0.005082435,2.988868548,1.402984775,0.396002577,0.778581957,1.641516703,1.898039616
ycdI,1.005901477,1.284323171,0.328725926,0.780805482,0.90863663,0.121745392,2.988868548,1.909857469,1.634841947,1.142112545,1.641516703,2.92436909
ycdJ,1.279535868,2.340080965,0.328725926,1.322734996,0.848411752,1.048683592,3.86964614,3.089641103,2.089747114,2.336112447,3.403127684,3.515622458
ycdK,0.658708418,2.141213121,-0.081165644,1.528716401,0.408571111,0.743193164,4.438419863,3.026504243,0.950201861,2.690038402,3.619684692,2.501831767
ycdL,0.169307087,2.66984026,-1.14456266,2.138078784,0.90863663,1.153242155,5.367946811,3.947569154,1.880704813,3.798131235,4.821085097,4.459142826
ycdM,2.287124403,3.645757877,2.762849217,3.270402455,2.110500387,2.753401269,7.474001823,6.536870072,3.799486457,5.59495019,6.981286367,6.55359663
ycdN,2.787044417,3.529333577,4.094973529,3.858514772,4.022443418,4.180159312,2.577489015,3.026504243,2.940786701,1.42689579,2.096977156,2.728660382
ycdO,3.978067213,6.23252811,6.981375124,6.480675877,6.594856268,5.252381175,4.357887081,4.699000984,6.153226917,3.979351652,3.920915173,4.459142826
ycdQ,-1.14456266,0.490617291,-1.14456266,-1.14456266,-0.57230235,-0.005082435,0.154497435,0.10884003,0.396002577,-1.14456266,-1.14456266,-1.14456266
ycdT,1.005901477,0.813307996,0.864408982,1.206669469,1.39479921,1.651898241,0.154497435,0.57980147,0.396002577,1.42689579,0.955758142,1.458599818
ycdW,4.418685018,4.574672154,3.833747712,3.930933505,4.869659278,4.424442067,3.569134251,4.077573058,4.01726939,3.936139379,3.807869657,3.515622458
ycdX,4.418685018,4.792162222,4.42368141,4.619552847,5.431442664,4.725301214,3.90787948,4.252921561,4.206408091,4.478120255,3.807869657,3.515622458
ycdY,5.469084626,6.162691338,6.135727669,6.209679364,6.390553446,5.977418056,4.385234356,4.57244871,5.321971949,4.824471917,3.974275373,4.843556128
ycdZ,4.049878631,5.038959657,6.323420481,6.661663692,4.989139086,4.929056872,4.921866334,4.637112956,3.965832754,4.021305152,3.974275373,3.739595723
yceA,4.084485016,4.792162222,5.771639181,6.695806993,4.719766935,6.411843978,5.956168839,5.578456755,4.066932431,4.565747746,4.07540813,4.10412621
yceB,3.552876099,3.054700123,2.706879979,3.428998246,4.078976806,4.075909516,3.616100965,3.208145339,3.799486457,4.285058031,4.56709718,4.691164879
yceD,8.848545733,9.051569211,8.435306728,8.792115151,8.879932021,9.152242579,6.399875153,6.741830999,7.468781978,6.866602714,6.748635759,6.06780313
yceE,2.402133773,3.054700123,2.648628761,3.154025009,3.208975686,3.001936354,2.915514321,2.660811997,1.634841947,2.03916712,0.400375956,2.231895253
yceF,3.940772686,3.7534632,3.266654798,3.428998246,3.881205506,3.270441365,2.988868548,3.947569154,3.611376894,3.412926304,3.551059262,3.389035879
yceG,2.869000612,2.340080965,2.967104776,2.959587103,3.358764436,3.552529446,2.75646861,2.960458629,2.089747114,2.790871234,2.096977156,1.898039616
yceH,5.346201631,4.594103225,3.884904066,3.428998246,4.316915584,3.408316295,4.016842324,4.252921561,2.829743201,3.891590314,5.133881715,4.256775916
yceI,5.227425206,4.27092816,3.807471401,4.049514254,4.25829503,3.649792729,2.988868548,2.28107207,3.857096996,3.056677113,3.807869657,3.096523317
yceJ,3.450374263,2.875164209,1.393037856,2.417504478,2.582578473,2.688066835,1.845238606,0.57980147,1.634841947,-1.14456266,1.887696574,2.231895253
yceL,2.508531198,2.937542598,2.868616656,2.693353613,3.557708257,2.988451466,0.983904798,1.181552541,2.089747114,2.336112447,1.641516703,0.804561649
yceO,-1.14456266,-1.14456266,-1.14456266,-0.233394293,-0.165749464,0.336426748,-1.14456266,-1.14456266,-1.14456266,0.261889892,-1.14456266,-1.14456266
ycfC,3.552876099,4.170931385,3.982067889,4.246772757,4.866095761,5.686239765,3.30810401,3.208145339,4.558488654,2.03916712,2.717142687,2.501831767
ycfD,5.288035752,5.486353063,5.384585423,5.880294484,6.125899083,5.711005133,5.354178064,5.314243721,5.548506009,5.905928918,5.485641401,5.522871788
ycfF,7.136813524,7.07282622,6.739034979,6.519322363,7.662396969,6.931522665,6.690240007,6.697050784,6.434171571,6.418488077,6.763855818,6.398215336
ycfH,3.940772686,4.981106095,5.068143648,5.107248479,5.210417223,5.277470487,4.489712588,4.870163406,4.659026421,5.17956154,3.920915173,3.631962725
ycfJ,3.020056016,3.569197809,4.005368097,3.65972349,4.574470194,3.543352358,2.133511042,3.026504243,3.739474064,2.790871234,3.619684692,4.10412621
ycfL,4.734044673,4.430786254,3.807471401,3.913167376,5.241001947,4.304759987,4.272586782,3.804655043,4.333566771,4.140297819,4.667657167,4.743771959
ycfM,4.620765799,4.535006212,3.934305241,3.930933505,4.880297295,3.984003896,3.789992042,3.877884375,4.558488654,4.621340262,5.180002892,4.18247159
ycfP,6.1703653,5.716485175,5.629026536,5.542066938,5.840179844,5.466295303,5.70816423,5.673987748,5.548506009,5.337251544,5.485641401,5.259434137
ycfQ,2.700105232,2.514481243,1.656951679,1.621147031,3.437831912,2.974838507,3.748448948,2.660811997,2.271761073,3.135350084,2.837620345,1.898039616
ycfS,3.694112533,3.78764548,2.069687809,2.993879944,1.434968744,2.688066835,0.154497435,0.915725688,0.950201861,1.142112545,-1.14456266,-1.14456266
ycfT,-1.14456266,0.04093922,-1.14456266,-1.14456266,-0.57230235,-0.563826259,0.154497435,-1.14456266,-1.14456266,0.261889892,-1.14456266,-1.14456266
ycfU,3.339999835,4.144808978,3.807471401,3.742562398,3.950191063,4.530311797,2.838199673,3.419321637,3.611376894,3.056677113,3.238206047,3.250214154
ycfW,4.363405661,5.662301959,5.64393925,5.705685701,5.262844954,5.80026318,3.616100965,4.658038861,4.250052949,4.67486849,4.300956729,4.327436117
ycgB,4.936959574,3.718449416,4.571445375,3.876963743,4.368213852,3.346320888,8.053328863,6.635096006,5.476876255,6.636463695,7.523112183,6.904864579
ycgE,3.940772686,4.473382622,4.33453446,4.630460784,5.102504452,5.471136133,5.965254431,4.196810065,3.739474064,4.67486849,2.948738551,3.096523317
ycgF,3.22043646,5.187038812,4.841076244,5.790777954,4.723710549,6.852111288,5.535917459,5.55634019,5.125165448,5.269285949,3.807869657,3.250214154
ycgG,-1.14456266,-1.14456266,-1.14456266,0.387042983,-0.340399338,-0.151607991,0.983904798,0.10884003,0.396002577,-1.14456266,0.400375956,-1.14456266
ycgI,-1.14456266,1.284323171,0.864408982,1.621147031,0.848411752,1.686294403,1.996751073,2.483565826,0.396002577,1.42689579,0.955758142,0.804561649
ycgJ,-1.14456266,1.284323171,1.393037856,1.206669469,1.5119274,1.934570751,1.845238606,0.915725688,1.335513986,0.778581957,0.400375956,2.231895253
ycgK,4.548264225,3.607987039,6.271553091,6.224149082,3.197654146,2.784981838,5.080809141,4.79658715,5.053105965,7.278850938,6.552247387,6.477996942
ycgL,3.22043646,2.875164209,2.315226014,2.467348851,3.079237974,3.105479645,1.996751073,2.483565826,2.829743201,2.464111871,2.585564792,1.458599818
ycgM,5.816360153,4.705491563,4.87939229,5.115034766,5.55165594,4.696648356,5.822569141,5.753898427,4.897193331,5.234063128,5.978535987,5.185303861
ycgN,2.287124403,3.214239589,1.977337143,2.312245118,2.89508645,3.105479645,2.577489015,1.909857469,2.271761073,2.03916712,1.641516703,0.804561649
ycgO,4.215152564,4.889726544,5.283450262,5.396339552,5.3108148,5.378839916,3.981429471,3.369365381,3.912490909,3.845618938,3.051855849,3.739595723
ycgR,-1.14456266,-1.14456266,-0.081165644,0.124258233,0.104113823,-0.151607991,-1.14456266,0.10884003,-1.14456266,0.261889892,0.400375956,-1.14456266
ycgV,2.402133773,1.777799163,1.878486406,1.621147031,2.15839243,2.391947558,0.983904798,0.57980147,1.880704813,1.142112545,0.955758142,1.898039616
ycgX,0.169307087,-1.14456266,-0.081165644,-1.14456266,-0.57230235,0.429826472,0.154497435,-1.14456266,-1.14456266,-1.14456266,0.400375956,-1.14456266
ycgY,-1.14456266,-1.14456266,-1.14456266,-1.14456266,-0.021124796,0.23446579,0.983904798,-1.14456266,0.950201861,-1.14456266,1.341744444,-1.14456266
ycgZ,1.872409522,0.04093922,-1.14456266,1.429612449,2.936588225,2.350195651,2.669780771,0.915725688,0.950201861,-1.14456266,1.341744444,1.458599818
ychA,3.22043646,4.063473801,3.909816478,4.246772757,4.621731999,4.911354686,3.470333633,3.263920196,3.043839098,3.891590314,3.148053403,2.501831767
ychE,0.169307087,1.469254964,1.393037856,1.322734996,1.928768743,1.815946525,1.996751073,1.760580758,-1.14456266,1.863384156,0.400375956,-1.14456266
ychF,5.02862589,5.444157374,4.259020946,5.396339552,5.778972316,5.960305857,4.150381458,4.678665387,4.659026421,4.25020836,4.07540813,4.18247159
ychH,5.836790421,4.857932964,5.658699368,5.07567602,5.392343684,2.769278728,8.162022663,7.718417289,7.338456736,7.453596912,8.077058734,8.720928118
ychJ,4.183579732,4.430786254,3.638865955,4.457484779,4.191502596,4.454095271,4.940416807,5.006929252,3.542781318,4.352326751,2.585564792,3.389035879
ychK,3.738270261,4.00658169,3.69729008,4.188902497,4.202851886,4.700776648,3.418265311,3.64597429,3.139979739,3.645476578,2.585564792,2.92436909
ychM,2.508531198,3.718449416,2.918707025,3.242180345,3.584008594,4.168278982,2.75646861,2.660811997,1.880704813,3.056677113,1.887696574,2.728660382
ychN,5.388336631,4.170931385,4.676738632,4.529184383,4.574470194,3.963523049,5.523668737,5.35325148,5.053105965,5.70193697,5.410258248,4.256775916
ychP,1.701594873,2.514481243,2.315226014,2.256535936,2.335230105,3.248004389,1.255666409,0.10884003,1.880704813,1.142112545,0.955758142,-1.14456266
ychQ,1.279535868,2.244134095,1.977337143,2.417504478,2.473728372,3.225211313,1.255666409,0.10884003,0.950201861,0.778581957,0.400375956,1.458599818
yciA,0.658708418,2.244134095,1.977337143,2.924453426,2.565004304,3.178510131,1.255666409,0.57980147,0.396002577,0.261889892,0.400375956,2.231895253
yciC,1.50675362,1.469254964,1.393037856,1.866355798,1.584796819,1.719858046,1.481501414,0.57980147,1.634841947,0.261889892,0.955758142,0.804561649
yciD,3.648556922,2.429952245,1.656951679,1.939368689,1.074094981,0.429826472,1.845238606,0.57980147,0.396002577,1.42689579,0.400375956,-1.14456266
yciF,-1.14456266,-1.14456266,0.328725926,0.124258233,-0.57230235,-0.563826259,-1.14456266,-1.14456266,-1.14456266,0.261889892,-1.14456266,0.804561649
yciG,-1.14456266,-1.14456266,-1.14456266,-1.14456266,-1.14456266,-1.14456266,-1.14456266,0.57980147,-1.14456266,-1.14456266,-1.14456266,-1.14456266
yciH,2.161956914,2.340080965,1.878486406,2.256535936,2.227319223,2.721107363,0.639427359,0.10884003,1.335513986,1.142112545,0.955758142,1.458599818
yciI,5.545550835,4.594103225,3.982067889,3.930933505,5.409580046,4.506924121,4.563383936,4.306929861,4.41250523,4.44768603,4.342119852,2.728660382
yciK,5.063720883,3.885576928,3.909816478,4.288699623,4.751017902,4.336952117,5.675321149,5.918989807,5.07752804,5.552691809,5.485641401,5.222845217
yciL,5.360383837,6.497848308,5.844454334,6.637543563,6.016054438,7.412391955,4.150381458,4.852118296,4.48734413,3.798131235,4.382139907,3.933364168
yciM,3.694112533,3.569197809,3.013921285,3.403751415,4.091244089,4.326301104,3.188788908,3.841735214,3.739474064,3.698181102,2.837620345,3.631962725
yciN,4.755670322,4.170931385,3.807471401,4.315988192,4.263723805,3.878556591,5.881347426,5.892753553,5.902968244,6.074695326,6.39495399,5.892547281
yciO,5.131448233,5.094581589,5.122397961,5.471042846,5.059470448,5.55332214,4.678374611,5.006929252,4.523355236,4.981402413,4.458993237,4.579816561
yciR,3.156702039,3.163005359,3.833747712,4.420251683,4.197188415,5.014447945,2.915514321,2.483565826,3.611376894,2.336112447,2.948738551,2.231895253
yciS,5.557910186,5.297816836,5.567784387,5.576309178,4.982571921,4.967253266,5.239023665,5.190460645,4.523355236,5.70193697,5.0618107,5.185303861
yciT,4.215152564,5.187038812,4.761247443,5.018704348,4.949279868,5.461438172,4.051405413,4.481454587,4.558488654,4.352326751,3.974275373,2.92436909
yciU,4.391310335,4.494217894,4.11653034,4.302408495,4.667493541,4.838289352,4.357887081,3.766594532,3.739474064,3.348396791,3.807869657,3.250214154
yciV,2.946518091,3.977270191,3.668374493,4.033160204,3.575295133,4.150272774,2.838199673,2.660811997,3.611376894,3.056677113,2.948738551,2.501831767
yciW,5.742485677,5.914903759,5.057043491,5.383504002,7.398285362,3.43833929,4.903074115,4.79658715,2.940786701,3.056677113,3.619684692,0.804561649
ycjC,4.471922423,6.592636701,5.567784387,6.711296964,5.460086703,6.860436526,6.317134629,5.782759353,5.713410787,5.960819676,4.699676686,4.579816561
ycjD,3.502538225,3.488332863,3.982067889,4.302408495,3.852658546,3.885831771,4.051405413,3.687314521,3.314863079,3.474683089,2.948738551,3.631962725
ycjF,3.156702039,2.997317952,2.967104776,2.417504478,2.922887473,2.831082646,3.520582185,3.419321637,1.634841947,2.790871234,3.148053403,2.728660382
ycjG,5.33187859,5.586738584,5.520083658,5.570658291,5.344493611,5.806021843,6.221796616,5.77320306,5.420718491,6.304274848,5.642097062,5.719519721
ycjI,3.781113532,3.853667527,3.934305241,3.65972349,4.252845728,3.356840955,3.125194645,4.077573058,3.542781318,3.845618938,4.123430944,4.520742021
ycjJ,4.797972256,5.527349373,5.011768237,5.715961032,5.921385449,5.862378332,7.186121038,6.449575448,6.106528416,5.960819676,5.92537976,5.024529565
ycjK,6.741200999,8.211662275,9.714711298,10.32900298,7.47103625,7.954542049,10.25204477,9.464960988,8.734446806,9.978837603,9.115260412,8.374145031
ycjM,-1.14456266,-1.14456266,-0.081165644,-1.14456266,-0.021124796,-0.005082435,0.154497435,-1.14456266,-1.14456266,0.261889892,0.400375956,-1.14456266
ycjN,0.169307087,-1.14456266,-0.081165644,-0.233394293,-1.14456266,-0.563826259,-1.14456266,0.10884003,-1.14456266,-1.14456266,-1.14456266,-1.14456266
ycjO,-1.14456266,-1.14456266,-1.14456266,-1.14456266,-1.14456266,-0.563826259,-1.14456266,0.10884003,-1.14456266,-1.14456266,-1.14456266,-1.14456266
ycjP,-1.14456266,-1.14456266,-1.14456266,-1.14456266,-1.14456266,-0.328638789,-1.14456266,-1.14456266,-1.14456266,-1.14456266,-1.14456266,-1.14456266
ycjQ,-1.14456266,-1.14456266,-1.14456266,-0.233394293,0.104113823,-0.563826259,-1.14456266,-1.14456266,0.396002577,-1.14456266,-1.14456266,-1.14456266
ycjS,0.169307087,0.04093922,0.626040423,0.938810998,0.648269063,0.429826472,0.154497435,0.10884003,0.950201861,0.261889892,-1.14456266,0.804561649
ycjT,0.658708418,0.490617291,0.626040423,-1.14456266,0.215468341,0.23446579,1.255666409,0.57980147,0.950201861,-1.14456266,0.955758142,-1.14456266
ycjU,0.169307087,-1.14456266,-1.14456266,-1.14456266,-0.57230235,-1.14456266,0.154497435,-1.14456266,-1.14456266,-1.14456266,-1.14456266,-1.14456266
ycjV,0.658708418,-1.14456266,-0.081165644,-0.233394293,-0.340399338,-0.151607991,-1.14456266,0.57980147,-1.14456266,0.261889892,0.400375956,0.804561649
ycjX,3.552876099,3.054700123,2.238018242,2.607199367,2.880980903,3.041646281,2.988868548,3.514309881,2.709352471,2.195417295,2.717142687,2.231895253
ycjY,0.658708418,1.632120246,1.239066079,1.789321157,1.310709818,1.686294403,1.675275111,0.915725688,1.634841947,1.42689579,1.641516703,1.898039616
ycjZ,1.279535868,0.813307996,1.239066079,1.322734996,1.548844669,2.193556411,2.75646861,1.760580758,1.880704813,0.261889892,0.400375956,1.898039616
ydaA,8.044878587,6.923432541,7.004668081,6.422262366,7.076281437,6.431845036,8.665508372,8.362336926,7.654723682,8.128879864,8.909969541,8.849477628
ydaF,-1.14456266,-1.14456266,-1.14456266,-1.14456266,-1.14456266,-0.563826259,-1.14456266,-1.14456266,-1.14456266,-1.14456266,-1.14456266,-1.14456266
ydaG,-1.14456266,-1.14456266,-1.14456266,-1.14456266,-0.57230235,-1.14456266,-1.14456266,-1.14456266,-1.14456266,-1.14456266,-1.14456266,-1.14456266
ydaL,1.005901477,1.069845507,1.06506632,0.59996766,1.473989129,1.962721439,1.481501414,1.593346297,2.089747114,0.778581957,0.955758142,0.804561649
ydaM,2.946518091,2.244134095,2.458083344,2.993879944,3.456937476,2.688066835,3.616100965,3.877884375,3.230082065,3.348396791,2.440603361,4.10412621
ydaO,2.607531025,4.170931385,4.571445375,5.63163286,3.684650643,4.497461763,3.188788908,2.044750511,2.829743201,3.698181102,2.585564792,3.631962725
ydbC,1.50675362,1.632120246,2.238018242,1.707779131,2.27147395,2.831082646,1.255666409,1.402984775,2.271761073,1.42689579,2.585564792,1.458599818
ydbD,-1.14456266,1.069845507,1.06506632,1.866355798,1.473989129,2.61960048,0.983904798,2.28107207,-1.14456266,1.662278962,1.341744444,0.804561649
ydbH,3.940772686,4.196588626,4.33453446,4.01661835,4.574470194,4.733384239,3.364239935,4.384327196,3.739474064,3.845618938,3.974275373,4.459142826
ydbJ,4.818666763,4.341620276,4.647431257,4.2035894,3.950191063,4.304759987,3.94512394,4.550232955,3.314863079,3.056677113,3.478994982,3.096523317
ydbK,8.081720097,7.490636668,7.019037483,6.945442021,7.687341698,6.78857662,6.175575248,6.187110844,6.008335931,6.337840219,7.170198162,6.278545747
ydbL,0.658708418,1.069845507,1.531325051,0.938810998,1.39479921,1.815946525,0.639427359,0.10884003,0.396002577,1.142112545,0.400375956,0.804561649
ydcA,2.946518091,1.469254964,2.762849217,3.213392485,2.880980903,2.974838507,1.675275111,2.28107207,1.634841947,3.135350084,2.948738551,2.728660382
ydcC,-1.14456266,0.04093922,-1.14456266,0.124258233,-0.340399338,-0.328638789,-1.14456266,-1.14456266,-1.14456266,-1.14456266,-1.14456266,-1.14456266
ydcD,0.658708418,0.490617291,0.864408982,-1.14456266,-0.165749464,1.465745832,1.996751073,1.593346297,0.396002577,0.778581957,-1.14456266,1.458599818
ydcF,1.701594873,2.429952245,1.06506632,1.707779131,2.335230105,2.510316822,2.577489015,2.483565826,2.089747114,2.336112447,2.096977156,2.501831767
ydcH,3.601511777,2.937542598,3.577968833,3.092095514,2.134649391,1.686294403,5.268685607,4.77759114,4.812423203,4.938280321,6.07931016,5.982835062
ydcI,5.594365266,5.945473719,6.114471808,5.951594065,3.408688896,5.463868782,6.836039775,6.707122756,6.821552793,6.843420598,5.574646904,6.462389696
ydcJ,2.287124403,1.777799163,1.393037856,1.866355798,1.074094981,1.465745832,3.520582185,3.369365381,1.880704813,2.464111871,2.948738551,2.231895253
ydcK,1.279535868,0.813307996,0.626040423,1.322734996,0.718619532,0.672123583,1.675275111,0.915725688,-1.14456266,1.42689579,2.27917705,1.898039616
ydcL,4.276295763,3.607987039,3.638865955,3.65972349,4.663392903,4.06953578,4.016842324,3.727500311,4.206408091,4.285058031,3.148053403,3.839737144
ydcM,5.731616422,4.386892664,5.045857234,4.851660075,5.087282153,4.516324772,6.191147503,5.763583037,6.586563728,6.727912895,6.516750309,6.78450961
ydcN,1.50675362,1.284323171,1.06506632,0.59996766,1.173835043,1.296115878,0.154497435,1.181552541,0.396002577,1.142112545,0.955758142,0.804561649
ydcO,2.402133773,1.632120246,1.656951679,1.621147031,1.719920157,1.425280607,0.983904798,2.044750511,1.634841947,1.142112545,0.955758142,1.898039616
ydcP,3.648556922,3.402648158,3.30476737,3.453809343,4.003094926,3.818992708,1.996751073,2.28107207,3.230082065,1.863384156,2.585564792,1.898039616
ydcQ,1.005901477,0.04093922,-0.081165644,0.124258233,0.785190935,0.672123583,0.154497435,1.181552541,0.396002577,0.778581957,-1.14456266,-1.14456266
ydcR,2.161956914,1.909674822,1.531325051,1.939368689,2.110500387,2.510316822,0.983904798,1.909857469,0.396002577,2.03916712,1.341744444,0.804561649
ydcS,2.787044417,0.490617291,1.393037856,1.429612449,0.90863663,0.810426666,4.21277922,3.804655043,2.829743201,3.845618938,4.123430944,3.933364168
ydcT,1.279535868,0.04093922,0.328725926,0.938810998,0.785190935,1.048683592,3.616100965,2.960458629,1.880704813,2.336112447,4.214925963,1.898039616
ydcU,1.279535868,0.813307996,0.864408982,0.780805482,0.848411752,0.121745392,2.669780771,2.385922444,-1.14456266,1.142112545,2.440603361,1.458599818
ydcW,2.161956914,1.632120246,3.30476737,3.722295367,1.719920157,1.934570751,4.242993251,3.317609911,3.139979739,4.593811949,3.685185387,3.096523317
ydcX,0.169307087,0.04093922,-1.14456266,-1.14456266,-0.340399338,0.874259721,-1.14456266,-1.14456266,-1.14456266,-1.14456266,-1.14456266,-1.14456266
ydcY,3.738270261,3.214239589,3.546525499,3.782259969,3.466395889,3.606395467,3.705671164,2.81846539,2.940786701,2.790871234,3.619684692,2.92436909
ydcZ,2.607531025,2.937542598,2.238018242,2.36584946,3.838169984,3.281529775,1.481501414,2.891221262,1.634841947,1.863384156,1.887696574,3.250214154
yddA,-1.14456266,1.469254964,0.864408982,1.206669469,1.074094981,0.596683146,0.154497435,1.402984775,1.634841947,0.261889892,2.096977156,2.231895253
yddB,2.869000612,2.244134095,3.378087341,2.81356451,2.492457405,1.815946525,1.481501414,3.369365381,4.250052949,2.790871234,2.440603361,2.92436909
yddH,2.402133773,2.244134095,2.315226014,2.256535936,1.584796819,0.23446579,3.569134251,3.841735214,2.709352471,2.195417295,3.747834198,2.728660382
yddK,-1.14456266,-1.14456266,-1.14456266,-0.233394293,-1.14456266,-1.14456266,-1.14456266,0.10884003,-1.14456266,-1.14456266,-1.14456266,-1.14456266
yddM,3.281461771,2.875164209,3.807471401,3.913167376,3.408688896,3.856507875,3.520582185,4.014037271,3.676850297,4.319084827,2.440603361,3.250214154
yddO,1.005901477,2.030199546,2.069687809,2.77460641,2.650787194,2.784981838,1.255666409,2.28107207,1.634841947,2.336112447,1.341744444,0.804561649
yddP,1.005901477,1.909674822,0.626040423,1.621147031,1.872213685,1.61662547,1.255666409,-1.14456266,1.335513986,0.778581957,-1.14456266,0.804561649
yddR,0.169307087,2.244134095,1.531325051,2.198546665,1.266618037,1.296115878,2.133511042,2.167844039,1.335513986,0.778581957,0.955758142,-1.14456266
yddS,3.339999835,3.569197809,1.878486406,3.453809343,3.548833523,2.721107363,5.66420515,4.957149614,3.470749835,3.533896365,4.16990457,4.327436117
yddV,2.024617477,1.909674822,2.069687809,1.866355798,3.358764436,2.471943915,3.418265311,2.044750511,1.634841947,1.863384156,1.641516703,2.231895253
yddW,2.869000612,2.244134095,2.238018242,1.939368689,2.650787194,2.452362542,2.915514321,3.026504243,1.880704813,1.42689579,3.051855849,0.804561649
ydeE,1.701594873,1.909674822,2.315226014,2.888436333,2.59993874,3.346320888,1.255666409,1.760580758,1.335513986,1.863384156,0.955758142,1.458599818
ydeH,3.396246232,3.054700123,2.156357825,3.65972349,2.63403818,4.315570791,2.133511042,2.741810914,2.089747114,2.03916712,3.051855849,2.501831767
ydeI,-1.14456266,-1.14456266,-1.14456266,-1.14456266,-0.165749464,-0.563826259,-1.14456266,0.10884003,0.396002577,-1.14456266,-1.14456266,-1.14456266
ydeN,2.161956914,1.632120246,1.531325051,0.938810998,0.3162332,0.336426748,2.75646861,2.167844039,3.139979739,2.973436686,3.974275373,2.728660382
ydeO,-1.14456266,-1.14456266,0.328725926,-1.14456266,-0.57230235,-1.14456266,-1.14456266,-1.14456266,-1.14456266,0.261889892,-1.14456266,0.804561649
ydeP,1.005901477,1.632120246,1.393037856,1.322734996,1.266618037,1.425280607,1.481501414,1.593346297,1.335513986,1.42689579,0.400375956,1.458599818
ydeQ,-1.14456266,-1.14456266,-1.14456266,-0.233394293,-0.57230235,-1.14456266,-1.14456266,0.10884003,-1.14456266,-1.14456266,0.400375956,-1.14456266
ydeR,-1.14456266,-1.14456266,-1.14456266,-0.233394293,-1.14456266,-1.14456266,-1.14456266,-1.14456266,-1.14456266,-1.14456266,-1.14456266,-1.14456266
ydeS,-1.14456266,-1.14456266,-1.14456266,-1.14456266,-1.14456266,-1.14456266,0.639427359,-1.14456266,-1.14456266,-1.14456266,-1.14456266,-1.14456266
ydeT,-1.14456266,-1.14456266,-1.14456266,-0.233394293,-1.14456266,-0.563826259,-1.14456266,-1.14456266,-1.14456266,-1.14456266,-1.14456266,-1.14456266
ydfE,1.701594873,0.813307996,2.388448808,2.851489903,1.5119274,1.905843576,3.058650775,3.026504243,-1.14456266,2.581544051,1.641516703,1.458599818
ydfG,7.613096179,7.195529889,6.89051549,6.734224468,7.624415666,6.63421525,7.661744836,7.659988637,6.754985725,7.402962673,7.554083634,6.893270985
ydfH,2.869000612,4.00658169,3.725636131,4.128610446,5.207604362,5.564689864,3.748448948,3.089641103,3.542781318,3.474683089,2.948738551,1.458599818
ydfI,1.50675362,0.813307996,1.239066079,1.206669469,1.900776578,1.719858046,1.481501414,1.181552541,1.634841947,1.662278962,1.341744444,1.898039616
ydfJ,0.169307087,0.04093922,-0.081165644,-1.14456266,0.3162332,0.336426748,-1.14456266,0.57980147,-1.14456266,1.142112545,1.341744444,-1.14456266
ydfK,-1.14456266,0.04093922,0.328725926,0.59996766,-0.021124796,1.876515111,1.675275111,0.10884003,0.950201861,0.261889892,-1.14456266,0.804561649
ydfP,-1.14456266,-1.14456266,-0.081165644,-1.14456266,-1.14456266,-0.151607991,-1.14456266,-1.14456266,-1.14456266,-1.14456266,-1.14456266,-1.14456266
ydfQ-2,-1.14456266,0.04093922,-1.14456266,-0.233394293,-0.165749464,-0.151607991,-1.14456266,0.57980147,0.950201861,-1.14456266,-1.14456266,-1.14456266
ydfU,-1.14456266,-1.14456266,-1.14456266,-1.14456266,-0.021124796,0.23446579,-1.14456266,0.915725688,-1.14456266,-1.14456266,-1.14456266,-1.14456266
ydfX,-1.14456266,0.04093922,-0.081165644,-1.14456266,-0.165749464,-0.328638789,-1.14456266,0.10884003,-1.14456266,0.261889892,-1.14456266,0.804561649
ydfZ,1.872409522,1.777799163,1.977337143,2.888436333,1.843055586,2.974838507,2.133511042,2.167844039,1.634841947,2.690038402,2.837620345,2.92436909
ydgA,6.293722716,6.251002031,6.593000616,6.419121462,6.983146467,6.148836389,6.968447551,6.619182465,6.02098178,6.746777091,6.534608025,6.108481238
ydgB,1.701594873,1.284323171,1.772119263,1.707779131,1.68735496,1.425280607,1.481501414,0.10884003,0.396002577,1.142112545,-1.14456266,0.804561649
ydgC,1.872409522,1.909674822,1.531325051,2.467348851,1.548844669,2.671255534,2.577489015,1.593346297,0.950201861,1.42689579,-1.14456266,1.458599818
ydgD,2.508531198,3.529333577,3.413390689,3.184015617,3.684650643,3.028531459,4.464294359,4.457779381,3.043839098,4.384819231,3.478994982,4.10412621
ydgH,6.531613165,6.497848308,5.680560162,5.947239611,6.8131699,6.485459664,5.146192008,5.910297301,6.008335931,5.777271699,6.218387444,5.892547281
ydgI,0.658708418,1.284323171,1.531325051,1.07954682,2.085930983,2.875744589,1.845238606,1.909857469,1.335513986,0.778581957,0.955758142,-1.14456266
ydgJ,5.915735341,5.725321092,5.844454334,6.206039143,6.364275893,5.523339826,5.740276141,5.440365343,5.681903612,5.46426915,5.503887302,4.636565409
ydgK,1.279535868,1.469254964,2.706879979,2.417504478,3.041719637,3.561648355,2.577489015,1.760580758,2.577877013,1.863384156,0.955758142,-1.14456266
ydhA,1.50675362,1.469254964,-0.081165644,1.07954682,1.619835106,1.686294403,1.845238606,1.593346297,1.880704813,-1.14456266,1.341744444,1.898039616
ydhB,2.287124403,2.66984026,2.388448808,2.36584946,2.866735016,2.721107363,3.30810401,2.741810914,2.577877013,3.348396791,3.238206047,2.501831767
ydhC,4.734044673,3.446128737,3.447847771,2.562090015,3.943439326,3.270441365,1.481501414,1.760580758,1.335513986,2.581544051,1.887696574,3.515622458
ydhD,6.286314327,6.019179087,6.043144113,6.390541284,6.556687116,6.184640775,6.135892912,6.158034043,5.832977856,6.269909862,5.856055678,5.666016025
ydhF,4.818666763,4.196588626,4.33453446,4.188902497,4.548022701,3.506047009,4.958731679,5.176027535,4.29241472,4.91622588,4.495936007,4.743771959
ydhI,0.658708418,-1.14456266,0.864408982,1.322734996,0.215468341,0.935052876,-1.14456266,0.57980147,1.335513986,1.142112545,-1.14456266,1.458599818
ydhJ,0.169307087,1.284323171,1.531325051,1.707779131,2.249568588,2.800514418,1.481501414,1.760580758,1.634841947,1.42689579,1.641516703,-1.14456266
ydhK,1.872409522,2.741607747,2.315226014,2.467348851,2.650787194,2.933206116,2.372776568,1.760580758,3.043839098,2.690038402,1.641516703,-1.14456266
ydhL,0.169307087,0.813307996,1.06506632,0.124258233,0.848411752,1.101997975,2.258187993,1.760580758,1.880704813,1.863384156,-1.14456266,2.501831767
ydhM,0.169307087,0.04093922,-0.081165644,-0.233394293,0.648269063,1.340552926,0.983904798,0.10884003,0.950201861,0.778581957,0.400375956,-1.14456266
ydhO,3.281461771,2.809943836,1.531325051,2.693353613,2.683707116,3.041646281,1.996751073,3.150115972,3.139979739,2.581544051,2.717142687,3.515622458
ydhP,1.872409522,2.030199546,2.388448808,2.36584946,2.617090305,2.947218415,1.481501414,1.760580758,0.396002577,1.863384156,0.400375956,0.804561649
ydhQ,5.469084626,5.024712392,4.45785161,5.122779242,4.70787096,5.304845004,5.046971457,4.758341529,3.611376894,4.507925192,4.667657167,4.936879918
ydhR,4.734044673,4.118204203,3.78070658,4.14392163,4.735477084,4.320945934,4.784867708,4.833844504,5.002984938,5.402158074,4.933060362,5.719519721
ydhS,-1.14456266,1.069845507,1.06506632,1.429612449,1.584796819,1.505047819,1.845238606,1.760580758,0.950201861,1.662278962,1.887696574,1.458599818
ydhT,-1.14456266,0.04093922,0.864408982,0.59996766,0.785190935,0.874259721,0.639427359,1.593346297,0.396002577,1.42689579,0.400375956,1.458599818
ydhV,-1.14456266,0.04093922,-0.081165644,-0.233394293,0.573613538,0.429826472,0.639427359,-1.14456266,-1.14456266,0.261889892,0.400375956,-1.14456266
ydhW,-1.14456266,0.04093922,1.239066079,1.206669469,0.408571111,0.429826472,0.983904798,-1.14456266,1.335513986,0.778581957,0.955758142,0.804561649
ydhX,0.169307087,0.813307996,-1.14456266,-0.233394293,-0.165749464,-0.328638789,-1.14456266,-1.14456266,-1.14456266,-1.14456266,-1.14456266,-1.14456266
ydhY,-1.14456266,-1.14456266,-1.14456266,-1.14456266,-1.14456266,-0.328638789,0.154497435,-1.14456266,-1.14456266,-1.14456266,-1.14456266,0.804561649
ydhZ,2.869000612,3.163005359,2.816710004,3.213392485,3.447416429,3.303453074,4.150381458,3.150115972,1.880704813,3.135350084,3.051855849,3.389035879
ydiA,2.287124403,2.429952245,1.239066079,2.198546665,2.747355123,2.26281716,2.372776568,3.419321637,2.829743201,1.863384156,2.440603361,-1.14456266
ydiB,1.005901477,1.909674822,1.977337143,1.322734996,2.15839243,1.580428267,1.255666409,1.760580758,-1.14456266,0.778581957,1.887696574,1.458599818
ydiE,0.169307087,1.284323171,0.864408982,1.322734996,1.124904303,1.340552926,1.996751073,0.915725688,0.950201861,0.261889892,0.400375956,-1.14456266
ydiH,2.024617477,2.809943836,2.816710004,3.154025009,4.009573344,3.561648355,3.90787948,2.167844039,3.139979739,3.533896365,1.641516703,0.804561649
ydiI,4.183579732,4.473382622,4.199670149,4.369062526,3.60983673,4.363240293,2.838199673,2.960458629,3.912490909,3.891590314,2.837620345,2.231895253
ydiJ,6.154176649,7.617075438,7.361122757,7.676425391,6.964108916,7.275212005,5.434885402,5.714496379,6.693120905,5.14204823,5.429476593,3.933364168
ydiK,2.869000612,3.109874429,3.227503291,3.298080719,3.823534143,3.25926669,2.988868548,3.263920196,3.043839098,3.135350084,3.478994982,3.515622458
ydiL,-1.14456266,-1.14456266,0.328725926,-0.233394293,-0.165749464,-1.14456266,-1.14456266,-1.14456266,-1.14456266,-1.14456266,-1.14456266,-1.14456266
ydiN,0.169307087,-1.14456266,-0.081165644,-1.14456266,-0.021124796,-1.14456266,-1.14456266,1.181552541,-1.14456266,-1.14456266,-1.14456266,-1.14456266
ydiO,1.005901477,0.813307996,1.06506632,0.59996766,1.173835043,0.810426666,0.639427359,0.915725688,-1.14456266,1.662278962,-1.14456266,0.804561649
ydiP,1.872409522,2.340080965,2.156357825,1.939368689,1.928768743,1.651898241,1.996751073,2.660811997,2.940786701,2.464111871,2.27917705,2.728660382
ydiR,0.658708418,0.04093922,0.864408982,1.07954682,1.074094981,0.743193164,1.481501414,-1.14456266,0.396002577,1.863384156,2.440603361,-1.14456266
ydiS,0.658708418,0.490617291,1.239066079,0.59996766,0.648269063,0.874259721,-1.14456266,0.10884003,0.950201861,0.778581957,1.641516703,0.804561649
ydiT,-1.14456266,-1.14456266,0.328725926,-0.233394293,-0.57230235,-1.14456266,-1.14456266,0.57980147,0.396002577,-1.14456266,-1.14456266,-1.14456266
ydiU,4.334950048,5.496711895,5.30237381,5.620736573,5.595349058,6.418124148,5.253930888,5.340365757,5.053105965,4.981402413,4.933060362,4.843556128
ydiV,-1.14456266,0.04093922,-1.14456266,0.387042983,-0.57230235,0.429826472,-1.14456266,-1.14456266,0.396002577,0.261889892,-1.14456266,-1.14456266
ydiY,0.169307087,3.402648158,3.227503291,4.033160204,2.492457405,3.811370931,1.481501414,1.593346297,2.089747114,0.778581957,-1.14456266,0.804561649
ydiZ,3.552876099,3.214239589,2.762849217,3.060098585,3.708748557,3.015295573,4.656098509,3.317609911,2.940786701,3.135350084,4.025729113,4.256775916
ydjA,5.16415538,5.237326669,5.122397961,5.241348478,5.302929802,5.352846773,5.862019563,5.838804605,4.977255686,5.433547911,4.849904581,4.579816561
ydjC,1.872409522,1.777799163,1.772119263,1.866355798,2.793297826,2.328850255,2.478808946,2.167844039,1.880704813,1.142112545,0.400375956,2.501831767
ydjF,3.552876099,2.741607747,3.103203875,3.060098585,2.950159195,2.73734551,2.372776568,2.28107207,2.089747114,2.885061637,2.096977156,3.250214154
ydjG,-1.14456266,0.490617291,0.328725926,0.124258233,0.785190935,0.935052876,0.154497435,0.57980147,0.396002577,-1.14456266,0.400375956,0.804561649
ydjJ,0.169307087,-1.14456266,-0.081165644,-0.233394293,0.215468341,-0.328638789,-1.14456266,-1.14456266,0.396002577,0.261889892,0.955758142,-1.14456266
ydjK,-1.14456266,0.813307996,-0.081165644,-1.14456266,-0.021124796,0.336426748,1.255666409,-1.14456266,-1.14456266,0.261889892,0.955758142,-1.14456266
ydjN,6.835582488,7.886900356,7.547122956,7.714074113,8.78501867,6.451572579,4.633472821,6.158034043,6.198460996,5.083882748,4.959746448,4.936879918
ydjO,-1.14456266,-1.14456266,0.626040423,0.124258233,-0.021124796,0.23446579,1.255666409,0.915725688,-1.14456266,0.261889892,-1.14456266,-1.14456266
ydjQ,2.024617477,3.488332863,3.145844317,3.298080719,2.922887473,3.178510131,2.669780771,2.741810914,3.230082065,3.135350084,2.096977156,2.92436909
ydjR,-1.14456266,0.04093922,-0.081165644,0.59996766,-0.340399338,0.23446579,0.639427359,0.10884003,0.396002577,0.261889892,-1.14456266,-1.14456266
ydjX,0.169307087,-1.14456266,-1.14456266,-1.14456266,-0.021124796,-0.328638789,0.154497435,-1.14456266,-1.14456266,-1.14456266,0.400375956,-1.14456266
ydjZ,1.701594873,0.490617291,-1.14456266,0.780805482,0.848411752,1.153242155,0.639427359,0.10884003,-1.14456266,1.142112545,0.400375956,1.458599818
yeaA,6.467551238,6.305045377,6.192616151,6.172857065,5.297649087,5.853137159,6.684750219,6.479264463,6.405524499,7.230528114,6.35531099,6.845941827
yeaB,2.508531198,2.244134095,1.977337143,2.008769244,2.778146992,2.285171535,2.577489015,3.60341114,2.829743201,2.973436686,2.837620345,4.327436117
yeaC,5.097982093,4.792162222,4.904382146,4.619552847,3.793808405,4.571476604,5.560107211,4.870163406,4.41250523,5.103533051,4.495936007,4.691164879
yeaD,4.776976412,4.170931385,3.227503291,3.242180345,4.789152562,3.878556591,3.661582857,3.727500311,4.333566771,4.416595346,3.920915173,4.327436117
yeaE,4.084485016,4.035308594,3.859553062,4.159071813,4.596145083,4.838289352,4.903074115,4.550232955,4.01726939,4.384819231,3.619684692,3.515622458
yeaG,1.279535868,1.632120246,1.239066079,1.322734996,1.266618037,1.876515111,3.30810401,2.741810914,2.089747114,2.03916712,2.585564792,1.458599818
yeaI,-1.14456266,-1.14456266,-1.14456266,-1.14456266,-0.340399338,-0.563826259,0.154497435,-1.14456266,-1.14456266,-1.14456266,-1.14456266,-1.14456266
yeaJ,1.50675362,1.777799163,1.06506632,0.780805482,2.134649391,2.704682599,1.481501414,1.402984775,1.634841947,-1.14456266,0.955758142,0.804561649
yeaK,3.020056016,2.875164209,3.013921285,2.650926218,3.748036258,3.292533245,3.569134251,3.877884375,3.230082065,3.412926304,3.478994982,3.631962725
yeaL,1.279535868,1.909674822,0.864408982,2.198546665,2.204714673,1.962721439,0.639427359,0.10884003,0.396002577,1.42689579,0.955758142,1.458599818
yeaM,0.658708418,0.813307996,1.06506632,0.387042983,1.074094981,1.101997975,-1.14456266,1.402984775,-1.14456266,1.142112545,1.341744444,2.231895253
yeaN,1.005901477,1.069845507,0.626040423,1.07954682,1.434968744,0.993108595,0.983904798,0.57980147,1.880704813,0.261889892,-1.14456266,2.231895253
yeaO,1.872409522,2.141213121,1.772119263,1.939368689,2.110500387,1.784647728,2.577489015,2.044750511,2.089747114,2.195417295,3.323031869,2.728660382
yeaP,2.287124403,3.645757877,3.884904066,3.982953598,4.534614753,5.165450549,2.478808946,2.483565826,3.542781318,3.891590314,2.096977156,1.898039616
yeaQ,3.978067213,2.66984026,4.38868146,4.407623815,3.253389765,3.092938198,4.994678045,4.138424687,3.542781318,4.140297819,3.974275373,4.256775916
yeaS,2.161956914,2.030199546,1.531325051,2.256535936,3.521875969,3.732847941,1.996751073,0.57980147,2.089747114,0.778581957,0.955758142,-1.14456266
yeaT,4.118279568,3.947349768,4.05086741,3.325235785,2.293045961,1.425280607,4.150381458,4.225138912,3.230082065,4.177873934,3.478994982,3.631962725
yeaU,1.279535868,0.490617291,1.239066079,1.206669469,1.5119274,0.993108595,2.577489015,2.28107207,1.335513986,-1.14456266,1.887696574,2.231895253
yeaV,-1.14456266,1.069845507,-1.14456266,-1.14456266,-0.57230235,-0.328638789,0.154497435,0.10884003,-1.14456266,0.261889892,0.400375956,-1.14456266
yeaX,-1.14456266,-1.14456266,-0.081165644,-0.233394293,-0.165749464,0.23446579,-1.14456266,-1.14456266,-1.14456266,-1.14456266,0.400375956,-1.14456266
yeaY,4.776976412,4.341620276,3.753434699,4.683795876,3.867002769,4.875284739,4.764189033,5.829613643,5.028263183,4.384819231,5.978535987,4.981370547
yeaZ,2.700105232,3.78764548,3.447847771,4.174064352,4.638541095,6.383881737,3.616100965,3.559550295,3.139979739,2.581544051,2.096977156,2.231895253
yebA,4.014420386,4.723247491,4.073089259,4.457484779,3.922992093,5.854990136,3.249685166,3.150115972,4.11494029,4.021305152,3.619684692,3.631962725
yebB,-1.14456266,0.04093922,-1.14456266,-1.14456266,-1.14456266,0.23446579,0.154497435,0.10884003,-1.14456266,-1.14456266,-1.14456266,-1.14456266
yebC,6.919385446,6.815864514,6.865287692,6.850706298,7.157950874,6.270446803,5.473606429,5.65329869,5.916567851,5.905928918,5.467161735,4.936879918
yebE,6.880554388,4.494217894,3.638865955,4.246772757,3.700760668,3.764772941,4.514690377,3.804655043,3.470749835,4.384819231,4.878159346,4.18247159
yebF,3.694112533,4.118204203,3.909816478,3.89517933,4.358099225,4.082255178,5.630333746,4.57244871,4.523355236,4.824471917,3.920915173,5.295117765
yebG,4.183579732,4.808888284,5.254591104,5.396339552,4.851752971,4.864285441,6.478126437,5.146720637,5.101543425,6.17095384,4.878159346,4.981370547
yebK,4.755670322,4.535006212,5.598730459,4.481783059,4.27988849,3.708430744,3.94512394,4.014037271,3.230082065,3.533896365,4.258583241,2.728660382
yebN,-1.14456266,1.632120246,1.393037856,1.07954682,0.493994953,0.874259721,0.983904798,1.181552541,1.634841947,-1.14456266,0.400375956,-1.14456266
yebO,4.215152564,5.378454992,5.10094053,5.377043137,4.959348432,6.027569398,4.633472821,4.504747228,4.161399886,5.303669048,3.920915173,4.394793315
yebR,4.391310335,5.716485175,5.133008133,5.66913444,5.564903403,5.963744575,3.569134251,4.014037271,4.626286693,4.416595346,2.440603361,3.933364168
yebS,3.22043646,3.7534632,3.833747712,4.01661835,4.139294623,4.487936883,3.748448948,2.960458629,3.470749835,3.348396791,3.238206047,3.515622458
yebT,4.118279568,5.134933992,5.254591104,5.07567602,5.448220739,5.203765429,4.438419863,4.699000984,4.558488654,4.621340262,3.865501508,4.256775916
yebU,1.701594873,2.875164209,2.388448808,2.959587103,2.83781076,3.588663291,1.255666409,2.483565826,2.433038119,0.261889892,-1.14456266,1.898039616
yebV,0.169307087,1.069845507,-0.081165644,0.59996766,0.573613538,0.743193164,3.364239935,2.960458629,0.950201861,1.863384156,2.096977156,0.804561649
yebW,0.169307087,-1.14456266,0.626040423,0.780805482,0.718619532,0.23446579,1.675275111,1.402984775,-1.14456266,0.261889892,0.400375956,0.804561649
yebY,3.22043646,3.821034916,3.187254339,3.638246641,4.388232621,4.209438531,2.133511042,2.741810914,2.940786701,2.790871234,2.27917705,1.458599818
yebZ,4.014420386,5.249629364,4.841076244,5.099419926,5.74251646,6.016022404,4.016842324,3.467600001,3.739474064,4.319084827,3.865501508,3.389035879
yecA,6.21005953,5.734103214,5.4956284,5.615257407,5.902378512,6.231038196,6.684750219,5.978413463,4.59278618,5.813513264,5.246531873,5.429629227
yecD,2.024617477,0.813307996,0.626040423,1.528716401,1.956213143,1.465745832,1.481501414,1.181552541,1.634841947,0.261889892,1.887696574,1.898039616
yecE,0.658708418,0.04093922,1.06506632,1.322734996,1.353406739,1.048683592,0.154497435,1.402984775,0.950201861,1.142112545,1.641516703,-1.14456266
yecG,3.156702039,2.244134095,2.762849217,2.693353613,3.054335116,1.876515111,3.90787948,3.467600001,3.139979739,3.590767972,2.948738551,3.250214154
yecH,0.169307087,1.469254964,-0.081165644,1.322734996,0.573613538,0.810426666,0.639427359,0.57980147,0.396002577,0.261889892,0.400375956,0.804561649
yecI,4.049878631,3.311530153,3.013921285,3.027371501,3.220208653,3.130238383,3.705671164,3.687314521,3.470749835,3.209933256,3.238206047,4.021274137
yecJ,2.402133773,2.997317952,2.58789945,2.77460641,2.778146992,4.004197595,2.988868548,2.385922444,2.577877013,3.056677113,2.27917705,2.231895253
yecM,2.787044417,2.340080965,2.868616656,2.467348851,3.186242616,3.154577185,2.75646861,2.574940804,1.634841947,2.336112447,1.887696574,2.92436909
yecN,2.402133773,3.263708482,2.458083344,2.36584946,2.762833939,2.491259607,1.845238606,2.167844039,3.230082065,2.195417295,1.887696574,3.096523317
yecO,1.701594873,2.340080965,2.238018242,2.81356451,2.922887473,3.25926669,1.996751073,1.593346297,0.396002577,0.778581957,0.955758142,-1.14456266
yecP,2.869000612,2.997317952,2.58789945,3.184015617,3.338298716,3.387946846,1.481501414,2.167844039,2.433038119,2.581544051,0.955758142,2.231895253
yecR,5.545550835,5.945473719,5.225142684,5.857270774,5.562703925,6.248059591,6.310020505,6.603091424,6.033517734,6.715198316,5.658478056,5.820918056
yecT,-1.14456266,0.04093922,0.328725926,-1.14456266,-0.340399338,0.516202858,0.154497435,-1.14456266,-1.14456266,-1.14456266,-1.14456266,1.458599818
yedU,-1.14456266,0.04093922,1.393037856,1.322734996,1.124904303,1.250163792,1.996751073,1.760580758,2.271761073,2.581544051,2.096977156,0.804561649
yedV,1.50675362,3.109874429,2.156357825,3.913167376,2.747355123,3.780473794,1.845238606,1.181552541,2.577877013,2.885061637,0.400375956,1.898039616
yedW,2.946518091,3.947349768,3.447847771,3.638246641,2.582578473,4.138142393,2.915514321,2.167844039,2.271761073,3.749023528,1.341744444,2.231895253
yedX,2.607531025,1.909674822,0.864408982,1.789321157,1.619835106,0.935052876,2.133511042,1.593346297,1.880704813,1.863384156,1.341744444,0.804561649
yedY,2.024617477,0.813307996,0.626040423,1.322734996,1.654006666,0.596683146,1.255666409,1.909857469,1.634841947,2.03916712,0.955758142,0.804561649
yedZ,0.658708418,0.490617291,0.626040423,0.780805482,0.785190935,0.429826472,-1.14456266,0.57980147,1.880704813,0.778581957,0.955758142,-1.14456266
yeeA,2.869000612,2.030199546,1.772119263,1.429612449,2.747355123,2.988451466,3.249685166,2.044750511,0.950201861,2.464111871,2.585564792,1.898039616
yeeD,2.787044417,3.718449416,3.884904066,3.525772893,4.145189809,2.240104539,2.372776568,3.208145339,2.829743201,2.195417295,1.641516703,-1.14456266
yeeE,5.258048841,6.654079919,6.07650334,6.510495391,6.917539006,4.663189448,4.118139092,5.511062968,4.41250523,3.891590314,3.148053403,2.92436909
yeeF,4.276295763,4.574672154,5.27389456,4.794619003,5.204786004,5.578213922,3.30810401,3.727500311,4.29241472,3.645476578,3.478994982,3.515622458
yeeI,6.330204508,5.577008641,5.67330998,5.07567602,3.684650643,3.561648355,7.536290469,7.667745308,6.008335931,6.759217561,6.595424654,6.167425328
yeeJ,2.700105232,3.214239589,3.546525499,3.638246641,4.174309272,3.900272783,3.789992042,3.766594532,3.857096996,3.280832743,3.148053403,2.92436909
yeeN,3.22043646,4.808888284,4.571445375,4.950712767,5.829242641,5.396760357,3.94512394,4.046155423,3.139979739,4.021305152,2.440603361,2.231895253
yeeO,0.658708418,2.340080965,1.06506632,2.198546665,1.584796819,1.990318907,2.133511042,1.181552541,0.950201861,0.778581957,0.400375956,1.898039616
yeeR,3.601511777,3.885576928,3.103203875,3.65972349,3.186242616,3.588663291,3.30810401,3.208145339,2.577877013,2.885061637,2.440603361,2.501831767
yeeS,-1.14456266,-1.14456266,-0.081165644,0.124258233,-0.165749464,-0.563826259,0.639427359,-1.14456266,-1.14456266,-1.14456266,0.955758142,-1.14456266
yeeT,-1.14456266,0.04093922,-1.14456266,-1.14456266,-0.57230235,-1.14456266,0.154497435,-1.14456266,-1.14456266,-1.14456266,-1.14456266,-1.14456266
yeeV,-1.14456266,0.04093922,-1.14456266,-1.14456266,-0.57230235,-1.14456266,0.154497435,0.10884003,0.396002577,-1.14456266,-1.14456266,-1.14456266
yeeX,5.925306468,6.175642989,5.89519354,6.104111461,7.759687956,6.897766226,6.251808084,5.753898427,5.861382801,6.795907966,5.503887302,6.004550859
yeeY,4.734044673,4.705491563,5.205170965,4.851660075,5.374898853,5.150438709,5.900419743,5.204750747,4.841237185,5.649435249,4.300956729,4.636565409
yeeZ,5.816360153,5.794125061,5.90141227,5.790777954,6.363012561,5.866058289,5.66420515,5.600239327,5.19379519,5.566915939,4.959746448,4.890972848
yegB,2.024617477,2.030199546,1.656951679,1.528716401,1.584796819,1.465745832,0.983904798,2.167844039,0.950201861,1.662278962,0.400375956,1.898039616
yegD,3.020056016,3.109874429,2.816710004,3.123394332,3.963600318,3.949705541,0.154497435,1.402984775,0.950201861,0.778581957,1.887696574,2.501831767
yegE,3.738270261,4.409006535,4.42368141,4.432769881,4.133375217,4.331636449,3.981429471,4.138424687,4.206408091,4.67486849,3.920915173,2.92436909
yegH,3.281461771,4.494217894,4.137769358,4.407623815,4.337654502,4.646164241,3.616100965,3.841735214,3.394918736,3.590767972,2.948738551,2.231895253
yegI,1.872409522,2.429952245,2.238018242,1.939368689,2.547210833,2.017385007,1.845238606,1.593346297,-1.14456266,0.261889892,1.641516703,-1.14456266
yegM,1.005901477,1.632120246,1.772119263,0.938810998,1.124904303,1.505047819,0.154497435,1.181552541,-1.14456266,-1.14456266,0.400375956,0.804561649
yegN,2.287124403,2.244134095,3.514379414,2.650926218,2.582578473,2.637027325,1.845238606,2.483565826,1.634841947,2.336112447,1.641516703,2.231895253
yegO,3.396246232,3.569197809,3.378087341,3.403751415,2.529192451,2.637027325,2.577489015,2.385922444,3.542781318,3.209933256,2.440603361,2.728660382
yegP,1.005901477,0.813307996,-0.081165644,0.59996766,0.718619532,0.516202858,2.372776568,1.402984775,0.950201861,1.142112545,2.440603361,0.804561649
yegQ,2.787044417,2.66984026,2.156357825,2.851489903,3.054335116,4.094863258,1.675275111,2.167844039,1.880704813,1.142112545,1.341744444,1.898039616
yegR,0.169307087,-1.14456266,-1.14456266,-1.14456266,-1.14456266,-1.14456266,-1.14456266,-1.14456266,-1.14456266,-1.14456266,-1.14456266,-1.14456266
yegS,0.169307087,0.490617291,0.864408982,0.387042983,0.648269063,0.336426748,-1.14456266,1.402984775,0.950201861,2.195417295,0.955758142,0.804561649
yegT,2.287124403,2.429952245,1.531325051,1.206669469,2.134649391,1.719858046,0.983904798,1.909857469,2.940786701,1.662278962,2.096977156,1.898039616
yegU,3.396246232,2.875164209,2.648628761,2.074906101,3.054335116,2.193556411,1.996751073,3.208145339,3.230082065,2.973436686,2.27917705,2.231895253
yegV,3.090005404,3.357811199,3.608739568,2.888436333,3.548833523,2.688066835,2.372776568,2.574940804,3.470749835,2.973436686,2.585564792,2.92436909
yegW,1.005901477,2.340080965,1.772119263,2.417504478,2.110500387,2.120729452,2.258187993,3.026504243,1.634841947,2.464111871,2.096977156,0.804561649
yegX,1.50675362,2.66984026,2.388448808,3.298080719,3.139667088,3.907439343,1.675275111,2.81846539,2.271761073,2.790871234,2.096977156,1.898039616
yegZ,0.169307087,1.469254964,1.772119263,1.07954682,1.619835106,1.340552926,0.154497435,2.044750511,2.089747114,1.142112545,0.955758142,-1.14456266
yehB,-1.14456266,-1.14456266,-1.14456266,-1.14456266,-1.14456266,-0.005082435,-1.14456266,-1.14456266,-1.14456266,0.261889892,-1.14456266,-1.14456266
yehE,-1.14456266,0.813307996,0.626040423,-1.14456266,-0.021124796,0.23446579,0.983904798,0.915725688,-1.14456266,0.261889892,-1.14456266,-1.14456266
yehI,0.658708418,1.909674822,2.069687809,1.789321157,1.654006666,2.145424475,1.255666409,2.28107207,2.089747114,2.195417295,0.400375956,2.231895253
yehL,-1.14456266,-1.14456266,-1.14456266,0.124258233,-0.57230235,-0.151607991,-1.14456266,-1.14456266,-1.14456266,0.261889892,-1.14456266,-1.14456266
yehM,1.005901477,0.813307996,1.772119263,1.429612449,1.074094981,0.993108595,1.996751073,1.760580758,1.335513986,1.42689579,1.887696574,0.804561649
yehQ,-1.14456266,0.813307996,1.06506632,0.780805482,1.266618037,0.993108595,1.481501414,1.181552541,0.396002577,-1.14456266,-1.14456266,1.898039616
yehS,2.287124403,2.937542598,2.967104776,2.515506793,3.231354427,3.588663291,2.669780771,2.167844039,3.043839098,3.474683089,1.887696574,2.501831767
yehT,3.648556922,3.569197809,3.753434699,3.47819954,2.492457405,3.346320888,2.669780771,2.167844039,3.676850297,3.590767972,3.238206047,3.250214154
yehU,4.049878631,4.063473801,5.225142684,4.517479373,3.041719637,3.028531459,3.86964614,3.981186599,4.250052949,4.101715412,4.16990457,1.898039616
yehV,2.402133773,1.469254964,1.772119263,2.074906101,2.110500387,1.752629909,3.364239935,3.369365381,2.709352471,2.885061637,3.323031869,3.739595723
yehX,0.169307087,1.284323171,2.156357825,1.789321157,1.751739463,1.250163792,1.255666409,1.181552541,0.950201861,1.142112545,0.955758142,-1.14456266
yehZ,1.50675362,1.284323171,1.239066079,0.938810998,1.68735496,1.101997975,2.669780771,2.044750511,2.089747114,1.662278962,1.887696574,1.458599818
yeiA,2.787044417,1.469254964,1.06506632,1.07954682,1.548844669,1.425280607,2.75646861,1.402984775,1.335513986,1.662278962,2.837620345,2.728660382
yeiB,4.797972256,5.930269716,6.081988975,5.938491071,5.98354006,5.867894752,4.385234356,4.738831449,5.237798669,4.21449498,3.619684692,3.096523317
yeiC,-1.14456266,-1.14456266,-0.081165644,-1.14456266,-1.14456266,-1.14456266,-1.14456266,0.10884003,-1.14456266,-1.14456266,0.400375956,-1.14456266
yeiE,4.049878631,4.386892664,4.239507697,4.725087442,4.054124344,5.485561902,5.097434842,4.758341529,4.924377676,5.433547911,5.03696381,4.636565409
yeiG,3.86315489,3.916794537,4.278273498,4.673285531,4.762564572,4.075909516,5.208738863,5.086257351,4.333566771,5.216123802,5.110255974,4.936879918
yeiH,2.161956914,2.594274625,3.145844317,3.65972349,2.922887473,3.45801186,2.372776568,2.960458629,2.577877013,2.790871234,3.051855849,2.231895253
yeiI,2.946518091,3.682562565,3.447847771,3.5718229,4.180063205,3.588663291,2.75646861,3.089641103,3.139979739,2.973436686,1.341744444,2.501831767
yeiJ,0.658708418,0.813307996,1.239066079,1.206669469,1.221030684,1.340552926,0.154497435,0.915725688,0.396002577,0.778581957,1.341744444,2.728660382
yeiL,0.169307087,0.04093922,0.328725926,-1.14456266,0.408571111,0.121745392,0.639427359,0.10884003,-1.14456266,0.261889892,0.400375956,-1.14456266
yeiM,1.279535868,0.813307996,0.864408982,0.59996766,0.493994953,0.810426666,1.255666409,1.402984775,1.335513986,0.778581957,1.641516703,0.804561649
yeiN,1.279535868,1.469254964,1.393037856,0.938810998,0.785190935,1.340552926,-1.14456266,0.915725688,1.335513986,1.142112545,0.955758142,-1.14456266
yeiP,2.607531025,2.66984026,1.878486406,2.36584946,3.378942791,3.623911754,1.845238606,1.181552541,3.043839098,1.662278962,2.440603361,1.898039616
yeiQ,5.925306468,5.802499313,5.919909207,5.512897374,3.963600318,4.180159312,4.721920155,4.678665387,5.681903612,5.320558034,3.865501508,5.915654518
yeiR,1.872409522,2.937542598,2.315226014,2.256535936,2.990117586,2.90476351,0.983904798,0.915725688,0.950201861,0.778581957,1.887696574,0.804561649
yeiS,-1.14456266,1.069845507,-1.14456266,-1.14456266,-1.14456266,-0.328638789,-1.14456266,-1.14456266,-1.14456266,0.261889892,-1.14456266,0.804561649
yeiT,3.090005404,1.284323171,1.531325051,1.206669469,1.221030684,0.993108595,3.188788908,1.593346297,1.634841947,1.662278962,3.148053403,3.739595723
yeiU,1.50675362,2.141213121,1.772119263,3.403751415,2.922887473,4.394165992,0.154497435,0.57980147,0.396002577,0.261889892,0.400375956,0.804561649
yejA,2.946518091,2.875164209,3.059257218,2.650926218,2.936588225,3.387946846,2.577489015,2.81846539,3.139979739,3.798131235,3.051855849,3.631962725
yejB,2.700105232,2.514481243,2.458083344,2.074906101,3.06684059,2.800514418,1.996751073,2.81846539,2.940786701,2.336112447,2.27917705,2.501831767
yejE,2.024617477,2.429952245,1.878486406,2.36584946,2.582578473,3.281529775,1.255666409,1.593346297,2.271761073,1.863384156,2.27917705,2.501831767
yejF,3.86315489,3.682562565,3.514379414,3.378053213,3.626801438,3.154577185,3.364239935,4.196810065,3.470749835,3.749023528,3.403127684,2.231895253
yejG,4.818666763,5.891543495,5.225142684,5.477096937,2.976921525,5.530314343,6.80094785,6.575867639,5.439681725,6.216776925,5.086236747,5.429629227
yejH,3.020056016,3.263708482,3.753434699,3.782259969,3.748036258,3.841618899,2.258187993,2.960458629,2.271761073,3.474683089,2.27917705,2.231895253
yejK,5.469084626,5.537418941,5.03458353,5.663836396,5.917948218,5.918388869,4.743209479,4.615878846,4.897193331,4.478120255,5.180002892,3.839737144
yejL,3.156702039,3.569197809,2.967104776,3.027371501,3.054335116,3.515464454,2.478808946,3.026504243,2.271761073,2.03916712,1.641516703,2.231895253
yejM,5.063720883,5.7075948,5.011768237,5.871129049,6.098832645,6.342216723,5.193354604,5.578456755,4.78302168,4.64835278,4.791677849,4.18247159
yejO,3.090005404,3.263708482,3.341894942,3.428998246,3.358764436,3.367284569,4.085158623,3.981186599,2.433038119,3.891590314,3.865501508,3.839737144
yfaA,1.005901477,1.909674822,1.878486406,1.707779131,1.813276146,1.752629909,1.996751073,2.483565826,2.433038119,2.03916712,2.27917705,1.458599818
yfaD,2.161956914,2.030199546,2.069687809,2.467348851,2.35586119,2.471943915,2.258187993,2.167844039,1.634841947,1.142112545,0.400375956,-1.14456266
yfaE,2.869000612,2.594274625,2.238018242,2.467348851,2.510943329,1.686294403,0.983904798,1.760580758,3.470749835,3.533896365,3.323031869,1.898039616
yfaH,-1.14456266,0.04093922,-1.14456266,-1.14456266,-0.165749464,-0.563826259,-1.14456266,-1.14456266,-1.14456266,-1.14456266,-1.14456266,-1.14456266
yfaL,2.787044417,2.875164209,2.967104776,3.298080719,2.667342007,3.41839379,2.577489015,2.891221262,1.634841947,2.464111871,2.717142687,2.501831767
yfaO,2.700105232,2.937542598,3.227503291,3.965821487,3.936655787,3.579714563,4.242993251,3.766594532,2.433038119,3.645476578,1.341744444,2.231895253
yfaP,1.50675362,0.813307996,1.239066079,0.938810998,0.966163097,0.336426748,0.154497435,-1.14456266,-1.14456266,0.261889892,1.341744444,1.898039616
yfaQ,1.005901477,0.813307996,1.06506632,1.789321157,1.473989129,1.543254621,1.255666409,1.402984775,1.634841947,1.662278962,-1.14456266,-1.14456266
yfaS,0.169307087,0.813307996,2.238018242,1.866355798,1.619835106,2.095594769,2.133511042,2.385922444,1.634841947,2.790871234,0.400375956,1.458599818
yfaT,-1.14456266,0.04093922,0.328725926,-0.233394293,-0.165749464,-0.563826259,0.639427359,-1.14456266,-1.14456266,-1.14456266,-1.14456266,-1.14456266
yfaU,2.787044417,2.340080965,1.772119263,2.36584946,1.956213143,1.84655887,2.258187993,1.402984775,-1.14456266,1.662278962,2.096977156,1.458599818
yfaV,2.024617477,0.490617291,0.864408982,1.429612449,1.719920157,1.465745832,2.133511042,1.593346297,-1.14456266,-1.14456266,2.096977156,2.501831767
yfaW,1.50675362,0.04093922,2.706879979,2.312245118,0.785190935,0.516202858,3.705671164,2.960458629,2.829743201,2.885061637,3.323031869,2.92436909
yfaX,-1.14456266,0.813307996,1.239066079,0.124258233,0.573613538,-0.151607991,1.255666409,2.660811997,0.950201861,1.662278962,0.400375956,-1.14456266
yfaY,6.202207582,6.207522342,5.764833674,6.220545236,6.814094708,6.197841584,5.974283157,6.514103108,5.902968244,6.337840219,6.443023237,5.397159016
yfaZ,0.658708418,1.069845507,1.06506632,1.866355798,0.785190935,1.719858046,1.481501414,1.181552541,0.950201861,0.778581957,0.955758142,-1.14456266
yfbB,2.287124403,1.469254964,1.239066079,2.138078784,2.335230105,1.876515111,0.639427359,1.760580758,1.880704813,1.863384156,0.955758142,-1.14456266
yfbE,-1.14456266,-1.14456266,-0.081165644,0.124258233,0.718619532,0.429826472,0.639427359,-1.14456266,0.950201861,-1.14456266,-1.14456266,-1.14456266
yfbF,0.658708418,0.490617291,0.626040423,0.124258233,1.584796819,0.993108595,1.255666409,-1.14456266,1.634841947,1.142112545,0.955758142,0.804561649
yfbG,1.50675362,2.514481243,2.156357825,1.939368689,2.808289868,2.919055408,1.845238606,1.909857469,2.089747114,1.142112545,1.887696574,2.728660382
yfbH,1.279535868,1.469254964,-0.081165644,0.938810998,1.074094981,0.993108595,0.983904798,1.181552541,0.396002577,1.42689579,0.400375956,-1.14456266
yfbJ,0.169307087,-1.14456266,-1.14456266,-1.14456266,-0.57230235,-0.005082435,-1.14456266,-1.14456266,-1.14456266,-1.14456266,-1.14456266,-1.14456266
yfbM,0.169307087,-1.14456266,-0.081165644,0.124258233,0.3162332,-0.563826259,0.154497435,0.57980147,-1.14456266,0.261889892,0.400375956,-1.14456266
yfbQ,3.450374263,4.063473801,3.78070658,4.14392163,3.874121648,3.849082632,3.661582857,4.504747228,5.002984938,4.21449498,3.920915173,3.631962725
yfbR,3.090005404,3.357811199,3.227503291,4.246772757,3.909197519,3.015295573,3.125194645,2.660811997,2.940786701,4.021305152,2.27917705,2.231895253
yfbS,3.738270261,3.821034916,3.103203875,3.65972349,3.852658546,4.180159312,3.125194645,3.089641103,2.940786701,3.979351652,2.717142687,3.389035879
yfbT,5.856935371,5.465409512,5.264275126,4.968013545,6.435718426,5.358083011,4.976816861,4.758341529,5.028263183,5.538326013,5.180002892,5.222845217
yfbU,6.574821833,6.201202582,5.870047013,6.256184854,6.901965524,5.889751866,6.143917186,6.019408504,5.215964741,5.917075436,5.798093118,4.843556128
yfbV,5.258048841,5.734103214,5.723312264,5.838583508,5.347052006,4.882571268,5.771688734,5.847937377,4.812423203,5.160926849,5.224694762,4.936879918
yfbW,0.658708418,0.813307996,-1.14456266,0.124258233,0.848411752,0.672123583,0.639427359,0.915725688,-1.14456266,0.778581957,0.400375956,-1.14456266
yfcA,1.872409522,3.263708482,3.577968833,3.378053213,3.12778315,3.732847941,1.675275111,1.402984775,2.940786701,2.03916712,0.955758142,0.804561649
yfcB,5.618166656,4.758116538,4.80171421,4.842308552,5.606068625,5.266373528,3.249685166,3.60341114,4.659026421,4.177873934,4.16990457,2.231895253
yfcC,0.169307087,0.04093922,0.864408982,-1.14456266,-0.340399338,0.23446579,1.255666409,0.10884003,-1.14456266,0.778581957,-1.14456266,-1.14456266
yfcD,3.552876099,3.529333577,2.816710004,3.913167376,4.269132204,4.633262087,3.616100965,3.64597429,3.739474064,3.280832743,4.07540813,2.728660382
yfcE,3.978067213,3.916794537,3.753434699,4.218128117,4.596145083,4.429426824,3.470333633,3.841735214,4.161399886,3.645476578,3.807869657,3.839737144
yfcF,2.787044417,2.429952245,2.648628761,3.325235785,3.592669597,3.615180267,2.478808946,3.026504243,2.089747114,3.412926304,1.341744444,2.92436909
yfcG,0.658708418,0.813307996,0.328725926,-1.14456266,0.493994953,0.429826472,-1.14456266,0.915725688,0.396002577,0.261889892,1.341744444,0.804561649
yfcH,5.374427949,5.010322969,5.24484162,5.190669438,5.167637184,4.925533777,5.162084853,5.039185982,5.439681725,5.433547911,5.67467511,5.666016025
yfcI,1.50675362,1.284323171,1.772119263,1.939368689,2.134649391,1.38357723,2.258187993,2.044750511,1.335513986,1.662278962,1.641516703,0.804561649
yfcJ,2.402133773,3.682562565,2.458083344,3.638246641,4.185794253,5.116852117,-1.14456266,1.402984775,2.089747114,1.662278962,2.27917705,0.804561649
yfcL,2.946518091,4.473382622,4.586966324,4.714874882,5.040626804,5.569211987,3.058650775,3.60341114,3.139979739,3.348396791,1.887696574,1.458599818
yfcM,4.572838776,5.891543495,6.852506405,7.066812843,5.81637687,5.58938791,4.563383936,4.699000984,4.41250523,4.177873934,3.051855849,2.728660382
yfcN,2.287124403,3.054700123,3.909816478,3.638246641,3.732449625,3.303453074,3.90787948,3.766594532,3.230082065,3.891590314,1.341744444,2.92436909
yfcO,2.161956914,2.030199546,2.706879979,2.77460641,2.683707116,3.346320888,3.058650775,2.28107207,2.271761073,2.790871234,3.403127684,1.898039616
yfcR,-1.14456266,-1.14456266,-0.081165644,-0.233394293,-1.14456266,-0.563826259,-1.14456266,0.57980147,-1.14456266,-1.14456266,-1.14456266,-1.14456266
yfcS,0.658708418,0.04093922,-1.14456266,-1.14456266,-0.57230235,-0.151607991,-1.14456266,-1.14456266,-1.14456266,-1.14456266,1.341744444,-1.14456266
yfcTU,-1.14456266,1.632120246,1.531325051,1.322734996,1.124904303,1.296115878,1.481501414,2.385922444,-1.14456266,1.863384156,1.341744444,2.728660382
yfcV,-1.14456266,-1.14456266,-1.14456266,-1.14456266,-0.57230235,-0.563826259,-1.14456266,-1.14456266,-1.14456266,-1.14456266,-1.14456266,-1.14456266
yfcZ,6.44776448,6.299139575,6.404466879,6.056390808,5.856431717,5.312957061,4.805254016,4.658038861,4.59278618,5.992778751,4.56709718,5.363940975
yfdE,0.169307087,0.04093922,-1.14456266,-1.14456266,-0.340399338,-0.151607991,-1.14456266,0.10884003,-1.14456266,-1.14456266,-1.14456266,-1.14456266
yfdV,0.169307087,-1.14456266,0.626040423,-1.14456266,-1.14456266,-1.14456266,-1.14456266,-1.14456266,-1.14456266,-1.14456266,-1.14456266,-1.14456266
yfdW,-1.14456266,-1.14456266,-0.081165644,-0.233394293,-0.165749464,-0.328638789,0.154497435,0.57980147,-1.14456266,-1.14456266,-1.14456266,-1.14456266
yfdX,-1.14456266,-1.14456266,-0.081165644,0.938810998,-0.340399338,0.23446579,0.154497435,-1.14456266,-1.14456266,-1.14456266,-1.14456266,-1.14456266
yfdY,2.787044417,2.141213121,1.977337143,2.312245118,2.060925945,2.412372376,1.996751073,1.760580758,1.634841947,1.42689579,1.341744444,1.898039616
yfdZ,5.676006601,5.643778966,5.751125573,5.981712662,5.601790353,6.285638925,6.324213842,5.986706202,5.902968244,5.47938783,5.898048597,6.025944594
yfeA,2.787044417,2.809943836,3.341894942,3.525772893,3.264281934,3.893070379,2.669780771,2.741810914,2.940786701,3.209933256,2.096977156,2.501831767
yfeC,3.020056016,4.27092816,4.747502147,4.775092611,3.539903693,3.885831771,5.498854764,5.232913077,4.373576347,4.893828896,3.747834198,4.636565409
yfeD,2.607531025,2.875164209,3.514379414,3.213392485,2.823126441,3.314290528,3.90787948,2.741810914,2.709352471,3.280832743,0.955758142,2.728660382
yfeG,1.701594873,1.469254964,1.772119263,1.07954682,1.124904303,0.874259721,1.255666409,0.915725688,1.335513986,1.662278962,1.341744444,1.458599818
yfeH,3.601511777,4.196588626,3.958384548,3.616444367,3.922992093,3.377652838,2.75646861,3.089641103,3.542781318,2.581544051,2.096977156,2.728660382
yfeK,1.005901477,1.284323171,0.328725926,1.528716401,0.718619532,2.391947558,0.983904798,1.593346297,1.335513986,-1.14456266,1.641516703,-1.14456266
yfeO,1.279535868,1.284323171,0.864408982,0.59996766,1.221030684,1.465745832,0.983904798,1.402984775,1.335513986,0.778581957,1.341744444,-1.14456266
yfeR,1.50675362,1.632120246,1.878486406,0.59996766,1.719920157,1.686294403,1.675275111,1.181552541,1.335513986,1.42689579,0.400375956,1.898039616
yfeS,4.644144788,4.808888284,5.057043491,6.02780688,4.883825932,6.380026363,6.061592191,5.440365343,4.841237185,4.67486849,3.974275373,4.394793315
yfeT,2.700105232,1.069845507,1.977337143,2.138078784,1.654006666,1.719858046,0.154497435,1.593346297,1.880704813,1.662278962,0.955758142,0.804561649
yfeW,0.658708418,1.069845507,0.328725926,0.124258233,0.493994953,0.23446579,1.481501414,0.57980147,1.335513986,1.42689579,0.955758142,-1.14456266
yfeX,4.917905765,4.687514244,5.079159021,5.283413885,5.090339493,5.424478782,3.86964614,3.841735214,4.161399886,4.537126357,4.761658349,3.515622458
yfeY,4.084485016,4.409006535,3.481498342,4.382031256,3.660142332,4.893432489,2.577489015,3.727500311,4.722356551,3.474683089,3.685185387,2.728660382
yfeZ,1.872409522,2.66984026,2.58789945,2.888436333,2.650787194,3.202050598,2.577489015,0.915725688,1.880704813,1.863384156,1.641516703,-1.14456266
yffB,3.552876099,3.214239589,2.315226014,2.607199367,3.418469026,2.890327556,2.577489015,2.28107207,2.940786701,1.142112545,1.641516703,1.898039616
yffH,5.080953227,5.108158227,4.828074589,5.138144538,5.909319136,5.095064262,4.678374611,4.108320124,4.59278618,4.800591248,4.531955639,3.839737144
yffI,1.872409522,0.813307996,1.239066079,1.07954682,0.718619532,0.935052876,0.639427359,0.57980147,1.335513986,1.863384156,2.096977156,2.231895253
yfgA,5.618166656,6.109689621,6.404466879,6.428523733,6.745945319,6.776895821,5.408481568,5.684222053,5.420718491,6.180235641,5.224694762,5.107155918
yfgB,4.597001437,4.705491563,4.297272236,5.310791003,5.302929802,6.105909506,3.058650775,3.60341114,3.611376894,3.135350084,3.807869657,2.728660382
yfgC,4.955764907,4.981106095,4.491230524,5.581938013,4.758725947,5.723230175,4.514690377,4.887985489,5.028263183,4.384819231,4.959746448,4.256775916
yfgD,3.86315489,4.535006212,3.909816478,4.630460784,4.121462943,4.804162028,3.616100965,3.841735214,4.48734413,4.416595346,3.920915173,3.096523317
yfgF,0.658708418,0.04093922,1.06506632,1.621147031,0.848411752,1.153242155,0.639427359,0.915725688,0.396002577,0.778581957,0.400375956,-1.14456266
yfgG,1.279535868,1.284323171,1.531325051,1.939368689,1.5119274,1.543254621,2.258187993,2.960458629,1.880704813,1.863384156,0.955758142,0.804561649
yfgH,0.169307087,-1.14456266,-1.14456266,-0.233394293,-0.165749464,-1.14456266,0.154497435,0.57980147,0.950201861,-1.14456266,-1.14456266,-1.14456266
yfgI,1.50675362,1.069845507,1.06506632,0.780805482,0.493994953,1.101997975,2.372776568,2.044750511,2.089747114,1.42689579,1.887696574,-1.14456266
yfgJ,2.161956914,2.809943836,2.315226014,3.184015617,2.547210833,2.017385007,2.133511042,2.167844039,3.394918736,2.464111871,1.887696574,2.501831767
yfgL,7.413346835,7.518860619,6.987233716,7.641815228,7.619133998,7.981931842,6.534149562,7.231478693,7.249917432,7.20347167,7.274834313,6.927775946
yfgM,4.755670322,5.606003759,4.87939229,5.66913444,5.270951543,5.882502897,4.242993251,4.481454587,4.691039172,4.700905348,3.865501508,3.933364168
yfhA,2.508531198,2.594274625,3.481498342,3.47819954,4.174309272,3.467748119,2.75646861,2.385922444,3.542781318,2.464111871,2.440603361,1.458599818
yfhB,2.700105232,3.054700123,4.297272236,3.298080719,4.091244089,3.543352358,3.364239935,3.208145339,2.940786701,3.936139379,2.096977156,1.458599818
yfhG,2.024617477,2.429952245,1.977337143,2.008769244,3.253389765,3.041646281,2.258187993,0.915725688,1.335513986,1.662278962,0.955758142,1.458599818
yfhH,1.005901477,1.284323171,1.393037856,1.429612449,0.966163097,1.425280607,1.481501414,1.593346297,1.335513986,1.42689579,1.641516703,1.458599818
yfhJ,3.940772686,5.187038812,5.023221002,4.985109224,4.219709955,4.525664518,3.418265311,4.225138912,4.206408091,4.140297819,4.258583241,2.501831767
yfhK,3.601511777,3.78764548,4.05086741,4.563739763,4.922081529,4.997769446,4.438419863,3.514309881,3.230082065,2.973436686,3.747834198,2.231895253
yfhM,6.137804265,6.004736209,6.037508463,5.92968915,6.463097552,6.079209531,6.96392213,6.751596174,5.982706723,6.574457958,7.000688077,6.186550025
yfhQ,4.548264225,5.400689989,5.59105596,5.751359003,5.467159706,5.321023749,5.498854764,5.274151598,5.476876255,5.740096078,5.224694762,5.329939833
yfhR,0.658708418,1.632120246,2.458083344,1.621147031,1.353406739,2.095594769,1.675275111,2.044750511,0.396002577,0.778581957,0.400375956,-1.14456266
yfiA,10.61873319,8.941191005,8.988305197,8.616781348,8.251201732,7.12129649,10.70979163,10.51759863,10.45244502,10.46474976,11.64325729,12.04433636
yfiC,2.024617477,2.429952245,2.458083344,2.36584946,2.35586119,3.780473794,2.258187993,1.909857469,2.271761073,1.662278962,1.341744444,0.804561649
yfiD,8.821893014,8.166963389,8.445981432,7.747012623,10.54505713,7.981507851,6.324213842,5.21890065,5.616746336,7.799106226,7.44027706,7.604680827
yfiE,1.50675362,3.054700123,2.648628761,3.123394332,2.416015583,3.367284569,2.75646861,2.385922444,2.089747114,2.195417295,2.948738551,3.096523317
yfiF,5.990583127,5.662301959,5.143540818,5.642447453,5.797795828,6.085536482,5.029750154,4.658038861,5.125165448,5.269285949,5.133881715,4.459142826
yfiH,3.940772686,4.494217894,4.352810418,5.035212915,4.800399027,4.904212514,3.058650775,3.514309881,3.912490909,4.478120255,4.214925963,3.515622458
yfiK,3.396246232,2.809943836,2.918707025,3.325235785,3.09152913,2.452362542,4.242993251,3.150115972,3.043839098,2.885061637,4.495936007,4.691164879
yfiL,0.169307087,0.813307996,-1.14456266,0.387042983,-0.340399338,0.121745392,1.481501414,0.10884003,1.880704813,-1.14456266,0.400375956,-1.14456266
yfiM,-1.14456266,0.490617291,1.393037856,1.206669469,0.785190935,1.153242155,0.154497435,1.593346297,-1.14456266,0.778581957,0.400375956,-1.14456266
yfiN,0.169307087,1.469254964,1.239066079,1.528716401,2.63403818,1.465745832,-1.14456266,0.10884003,0.950201861,0.778581957,0.955758142,1.458599818
yfiO,5.806035477,6.339981295,5.837984583,6.480675877,6.543364563,7.079909541,6.221796616,6.09038581,6.560814243,6.457181988,5.884186342,5.638501087
yfiP,1.50675362,1.632120246,1.06506632,1.206669469,1.928768743,1.84655887,0.639427359,1.593346297,0.950201861,1.42689579,-1.14456266,0.804561649
yfiQ,6.544091118,5.527349373,5.453925048,5.099419926,4.358099225,5.406901523,6.836039775,6.886230647,6.525750678,7.114283516,7.342290867,7.058091322
yfiR,1.50675362,2.429952245,2.388448808,2.198546665,2.473728372,2.961095005,2.478808946,2.167844039,2.089747114,1.42689579,1.341744444,2.231895253
yfjD,3.694112533,4.091098885,4.137769358,4.355976045,4.646872719,4.907788022,2.669780771,2.960458629,3.965832754,3.209933256,3.685185387,2.92436909
yfjF,2.024617477,2.244134095,2.388448808,2.008769244,1.900776578,2.095594769,2.669780771,2.741810914,1.335513986,2.885061637,1.887696574,1.458599818
yfjG,3.22043646,4.063473801,4.297272236,4.128610446,4.162732011,4.506924121,3.125194645,3.263920196,3.542781318,4.021305152,3.051855849,3.739595723
ygaA,1.872409522,1.632120246,2.388448808,1.429612449,1.983131349,1.101997975,1.845238606,1.181552541,0.950201861,1.42689579,1.641516703,1.458599818
ygaC,-1.14456266,0.813307996,0.328725926,0.387042983,0.785190935,0.810426666,0.154497435,1.593346297,-1.14456266,-1.14456266,0.400375956,0.804561649
ygaD,2.402133773,2.741607747,1.878486406,1.707779131,2.314294782,2.961095005,1.996751073,1.760580758,0.396002577,1.142112545,0.955758142,1.458599818
ygaE,2.508531198,1.469254964,1.393037856,2.138078784,2.582578473,2.601958204,1.481501414,1.909857469,2.271761073,2.195417295,2.948738551,2.231895253
ygaF,1.005901477,1.777799163,1.977337143,1.07954682,2.035469178,1.296115878,2.372776568,2.385922444,2.940786701,1.863384156,3.478994982,2.92436909
ygaG,8.092379177,7.360574506,7.233849405,6.843695327,8.034234895,6.537152913,8.462334675,7.213926657,7.421875003,7.606005422,8.315212617,7.39871204
ygaH,0.169307087,1.284323171,1.977337143,1.939368689,2.416015583,2.043940294,1.675275111,2.044750511,3.043839098,1.42689579,1.341744444,1.458599818
ygaM,3.22043646,0.04093922,1.878486406,0.780805482,1.983131349,0.810426666,3.661582857,3.263920196,2.709352471,3.348396791,4.458993237,3.933364168
ygaP,1.279535868,2.594274625,1.772119263,1.866355798,2.060925945,1.84655887,2.258187993,1.760580758,1.634841947,1.42689579,0.400375956,1.898039616
ygaU,4.363405661,3.7534632,3.378087341,3.242180345,3.763455919,3.015295573,5.395096157,4.887985489,3.139979739,4.177873934,5.246531873,4.691164879
ygaV,1.701594873,1.284323171,1.393037856,1.939368689,1.872213685,1.815946525,1.481501414,1.402984775,1.880704813,0.261889892,0.955758142,-1.14456266
ygaW,2.161956914,1.909674822,2.524469212,1.528716401,4.358099225,3.871244468,2.133511042,1.402984775,0.950201861,0.778581957,2.27917705,2.728660382
ygaZ,1.005901477,3.214239589,2.069687809,2.888436333,3.307042989,4.094863258,2.478808946,1.181552541,2.709352471,1.662278962,2.440603361,1.898039616
ygbA,1.279535868,0.04093922,0.864408982,1.322734996,0.3162332,-0.005082435,1.996751073,1.760580758,1.335513986,-1.14456266,-1.14456266,-1.14456266
ygbE,1.279535868,2.141213121,1.878486406,1.866355798,2.617090305,1.934570751,0.639427359,0.915725688,0.950201861,0.778581957,-1.14456266,-1.14456266
ygbI,4.572838776,3.446128737,3.934305241,3.762548024,3.079237974,3.57070982,4.21277922,4.77759114,3.394918736,4.751609612,3.865501508,4.18247159
ygbJ,1.701594873,0.813307996,3.187254339,2.467348851,1.39479921,0.810426666,1.996751073,2.385922444,2.271761073,2.336112447,1.887696574,1.898039616
ygbK,2.287124403,0.813307996,1.656951679,0.387042983,1.584796819,1.38357723,0.983904798,1.402984775,0.950201861,0.261889892,0.955758142,0.804561649
ygbL,1.005901477,0.490617291,1.239066079,0.938810998,1.434968744,0.993108595,1.481501414,0.915725688,-1.14456266,0.778581957,0.955758142,-1.14456266
ygbM,2.024617477,1.284323171,1.772119263,1.707779131,2.454749665,1.719858046,1.675275111,1.760580758,0.950201861,1.662278962,2.585564792,0.804561649
ygbN,1.701594873,1.469254964,1.772119263,1.429612449,1.843055586,1.651898241,1.481501414,1.402984775,1.880704813,2.195417295,1.341744444,1.458599818
ygcE,0.658708418,1.909674822,1.772119263,1.429612449,1.473989129,1.651898241,2.372776568,0.57980147,1.880704813,0.778581957,2.440603361,2.231895253
ygcF,2.607531025,2.875164209,2.918707025,2.650926218,2.314294782,2.815880163,1.996751073,2.741810914,0.950201861,3.135350084,1.641516703,1.458599818
ygcG,-1.14456266,-1.14456266,-1.14456266,0.387042983,-0.57230235,-0.328638789,-1.14456266,-1.14456266,-1.14456266,0.261889892,-1.14456266,-1.14456266
ygcM,1.005901477,2.741607747,2.315226014,2.734557267,2.181743192,3.041646281,0.639427359,0.915725688,0.950201861,0.261889892,0.400375956,-1.14456266
ygcN,3.22043646,3.054700123,3.266654798,3.428998246,2.27147395,2.391947558,3.789992042,3.913148221,3.043839098,2.195417295,3.238206047,2.501831767
ygcO,0.658708418,0.813307996,-0.081165644,0.780805482,0.3162332,0.743193164,0.983904798,0.915725688,1.335513986,1.42689579,0.955758142,-1.14456266
ygcP,0.169307087,1.069845507,1.393037856,1.322734996,1.124904303,1.784647728,1.675275111,1.760580758,1.335513986,2.336112447,0.400375956,2.501831767
ygcQ,1.005901477,0.490617291,1.06506632,0.780805482,1.434968744,1.505047819,-1.14456266,0.915725688,0.396002577,0.778581957,-1.14456266,0.804561649
ygcS,0.658708418,-1.14456266,-0.081165644,-0.233394293,-0.57230235,-0.005082435,0.154497435,0.915725688,-1.14456266,-1.14456266,0.400375956,-1.14456266
ygcU,1.005901477,0.490617291,0.328725926,1.322734996,0.215468341,0.874259721,-1.14456266,0.10884003,0.396002577,1.142112545,1.341744444,-1.14456266
ygcW,-1.14456266,0.04093922,-1.14456266,-1.14456266,-0.340399338,-1.14456266,-1.14456266,-1.14456266,-1.14456266,-1.14456266,-1.14456266,-1.14456266
ygdB,-1.14456266,-1.14456266,0.864408982,-0.233394293,0.493994953,0.429826472,0.639427359,0.57980147,0.396002577,-1.14456266,-1.14456266,-1.14456266
ygdD,2.787044417,2.594274625,2.238018242,1.789321157,1.813276146,2.371224964,0.639427359,0.915725688,2.433038119,1.662278962,0.955758142,-1.14456266
ygdE,4.597001437,4.995788521,5.215191394,5.234216733,4.949279868,4.675827704,2.915514321,4.138424687,4.523355236,4.67486849,4.16990457,4.256775916
ygdH,6.914588339,6.597457135,6.290630423,6.227743947,6.314167281,6.216698656,6.728094475,6.992993881,6.81430633,7.283164708,7.473058221,7.187130899
ygdI,2.402133773,2.340080965,1.239066079,2.008769244,3.003193266,2.471943915,3.125194645,3.467600001,2.271761073,3.474683089,4.07540813,3.631962725
ygdK,1.872409522,2.514481243,3.227503291,2.81356451,2.731706882,2.547683181,1.996751073,2.044750511,2.940786701,3.135350084,3.238206047,3.389035879
ygdL,3.940772686,4.063473801,4.278273498,4.652032155,4.608995304,4.394165992,3.470333633,3.64597429,3.470749835,2.690038402,3.478994982,3.096523317
ygdP,4.839068467,4.705491563,5.153997139,4.842308552,5.129506138,5.079297485,5.046971457,4.905589993,4.659026421,5.197958528,4.258583241,4.890972848
ygdQ,1.005901477,0.490617291,0.328725926,1.322734996,2.134649391,2.452362542,1.845238606,0.10884003,0.396002577,0.778581957,0.955758142,2.728660382
ygdR,4.955764907,3.885576928,4.094973529,3.858514772,4.327322346,4.180159312,5.297749802,4.852118296,3.912490909,4.67486849,5.574646904,5.185303861
ygeA,1.279535868,2.244134095,2.156357825,2.074906101,2.060925945,2.095594769,1.996751073,1.760580758,1.880704813,1.142112545,1.641516703,0.804561649
ygeD,2.508531198,2.514481243,2.868616656,2.562090015,2.83781076,2.875744589,2.133511042,2.574940804,2.271761073,2.581544051,1.887696574,0.804561649
ygeR,3.22043646,3.682562565,3.413390689,3.701738873,4.180063205,4.06953578,4.357887081,4.138424687,3.676850297,4.21449498,3.051855849,3.631962725
ygeV,5.227425206,3.853667527,4.705462124,3.782259969,2.89508645,2.471943915,5.473606429,5.327363875,4.206408091,5.160926849,5.467161735,5.581844769
ygeW,1.872409522,1.469254964,1.393037856,0.387042983,0.573613538,0.121745392,0.154497435,1.760580758,1.880704813,2.03916712,1.887696574,2.501831767
ygeY,1.005901477,0.04093922,0.328725926,0.780805482,0.648269063,0.993108595,1.255666409,1.760580758,0.950201861,0.778581957,1.341744444,1.458599818
ygfA,2.508531198,3.311530153,4.11653034,4.407623815,3.566528572,3.708430744,4.921866334,3.467600001,3.470749835,4.177873934,3.478994982,3.096523317
ygfB,6.493518367,6.756762144,8.257662092,8.34616615,6.857802388,5.643995193,7.928824402,7.451135941,6.701000653,7.230528114,7.063538358,6.430659334
ygfE,6.393633275,6.828220325,8.307681546,8.253984905,6.783258631,7.101922197,7.644880926,7.203292011,6.295332031,7.780918514,7.093965665,6.331052743
ygfF,0.658708418,1.069845507,0.864408982,2.008769244,2.396245648,2.193556411,-1.14456266,0.10884003,2.089747114,-1.14456266,1.341744444,0.804561649
ygfG,-1.14456266,0.04093922,-1.14456266,-0.233394293,0.718619532,0.23446579,-1.14456266,0.57980147,-1.14456266,-1.14456266,-1.14456266,0.804561649
ygfH,0.169307087,0.04093922,0.626040423,0.938810998,0.718619532,0.935052876,1.845238606,0.10884003,0.396002577,0.778581957,0.955758142,1.458599818
ygfJ,1.005901477,0.490617291,0.864408982,-1.14456266,-0.57230235,-0.328638789,2.133511042,2.81846539,0.950201861,1.142112545,1.341744444,2.231895253
ygfK,0.169307087,0.490617291,0.864408982,0.938810998,0.718619532,0.993108595,2.258187993,2.574940804,0.396002577,1.863384156,2.837620345,1.898039616
ygfM,0.169307087,-1.14456266,-0.081165644,0.124258233,0.3162332,-0.151607991,-1.14456266,-1.14456266,-1.14456266,1.42689579,-1.14456266,1.458599818
ygfO,-1.14456266,0.04093922,0.328725926,0.124258233,-0.165749464,-0.328638789,0.639427359,0.57980147,0.396002577,-1.14456266,-1.14456266,-1.14456266
ygfQ,1.872409522,1.469254964,0.864408982,1.07954682,2.035469178,1.61662547,1.255666409,1.402984775,1.335513986,2.195417295,2.096977156,0.804561649
ygfS,0.169307087,-1.14456266,-0.081165644,-1.14456266,0.3162332,-0.005082435,0.983904798,-1.14456266,0.950201861,0.261889892,-1.14456266,-1.14456266
ygfT,1.279535868,1.777799163,0.626040423,1.429612449,1.124904303,1.153242155,1.255666409,2.044750511,0.396002577,-1.14456266,1.887696574,-1.14456266
ygfU,-1.14456266,-1.14456266,0.328725926,-0.233394293,-0.340399338,-0.328638789,0.154497435,0.57980147,-1.14456266,-1.14456266,-1.14456266,-1.14456266
ygfX,3.502538225,4.091098885,3.934305241,3.876963743,3.983482987,3.80370859,3.520582185,3.369365381,3.043839098,4.101715412,3.747834198,4.843556128
ygfY,4.597001437,5.134933992,5.235025783,5.168392582,5.059470448,5.047237197,5.408481568,5.301003122,4.558488654,5.764985972,4.458993237,4.890972848
ygfZ,6.499937769,6.23252811,5.926022519,5.955935414,6.324588835,5.282987113,5.94702566,6.067112588,5.548506009,5.764985972,6.335073339,5.397159016
yggB,8.096620855,7.495809536,7.312952691,7.506309521,8.418030556,7.209386833,7.692159147,6.980591713,6.033517734,6.479909768,6.941682177,6.313761891
yggD,2.607531025,3.446128737,3.413390689,3.680884508,3.684650643,2.890327556,3.125194645,3.317609911,2.829743201,3.590767972,3.478994982,2.92436909
yggE,3.552876099,2.429952245,2.388448808,2.650926218,3.197654146,2.240104539,1.996751073,1.760580758,2.271761073,2.03916712,3.238206047,3.096523317
yggF,0.169307087,1.069845507,0.864408982,0.124258233,0.848411752,1.202582163,0.983904798,0.57980147,0.950201861,0.778581957,-1.14456266,1.898039616
yggG,4.644144788,3.607987039,3.833747712,3.638246641,4.180063205,3.356840955,3.90787948,4.527669483,4.41250523,4.507925192,4.258583241,4.10412621
yggJ,4.276295763,4.318439392,4.137769358,4.1131348,4.502835885,4.76527069,3.188788908,3.150115972,3.230082065,3.412926304,3.551059262,3.631962725
yggL,4.85918554,3.977270191,4.33453446,4.619552847,4.511987271,4.35278249,3.789992042,3.687314521,3.043839098,4.021305152,4.123430944,3.096523317
yggN,3.738270261,4.00658169,3.668374493,4.652032155,3.763455919,5.072942191,3.661582857,4.108320124,4.11494029,3.474683089,4.495936007,3.389035879
yggP,-1.14456266,-1.14456266,-1.14456266,0.387042983,-0.57230235,0.336426748,-1.14456266,-1.14456266,-1.14456266,0.261889892,-1.14456266,-1.14456266
yggS,3.020056016,3.607987039,2.918707025,3.525772893,3.740264039,4.08857301,2.258187993,2.574940804,2.271761073,3.348396791,2.440603361,2.501831767
yggT,3.396246232,4.035308594,3.341894942,3.701738873,4.133375217,4.075909516,1.996751073,2.960458629,3.611376894,1.42689579,1.887696574,2.501831767
yggU,2.024617477,1.777799163,2.388448808,2.693353613,3.724592555,3.225211313,1.675275111,1.909857469,2.940786701,2.03916712,1.341744444,3.096523317
yggV,5.273120228,5.5474187,5.311743286,5.964579111,6.077424163,6.001039147,3.94512394,3.727500311,4.659026421,3.749023528,3.685185387,3.096523317
yggW,3.339999835,4.574672154,4.219726587,4.870183127,5.196297735,5.027653241,2.75646861,2.81846539,3.394918736,2.790871234,2.837620345,0.804561649
yggX,3.450374263,3.109874429,2.388448808,3.154025009,3.732449625,3.387946846,2.372776568,2.574940804,2.709352471,1.42689579,2.717142687,-1.14456266
yghA,1.005901477,-1.14456266,1.878486406,1.528716401,0.785190935,0.516202858,2.669780771,1.593346297,2.089747114,2.690038402,2.440603361,0.804561649
yghB,3.502538225,4.936140006,5.143540818,5.043396869,4.543567227,4.539561651,5.253930888,4.225138912,4.722356551,4.64835278,3.619684692,3.933364168
yghF,-1.14456266,-1.14456266,-0.081165644,-0.233394293,-1.14456266,-1.14456266,0.154497435,-1.14456266,0.396002577,0.778581957,-1.14456266,-1.14456266
yghG,-1.14456266,0.04093922,-1.14456266,-1.14456266,-1.14456266,-0.005082435,-1.14456266,-1.14456266,-1.14456266,-1.14456266,-1.14456266,-1.14456266
yghJ,3.22043646,4.452241776,5.702094593,5.067673712,4.016022755,4.463845645,3.830369867,2.574940804,3.230082065,2.464111871,2.096977156,1.458599818
yghK,0.169307087,0.490617291,1.531325051,0.780805482,0.215468341,0.935052876,0.154497435,1.181552541,0.950201861,0.261889892,0.955758142,-1.14456266
yghO,-1.14456266,0.490617291,0.864408982,0.59996766,0.215468341,0.429826472,0.639427359,-1.14456266,0.396002577,1.142112545,1.341744444,-1.14456266
yghQ,-1.14456266,0.490617291,0.626040423,1.528716401,0.3162332,0.429826472,0.154497435,0.915725688,1.335513986,0.261889892,-1.14456266,-1.14456266
yghR,-1.14456266,-1.14456266,-1.14456266,-1.14456266,-0.340399338,-0.563826259,-1.14456266,-1.14456266,-1.14456266,-1.14456266,-1.14456266,0.804561649
yghS,-1.14456266,0.04093922,-0.081165644,-1.14456266,-0.340399338,-0.005082435,-1.14456266,-1.14456266,-1.14456266,-1.14456266,-1.14456266,0.804561649
yghT,0.169307087,-1.14456266,-1.14456266,-1.14456266,-0.57230235,-1.14456266,-1.14456266,-1.14456266,-1.14456266,-1.14456266,-1.14456266,-1.14456266
yghU,5.846898061,5.134933992,5.000223791,5.026982254,6.202766897,4.907788022,5.832533354,5.927630247,5.342269504,5.67592496,6.35531099,5.960787357
yghW,0.169307087,0.04093922,0.328725926,-1.14456266,-0.340399338,0.429826472,0.154497435,-1.14456266,0.396002577,1.42689579,-1.14456266,-1.14456266
yghZ,4.712089729,3.529333577,4.33453446,3.858514772,2.650787194,2.890327556,5.31206518,4.957149614,4.48734413,5.417938382,5.642097062,4.794527028
ygiA,2.946518091,3.109874429,3.013921285,2.36584946,2.582578473,3.213677654,2.372776568,2.660811997,2.089747114,2.690038402,1.641516703,0.804561649
ygiB,6.44776448,6.942501439,6.585296001,6.661663692,6.092748287,6.555500491,5.750823195,6.388299054,5.565871131,6.113972797,5.753039686,5.024529565
ygiC,6.146013684,6.616579398,6.003224231,6.465531746,5.936752434,6.56685035,4.330010862,4.940167082,5.565871131,5.608765607,4.791677849,4.579816561
ygiD,3.339999835,3.263708482,3.69729008,3.453809343,3.740264039,3.387946846,4.385234356,4.384327196,3.394918736,3.056677113,3.238206047,3.933364168
ygiE,4.597001437,3.7534632,4.474637679,3.820892159,4.263723805,4.255081977,4.051405413,4.550232955,3.799486457,4.101715412,4.761658349,4.021274137
ygiF,3.648556922,3.682562565,3.145844317,3.123394332,4.047843654,3.740895817,3.058650775,2.385922444,2.271761073,2.973436686,2.096977156,3.096523317
ygiH,3.339999835,2.66984026,3.013921285,2.77460641,3.275092125,3.408316295,2.372776568,3.559550295,2.089747114,3.056677113,3.238206047,3.389035879
ygiM,4.084485016,5.148137736,4.352810418,5.587544969,4.016022755,6.001039147,3.86964614,4.57244871,4.333566771,3.698181102,3.747834198,3.389035879
ygiN,6.365786426,5.802499313,5.111709151,5.183281985,6.684565506,4.953480441,6.018598109,6.553712563,6.489813606,6.312739691,6.771406053,6.167425328
ygiQ,4.712089729,5.734103214,6.130442994,6.766711644,6.15684783,6.300672723,4.150381458,4.409229475,5.171279534,4.25020836,4.458993237,3.096523317
ygiS,3.978067213,3.311530153,2.648628761,3.060098585,2.89508645,2.285171535,2.133511042,3.150115972,3.799486457,3.280832743,3.685185387,2.501831767
ygiT,2.787044417,1.777799163,-0.081165644,0.59996766,1.473989129,1.296115878,1.481501414,1.402984775,0.396002577,2.03916712,1.641516703,1.898039616
ygiU,1.872409522,0.813307996,-0.081165644,0.938810998,1.221030684,1.250163792,0.983904798,0.57980147,0.396002577,1.142112545,-1.14456266,2.231895253
ygiW,3.396246232,2.997317952,3.546525499,3.213392485,3.548833523,3.028531459,4.958731679,4.433708824,3.542781318,4.25020836,4.382139907,4.021274137
ygiX,3.020056016,2.141213121,3.013921285,2.851489903,2.565004304,3.117912415,3.188788908,3.766594532,1.880704813,3.412926304,3.551059262,1.898039616
ygiY,2.787044417,2.429952245,2.868616656,2.77460641,2.35586119,3.054642247,1.675275111,2.660811997,2.089747114,2.973436686,3.051855849,2.231895253
ygiZ,-1.14456266,-1.14456266,-1.14456266,-1.14456266,-0.57230235,-0.563826259,0.154497435,-1.14456266,-1.14456266,-1.14456266,-1.14456266,-1.14456266
ygjD,2.700105232,2.741607747,3.145844317,3.092095514,3.174739649,3.666791667,2.75646861,2.385922444,2.709352471,2.790871234,2.585564792,1.458599818
ygjE,0.169307087,0.04093922,-1.14456266,-0.233394293,0.3162332,-0.005082435,-1.14456266,0.10884003,-1.14456266,-1.14456266,-1.14456266,-1.14456266
ygjF,3.450374263,3.163005359,2.762849217,2.888436333,3.041719637,1.905843576,3.30810401,3.467600001,2.940786701,3.348396791,3.865501508,2.92436909
ygjG,3.450374263,3.109874429,3.341894942,3.47819954,3.724592555,2.861011562,6.266582887,5.35325148,4.48734413,5.286579953,6.552247387,5.329939833
ygjH,0.658708418,-1.14456266,1.239066079,1.707779131,-0.165749464,-0.328638789,1.996751073,1.760580758,0.950201861,1.42689579,1.641516703,-1.14456266
ygjI,-1.14456266,0.04093922,-1.14456266,-1.14456266,-1.14456266,-0.328638789,0.639427359,0.57980147,-1.14456266,0.261889892,-1.14456266,-1.14456266
ygjJ,-1.14456266,-1.14456266,-1.14456266,-1.14456266,-1.14456266,-0.563826259,-1.14456266,-1.14456266,-1.14456266,-1.14456266,-1.14456266,-1.14456266
ygjK,0.658708418,0.04093922,0.328725926,-1.14456266,0.573613538,0.516202858,1.255666409,0.57980147,-1.14456266,0.261889892,1.341744444,-1.14456266
ygjN,-1.14456266,-1.14456266,0.328725926,0.387042983,0.104113823,0.935052876,-1.14456266,-1.14456266,0.396002577,0.261889892,-1.14456266,-1.14456266
ygjO,2.869000612,2.594274625,2.524469212,3.270402455,3.771104248,4.548752532,2.258187993,1.760580758,2.433038119,1.863384156,1.641516703,0.804561649
ygjP,2.024617477,1.777799163,1.656951679,0.387042983,1.983131349,2.145424475,0.639427359,1.181552541,1.880704813,2.336112447,1.641516703,0.804561649
ygjQ,-1.14456266,-1.14456266,-0.081165644,0.124258233,0.104113823,0.121745392,-1.14456266,0.10884003,-1.14456266,0.261889892,-1.14456266,-1.14456266
ygjR,4.497821511,4.246571952,4.278273498,3.701738873,3.85984852,3.41839379,3.661582857,3.947569154,4.626286693,4.352326751,4.634910367,5.146759137
ygjT,1.279535868,2.741607747,3.145844317,3.060098585,2.227319223,3.325046846,0.154497435,0.915725688,1.335513986,2.03916712,1.887696574,1.458599818
ygjU,8.148615658,7.531509399,7.147542344,6.860001572,7.293432665,6.643893311,7.060342559,7.541155246,7.307824236,7.226053798,8.299632163,7.994726179
ygjV,0.658708418,-1.14456266,0.328725926,0.387042983,1.074094981,0.596683146,-1.14456266,1.593346297,2.271761073,-1.14456266,0.400375956,0.804561649
yhaC,-1.14456266,-1.14456266,-1.14456266,-1.14456266,-0.57230235,-1.14456266,-1.14456266,-1.14456266,-1.14456266,-1.14456266,-1.14456266,-1.14456266
yhaH,3.601511777,3.607987039,2.918707025,2.888436333,3.684650643,3.506047009,3.830369867,3.317609911,2.829743201,2.690038402,3.865501508,2.92436909
yhaI,-1.14456266,-1.14456266,-1.14456266,-0.233394293,-1.14456266,-1.14456266,-1.14456266,0.57980147,0.396002577,-1.14456266,0.400375956,0.804561649
yhaJ,4.246048423,3.7534632,3.725636131,4.033160204,3.338298716,3.942746755,3.058650775,3.369365381,1.880704813,2.690038402,2.948738551,2.92436909
yhaK,-1.14456266,0.490617291,0.328725926,0.780805482,0.718619532,0.121745392,0.154497435,0.57980147,-1.14456266,0.778581957,0.955758142,1.458599818
yhaL,3.694112533,3.7534632,2.524469212,2.515506793,2.547210833,2.529122468,4.242993251,3.559550295,3.965832754,3.209933256,4.495936007,3.515622458
yhaM,2.024617477,3.821034916,3.753434699,3.876963743,3.003193266,2.815880163,2.838199673,3.208145339,0.950201861,3.056677113,4.421078721,2.728660382
yhaO,-1.14456266,0.813307996,1.06506632,2.138078784,1.310709818,0.935052876,0.639427359,0.10884003,0.396002577,0.261889892,2.440603361,-1.14456266
yhaV,2.946518091,2.340080965,2.706879979,2.36584946,2.547210833,2.145424475,3.705671164,3.089641103,2.940786701,2.790871234,4.07540813,3.739595723
yhbC,4.936959574,6.351441085,5.870047013,6.364652447,5.999888855,6.764133974,4.805254016,5.287639846,5.237798669,5.59495019,5.133881715,5.107155918
yhbE,1.872409522,2.741607747,2.58789945,3.403751415,2.699886861,4.49270719,1.675275111,0.915725688,1.634841947,0.778581957,2.096977156,0.804561649
yhbG,5.925306468,6.401912565,6.538183674,6.943257221,6.512931218,6.62989296,4.825356113,5.545153427,5.861382801,5.789453672,5.390780372,4.890972848
yhbH,6.322981583,5.411680257,5.613958035,5.564985179,6.148072874,5.29122269,7.134703669,6.629810973,5.875378243,6.113972797,6.793822525,6.148043679
yhbJ,6.186374297,6.213814537,6.350944974,6.425396446,6.294421594,6.153360838,6.588078163,6.691988305,5.439681725,6.22576943,5.783231111,5.522871788
yhbL,5.227425206,4.386892664,4.11653034,3.525772893,4.484356959,3.597556698,4.805254016,4.457779381,4.250052949,4.25020836,5.448442235,5.107155918
yhbN,4.215152564,5.038959657,4.474637679,5.099419926,4.807848232,5.011127641,4.150381458,4.014037271,4.977255686,4.25020836,3.478994982,3.933364168
yhbO,-1.14456266,-1.14456266,-0.081165644,-1.14456266,-1.14456266,-1.14456266,0.154497435,-1.14456266,-1.14456266,-1.14456266,-1.14456266,-1.14456266
yhbP,1.50675362,2.141213121,1.393037856,1.789321157,1.619835106,2.566005331,2.478808946,2.044750511,1.634841947,1.662278962,0.955758142,1.458599818
yhbQ,1.50675362,1.284323171,1.239066079,1.07954682,1.872213685,1.543254621,2.372776568,2.574940804,0.950201861,0.778581957,2.096977156,1.898039616
yhbS,5.469084626,4.514756309,4.45785161,4.081675695,4.301163171,3.780473794,4.958731679,4.973934478,3.965832754,4.67486849,5.574646904,5.461384545
yhbT,6.657540369,5.344446285,5.658699368,5.099419926,5.34193067,5.066558768,6.3452454,6.105695279,4.924377676,5.353754052,6.31454774,6.167425328
yhbU,-1.14456266,-1.14456266,0.328725926,-1.14456266,1.124904303,0.23446579,0.154497435,0.57980147,0.396002577,0.261889892,-1.14456266,-1.14456266
yhbW,6.248690719,6.068619941,5.636502165,5.506992,6.827896142,5.75533265,6.273913928,5.986706202,5.458398877,5.764985972,5.753039686,5.329939833
yhbX,-1.14456266,0.490617291,-0.081165644,-0.233394293,0.493994953,0.336426748,0.154497435,0.10884003,-1.14456266,0.261889892,0.400375956,-1.14456266
yhbY,5.046280139,5.634427502,5.805193277,6.104111461,5.900638125,5.641850137,4.994678045,4.905589993,4.691039172,5.160926849,4.634910367,4.459142826
yhcB,8.047071974,7.805919241,9.752610162,9.984243326,7.778761914,7.357899278,9.346901069,8.751051262,7.733666956,8.848055209,8.460073653,7.454998844
yhcG,3.281461771,4.27092816,4.316023771,4.159071813,4.422610066,4.70899794,3.94512394,3.913148221,3.314863079,3.209933256,2.717142687,3.389035879
yhcH,-1.14456266,0.04093922,0.626040423,0.780805482,0.3162332,0.596683146,1.481501414,0.57980147,0.396002577,0.778581957,2.096977156,0.804561649
yhcM,4.049878631,4.705491563,4.37085753,5.091548646,5.132475356,6.00271166,3.616100965,3.208145339,3.611376894,3.749023528,2.717142687,3.250214154
yhcN,1.50675362,3.109874429,3.187254339,4.420251683,2.866735016,3.202050598,2.258187993,0.915725688,0.396002577,2.973436686,1.887696574,1.458599818
yhcO,1.872409522,0.813307996,2.315226014,2.734557267,1.584796819,1.153242155,3.058650775,3.150115972,0.396002577,2.973436686,3.051855849,3.515622458
yhcP,2.161956914,2.340080965,3.227503291,3.092095514,3.388926716,2.947218415,2.478808946,2.660811997,1.634841947,1.42689579,1.887696574,1.458599818
yhcQ,0.169307087,1.069845507,1.393037856,1.528716401,2.204714673,2.070004129,1.675275111,0.10884003,-1.14456266,0.261889892,0.400375956,-1.14456266
yhcR,-1.14456266,0.490617291,-1.14456266,-1.14456266,-0.165749464,-0.005082435,-1.14456266,-1.14456266,0.396002577,-1.14456266,-1.14456266,-1.14456266
yhcS,2.946518091,3.163005359,2.58789945,3.154025009,4.04153546,3.748898947,2.75646861,2.741810914,2.271761073,2.464111871,1.641516703,3.739595723
yhdA,2.946518091,3.607987039,3.30476737,4.218128117,3.601278769,4.641876339,3.188788908,3.877884375,2.829743201,2.885061637,3.551059262,3.096523317
yhdE,3.020056016,4.144808978,4.555755506,4.552313088,3.708748557,4.16230188,3.249685166,3.419321637,3.470749835,2.973436686,0.955758142,2.728660382
yhdG,5.906100286,7.980280985,7.70831577,8.394142672,7.918179622,9.043314377,4.903074115,5.48787999,5.728910005,4.960002543,5.884186342,4.327436117
yhdH,4.85918554,3.821034916,2.868616656,3.742562398,3.867002769,3.25926669,3.94512394,3.559550295,3.043839098,2.973436686,4.07540813,3.839737144
yhdN,2.024617477,1.632120246,2.238018242,2.81356451,1.782847418,2.169695258,3.569134251,3.026504243,1.634841947,2.195417295,0.955758142,2.501831767
yhdP,4.755670322,5.742832193,5.850895197,5.751359003,5.364834822,5.607088175,4.051405413,4.905589993,5.681903612,4.537126357,4.458993237,3.933364168
yhdT,2.508531198,3.163005359,2.458083344,2.888436333,2.83781076,3.6919194,2.478808946,2.741810914,0.950201861,0.261889892,-1.14456266,1.458599818
yhdU,-1.14456266,0.04093922,-1.14456266,1.429612449,-0.021124796,0.516202858,-1.14456266,-1.14456266,-1.14456266,-1.14456266,0.955758142,-1.14456266
yhdV,0.169307087,1.469254964,1.531325051,1.429612449,1.124904303,0.935052876,0.983904798,2.044750511,1.335513986,0.261889892,0.400375956,0.804561649
yhdW,5.16415538,4.758116538,4.05086741,4.529184383,5.542756219,4.753395752,5.771688734,4.990526226,3.965832754,3.798131235,4.731000545,4.520742021
yhdX,1.50675362,2.340080965,1.393037856,2.607199367,2.293045961,2.095594769,2.133511042,0.57980147,1.880704813,0.778581957,1.641516703,2.231895253
yhdY,1.279535868,2.340080965,0.626040423,2.467348851,2.134649391,2.095594769,1.255666409,0.57980147,-1.14456266,0.778581957,0.400375956,-1.14456266
yhdZ,3.822718504,3.357811199,2.458083344,3.616444367,3.929840144,4.368440876,2.988868548,2.044750511,2.271761073,2.464111871,2.440603361,2.231895253
yheL,1.701594873,1.909674822,1.06506632,1.707779131,2.35586119,3.42840113,0.154497435,0.10884003,1.335513986,1.662278962,-1.14456266,-1.14456266
yheM,2.024617477,2.594274625,3.013921285,3.453809343,3.692728198,3.885831771,1.845238606,2.81846539,2.089747114,0.778581957,1.641516703,1.898039616
yheN,2.402133773,3.214239589,2.58789945,3.184015617,3.801297577,4.336952117,2.258187993,-1.14456266,1.634841947,1.662278962,0.955758142,-1.14456266
yheO,3.86315489,4.118204203,3.378087341,4.394884337,4.73937802,5.147417499,1.675275111,2.483565826,3.799486457,2.973436686,2.27917705,2.92436909
yheR,2.946518091,2.340080965,2.648628761,2.959587103,1.719920157,1.990318907,2.133511042,2.167844039,0.950201861,2.973436686,0.400375956,2.92436909
yheS,4.597001437,5.332929487,5.330301595,5.518778668,5.455352025,5.759295688,4.118139092,4.306929861,4.48734413,4.352326751,4.258583241,3.631962725
yheT,3.090005404,3.357811199,2.816710004,2.993879944,3.475792491,3.190328614,1.481501414,2.483565826,3.043839098,2.195417295,2.717142687,2.728660382
yheU,3.090005404,2.875164209,2.524469212,2.515506793,2.731706882,2.350195651,3.249685166,3.208145339,2.829743201,3.280832743,2.948738551,3.631962725
yhfA,6.087541783,6.188479393,6.130442994,5.916384742,5.347052006,5.007799675,6.622942178,6.553712563,4.691039172,4.91622588,5.467161735,5.666016025
yhfC,1.005901477,0.813307996,2.238018242,2.607199367,2.963602834,4.58494108,2.133511042,0.57980147,-1.14456266,0.261889892,1.641516703,-1.14456266
yhfG,0.658708418,1.069845507,-0.081165644,0.59996766,1.124904303,0.743193164,1.675275111,0.57980147,0.950201861,0.261889892,0.955758142,-1.14456266
yhfK,4.391310335,4.063473801,3.481498342,3.722295367,4.972664756,4.113570876,4.385234356,4.699000984,4.373576347,3.749023528,4.300956729,3.839737144
yhfL,-1.14456266,-1.14456266,-1.14456266,-0.233394293,0.718619532,-0.005082435,-1.14456266,-1.14456266,-1.14456266,-1.14456266,-1.14456266,0.804561649
yhfR,1.872409522,2.875164209,2.388448808,1.866355798,2.936588225,2.90476351,3.188788908,3.841735214,2.829743201,2.885061637,2.440603361,2.231895253
yhfT,-1.14456266,-1.14456266,-1.14456266,-1.14456266,0.848411752,0.429826472,-1.14456266,0.57980147,-1.14456266,0.261889892,-1.14456266,-1.14456266
yhfU,-1.14456266,-1.14456266,0.328725926,-0.233394293,-0.021124796,-0.563826259,0.154497435,-1.14456266,1.335513986,-1.14456266,0.955758142,-1.14456266
yhfV,0.169307087,0.04093922,0.328725926,0.59996766,0.104113823,-0.005082435,0.639427359,0.57980147,0.396002577,-1.14456266,0.400375956,0.804561649
yhfW,-1.14456266,0.04093922,-0.081165644,-0.233394293,-0.340399338,-1.14456266,0.639427359,-1.14456266,-1.14456266,-1.14456266,-1.14456266,0.804561649
yhfX,1.005901477,0.490617291,0.864408982,1.07954682,0.215468341,-0.328638789,1.845238606,1.181552541,1.335513986,0.778581957,0.400375956,0.804561649
yhfY,2.287124403,1.469254964,1.239066079,0.59996766,0.573613538,0.23446579,1.675275111,2.28107207,1.335513986,1.662278962,0.955758142,1.898039616
yhfZ,4.391310335,3.607987039,3.859553062,3.242180345,1.548844669,0.516202858,3.569134251,3.727500311,2.433038119,3.348396791,3.403127684,2.92436909
yhgA,0.658708418,0.813307996,1.531325051,1.07954682,1.751739463,1.651898241,0.639427359,0.10884003,0.396002577,0.778581957,0.955758142,-1.14456266
yhgE,3.601511777,3.529333577,4.278273498,4.1131348,3.700760668,3.543352358,4.181918076,4.409229475,3.230082065,3.936139379,3.747834198,4.459142826
yhgF,5.653148175,5.716485175,5.730316029,5.598693915,5.845617505,5.654672888,3.470333633,3.727500311,5.19379519,3.979351652,4.495936007,3.389035879
yhgG,1.279535868,0.813307996,1.239066079,0.780805482,2.060925945,0.874259721,-1.14456266,0.57980147,1.634841947,-1.14456266,1.641516703,-1.14456266
yhgH,2.946518091,2.997317952,2.069687809,2.607199367,3.358764436,2.637027325,1.845238606,2.891221262,2.433038119,2.581544051,1.341744444,0.804561649
yhgI,4.620765799,4.341620276,5.436900135,5.303995287,4.127431391,4.144220349,5.080809141,5.734331934,4.753008141,5.160926849,5.965429433,5.185303861
yhgN,1.872409522,2.66984026,1.656951679,2.77460641,2.454749665,2.61960048,2.133511042,2.167844039,2.829743201,1.863384156,2.837620345,1.898039616
yhhA,2.287124403,2.030199546,1.393037856,1.707779131,1.956213143,0.672123583,2.915514321,3.089641103,2.709352471,3.533896365,3.238206047,2.728660382
yhhH,-1.14456266,0.04093922,-1.14456266,-1.14456266,-0.340399338,-0.005082435,-1.14456266,-1.14456266,-1.14456266,-1.14456266,-1.14456266,-1.14456266
yhhI,-1.14456266,1.284323171,-0.081165644,0.59996766,0.104113823,0.596683146,1.675275111,0.57980147,-1.14456266,0.778581957,0.400375956,0.804561649
yhhJ,0.658708418,1.777799163,1.772119263,0.938810998,1.173835043,0.672123583,0.983904798,1.181552541,0.950201861,1.142112545,2.27917705,0.804561649
yhhK,1.701594873,1.284323171,1.239066079,1.621147031,2.565004304,1.84655887,1.481501414,1.593346297,1.880704813,2.03916712,0.955758142,1.458599818
yhhL,2.024617477,3.054700123,3.103203875,2.851489903,3.64356845,2.933206116,1.996751073,1.760580758,2.709352471,2.195417295,2.440603361,1.458599818
yhhM,3.281461771,2.741607747,2.238018242,1.866355798,2.547210833,2.043940294,2.478808946,2.574940804,1.880704813,2.336112447,2.27917705,2.501831767
yhhN,4.936959574,4.825422553,4.719612099,4.382031256,4.818950377,4.46869621,3.748448948,3.559550295,4.41250523,4.44768603,3.403127684,4.10412621
yhhQ,3.781113532,3.357811199,2.648628761,2.888436333,2.976921525,2.654243989,3.94512394,2.81846539,2.577877013,2.790871234,2.837620345,1.898039616
yhhS,2.946518091,3.446128737,3.958384548,3.680884508,4.162732011,3.675216422,1.996751073,2.960458629,2.940786701,2.581544051,2.440603361,3.250214154
yhhT,1.701594873,0.490617291,1.531325051,1.789321157,1.68735496,1.202582163,1.845238606,1.402984775,-1.14456266,1.662278962,1.641516703,2.501831767
yhhW,3.781113532,4.246571952,3.982067889,3.876963743,4.46092012,4.255081977,4.150381458,3.64597429,3.394918736,3.798131235,3.865501508,3.933364168
yhhX,5.097982093,4.995788521,5.133008133,5.212607436,6.260899373,4.953480441,5.080809141,4.637112956,4.59278618,5.023272408,4.959746448,4.890972848
yhhY,1.50675362,1.632120246,1.656951679,2.417504478,2.435514444,2.095594769,1.675275111,2.28107207,2.433038119,2.464111871,0.400375956,0.804561649
yhhZ,-1.14456266,-1.14456266,-0.081165644,-0.233394293,-1.14456266,-0.328638789,-1.14456266,-1.14456266,-1.14456266,-1.14456266,-1.14456266,-1.14456266
yhiD,0.169307087,-1.14456266,-0.081165644,0.938810998,-1.14456266,-0.151607991,-1.14456266,-1.14456266,-1.14456266,-1.14456266,-1.14456266,-1.14456266
yhiE,0.169307087,-1.14456266,-1.14456266,0.387042983,-0.021124796,0.121745392,-1.14456266,0.57980147,-1.14456266,-1.14456266,-1.14456266,-1.14456266
yhiF,0.658708418,-1.14456266,-1.14456266,-1.14456266,-1.14456266,-0.563826259,-1.14456266,-1.14456266,-1.14456266,-1.14456266,-1.14456266,-1.14456266
yhiH,3.450374263,2.141213121,1.878486406,1.866355798,2.699886861,2.452362542,2.988868548,1.593346297,0.396002577,2.690038402,3.323031869,2.92436909
yhiI,3.648556922,2.030199546,2.648628761,1.866355798,2.492457405,2.933206116,3.058650775,2.660811997,2.577877013,2.03916712,2.717142687,3.096523317
yhiJ,0.169307087,0.04093922,-0.081165644,0.124258233,0.648269063,0.121745392,-1.14456266,0.57980147,0.950201861,1.142112545,0.400375956,2.231895253
yhiKL,-1.14456266,-1.14456266,0.626040423,0.59996766,0.408571111,-0.563826259,1.255666409,0.10884003,-1.14456266,1.142112545,-1.14456266,-1.14456266
yhiM,-1.14456266,0.490617291,-1.14456266,0.780805482,-0.165749464,0.121745392,-1.14456266,0.915725688,-1.14456266,-1.14456266,-1.14456266,-1.14456266
yhiN,2.946518091,2.875164209,2.156357825,3.184015617,3.003193266,3.942746755,0.983904798,1.760580758,1.335513986,1.662278962,1.341744444,0.804561649
yhiO,1.50675362,0.490617291,-0.081165644,-1.14456266,0.104113823,-0.328638789,0.639427359,1.760580758,-1.14456266,1.142112545,1.641516703,2.231895253
yhiP,3.552876099,2.937542598,2.524469212,2.074906101,3.264281934,2.017385007,2.372776568,2.81846539,1.634841947,2.464111871,3.323031869,4.18247159
yhiQ,1.701594873,2.66984026,2.069687809,2.515506793,2.565004304,2.61960048,1.845238606,1.760580758,1.634841947,1.863384156,0.955758142,2.231895253
yhiR,3.552876099,4.246571952,4.199670149,4.329441129,4.876760002,4.434394403,3.789992042,3.766594532,4.01726939,3.698181102,2.717142687,2.92436909
yhiS,-1.14456266,-1.14456266,-1.14456266,-1.14456266,-0.340399338,-1.14456266,-1.14456266,-1.14456266,-1.14456266,-1.14456266,-1.14456266,-1.14456266
yhiU,0.658708418,-1.14456266,0.328725926,-1.14456266,-0.165749464,0.23446579,-1.14456266,0.10884003,-1.14456266,0.261889892,-1.14456266,-1.14456266
yhiV,1.872409522,0.813307996,2.069687809,1.621147031,1.751739463,1.38357723,2.372776568,0.915725688,1.335513986,1.662278962,1.641516703,2.231895253
yhiW,-1.14456266,-1.14456266,-0.081165644,0.387042983,0.408571111,0.121745392,-1.14456266,-1.14456266,-1.14456266,-1.14456266,-1.14456266,-1.14456266
yhjA,0.658708418,1.469254964,1.393037856,1.707779131,1.654006666,1.580428267,1.996751073,1.402984775,0.396002577,0.261889892,-1.14456266,-1.14456266
yhjB,0.169307087,0.813307996,0.626040423,1.528716401,0.104113823,0.336426748,0.983904798,1.593346297,-1.14456266,0.778581957,0.400375956,0.804561649
yhjC,2.508531198,1.777799163,2.706879979,1.789321157,2.204714673,2.240104539,2.258187993,2.660811997,2.433038119,2.790871234,1.887696574,2.728660382
yhjD,2.700105232,2.030199546,3.013921285,2.888436333,2.83781076,2.721107363,3.418265311,2.741810914,3.542781318,2.336112447,3.051855849,3.389035879
yhjE,4.363405661,4.594103225,4.44086776,4.714874882,4.103407797,4.209438531,2.478808946,3.089641103,5.342269504,3.280832743,2.837620345,3.096523317
yhjG,2.700105232,2.809943836,2.388448808,2.198546665,2.852345945,2.61960048,3.705671164,3.766594532,2.271761073,3.348396791,4.214925963,3.631962725
yhjH,1.005901477,-1.14456266,-1.14456266,-1.14456266,-0.340399338,0.121745392,-1.14456266,0.10884003,-1.14456266,-1.14456266,0.400375956,-1.14456266
yhjJ,6.21005953,5.875757139,4.866733062,5.911922531,5.227180149,6.57811161,5.208738863,5.857012693,5.401502618,4.893828896,6.042339894,5.066434401
yhjK,3.738270261,4.294879557,3.608739568,4.01661835,4.07280377,4.336952117,3.364239935,4.196810065,2.577877013,3.412926304,3.478994982,3.839737144
yhjN,6.751997969,6.513235188,8.667383714,8.343683515,6.720522595,5.598265192,7.451549503,6.785262963,5.681903612,6.629704319,5.856055678,3.631962725
yhjS,3.22043646,3.529333577,2.238018242,2.888436333,4.091244089,3.57070982,2.75646861,2.891221262,2.940786701,2.885061637,2.717142687,2.231895253
yhjU,3.339999835,3.214239589,3.227503291,3.47819954,3.916111323,3.748898947,2.478808946,2.574940804,2.089747114,2.336112447,2.948738551,2.728660382
yhjV,2.161956914,2.809943836,2.967104776,3.820892159,2.89508645,3.632590573,2.478808946,2.483565826,2.709352471,2.885061637,1.341744444,1.898039616
yhjW,4.85918554,4.473382622,4.44086776,5.241348478,4.306433129,6.127532614,4.563383936,5.327363875,5.19379519,5.433547911,5.011681315,4.394793315
yhjX,1.279535868,0.04093922,1.393037856,0.780805482,0.493994953,0.336426748,-1.14456266,0.915725688,0.396002577,0.261889892,-1.14456266,1.458599818
yhjY,1.005901477,1.069845507,-0.081165644,1.07954682,1.353406739,0.993108595,0.983904798,0.10884003,-1.14456266,0.778581957,0.400375956,2.231895253
yiaA,0.169307087,0.04093922,0.626040423,0.387042983,0.785190935,0.672123583,0.154497435,1.181552541,0.950201861,0.778581957,0.400375956,0.804561649
yiaB,0.658708418,-1.14456266,-1.14456266,0.387042983,-0.021124796,0.672123583,0.154497435,0.57980147,-1.14456266,-1.14456266,-1.14456266,-1.14456266
yiaC,1.005901477,1.069845507,1.393037856,0.780805482,2.314294782,1.962721439,1.481501414,1.760580758,0.396002577,1.42689579,1.641516703,-1.14456266
yiaD,1.701594873,2.594274625,2.816710004,3.154025009,2.63403818,2.566005331,0.639427359,1.402984775,2.433038119,1.662278962,1.887696574,0.804561649
yiaF,6.248690719,5.742832193,5.687774085,6.104111461,6.536656864,5.658921932,5.297749802,5.35325148,5.439681725,5.509157934,5.503887302,5.146759137
yiaG,2.024617477,1.909674822,1.878486406,1.322734996,2.181743192,1.101997975,3.981429471,2.167844039,0.950201861,2.03916712,2.837620345,1.898039616
yiaH,0.658708418,1.469254964,1.772119263,1.206669469,1.654006666,2.26281716,0.983904798,1.760580758,1.634841947,1.42689579,1.341744444,0.804561649
yiaI,0.658708418,1.909674822,1.656951679,2.138078784,2.376196883,1.543254621,0.154497435,1.181552541,0.396002577,1.142112545,1.341744444,1.458599818
yiaJ,3.281461771,3.645757877,3.413390689,3.638246641,3.902250361,3.99749777,2.75646861,3.559550295,3.314863079,2.885061637,3.551059262,4.021274137
yiaL,-1.14456266,0.04093922,-1.14456266,-0.233394293,-1.14456266,-1.14456266,-1.14456266,0.57980147,-1.14456266,-1.14456266,-1.14456266,-1.14456266
yiaN,0.169307087,-1.14456266,-1.14456266,-1.14456266,-0.57230235,-0.005082435,0.154497435,0.10884003,-1.14456266,0.261889892,-1.14456266,-1.14456266
yiaO,-1.14456266,0.04093922,-1.14456266,-1.14456266,-0.57230235,-1.14456266,-1.14456266,-1.14456266,0.396002577,-1.14456266,-1.14456266,-1.14456266
yiaT,0.658708418,-1.14456266,-1.14456266,-0.233394293,-0.57230235,-1.14456266,-1.14456266,0.10884003,-1.14456266,-1.14456266,-1.14456266,0.804561649
yiaU,1.005901477,2.141213121,0.864408982,2.138078784,2.823126441,2.285171535,1.481501414,1.760580758,2.089747114,2.03916712,-1.14456266,0.804561649
yiaW,-1.14456266,-1.14456266,-1.14456266,-1.14456266,-1.14456266,-0.151607991,-1.14456266,0.915725688,-1.14456266,-1.14456266,-1.14456266,-1.14456266
yibA,1.005901477,1.632120246,0.864408982,2.074906101,1.221030684,1.84655887,1.845238606,1.909857469,0.950201861,0.778581957,1.341744444,0.804561649
yibD,0.169307087,0.490617291,-0.081165644,1.07954682,0.408571111,1.048683592,2.133511042,0.915725688,-1.14456266,0.778581957,-1.14456266,1.458599818
yibF,2.869000612,2.875164209,2.918707025,3.123394332,2.582578473,2.933206116,3.789992042,2.741810914,2.577877013,2.195417295,1.887696574,2.231895253
yibG,-1.14456266,-1.14456266,-1.14456266,0.124258233,-0.340399338,-0.563826259,0.154497435,0.10884003,-1.14456266,-1.14456266,-1.14456266,-1.14456266
yibI,0.169307087,-1.14456266,-0.081165644,-1.14456266,0.104113823,-0.563826259,-1.14456266,-1.14456266,-1.14456266,-1.14456266,0.400375956,-1.14456266
yibK,1.279535868,1.909674822,1.977337143,1.789321157,1.654006666,2.61960048,0.639427359,-1.14456266,1.335513986,0.261889892,-1.14456266,1.458599818
yibL,3.450374263,4.035308594,4.45785161,4.575076579,4.851752971,5.101323023,3.789992042,4.138424687,3.314863079,4.101715412,2.837620345,4.021274137
yibN,5.49502639,5.465409512,4.617515752,5.018704348,5.265552216,5.299411508,4.272586782,4.457779381,4.659026421,4.177873934,4.791677849,4.021274137
yibO,6.865718979,6.708563966,6.858911203,6.786346109,7.845412645,6.516229063,5.511315109,5.763583037,5.875378243,6.094467736,5.448442235,4.890972848
yibP,3.902486666,3.977270191,3.753434699,4.097491115,4.456186676,5.189149146,3.249685166,3.369365381,3.542781318,4.101715412,3.323031869,3.839737144
yibQ,1.279535868,2.594274625,2.58789945,2.851489903,3.079237974,3.248004389,-1.14456266,1.402984775,1.880704813,0.778581957,1.641516703,2.231895253
yicC,5.469084626,5.496711895,4.662159411,5.07567602,5.582379528,5.299411508,5.607302714,5.499518054,4.450410319,5.320558034,5.180002892,4.636565409
yicE,2.287124403,4.294879557,3.413390689,4.505678545,4.621731999,5.946468423,2.133511042,2.385922444,3.676850297,2.464111871,2.27917705,2.728660382
yicG,-1.14456266,-1.14456266,-1.14456266,-0.233394293,0.785190935,1.340552926,-1.14456266,-1.14456266,0.396002577,0.261889892,-1.14456266,-1.14456266
yicH,6.137804265,5.378454992,5.153997139,4.941983916,5.738624854,5.518671342,5.523668737,6.455562332,5.280499269,5.566915939,6.138896649,5.745545316
yicI,2.787044417,2.741607747,2.762849217,2.467348851,2.936588225,2.704682599,2.915514321,2.660811997,2.940786701,2.690038402,2.585564792,1.898039616
yicJ,-1.14456266,0.490617291,-0.081165644,0.124258233,0.3162332,-0.328638789,0.983904798,1.402984775,-1.14456266,0.261889892,-1.14456266,-1.14456266
yicL,2.161956914,2.030199546,1.239066079,1.866355798,2.89508645,2.391947558,1.996751073,1.402984775,1.880704813,1.863384156,1.887696574,1.458599818
yicN,2.508531198,3.054700123,2.156357825,2.650926218,2.793297826,3.130238383,3.470333633,3.263920196,1.880704813,2.973436686,2.440603361,2.501831767
yicO,0.169307087,0.04093922,-0.081165644,0.387042983,-0.57230235,-0.328638789,0.154497435,0.10884003,-1.14456266,-1.14456266,-1.14456266,-1.14456266
yidA,5.010752842,5.486353063,5.133008133,5.138144538,6.182856911,5.05693034,4.994678045,4.658038861,4.753008141,5.433547911,4.667657167,3.933364168
yidB,2.161956914,1.069845507,1.531325051,0.938810998,0.718619532,1.543254621,0.639427359,0.10884003,0.396002577,1.142112545,1.887696574,1.458599818
yidC,7.124402961,7.24244664,6.915309699,7.632353476,7.521166588,7.768495615,5.434885402,5.838804605,6.754985725,5.494349685,6.017155953,5.222845217
yidD,1.50675362,2.340080965,2.388448808,2.851489903,2.565004304,3.561648355,-1.14456266,1.402984775,1.880704813,0.261889892,0.400375956,0.804561649
yidE,4.151299554,3.402648158,2.918707025,3.270402455,3.485128086,3.534116342,3.470333633,3.64597429,3.394918736,3.135350084,3.148053403,3.933364168
yidF,4.246048423,2.997317952,4.37085753,4.033160204,2.747355123,1.580428267,4.958731679,5.464318308,5.053105965,4.384819231,5.706533605,5.552659643
yidH,1.50675362,1.069845507,1.531325051,1.206669469,1.782847418,1.340552926,1.481501414,1.760580758,2.433038119,1.863384156,1.341744444,1.898039616
yidI,1.005901477,1.632120246,1.393037856,1.429612449,1.751739463,1.905843576,1.996751073,2.741810914,0.950201861,2.03916712,1.887696574,1.458599818
yidJ,-1.14456266,1.469254964,1.06506632,0.59996766,0.408571111,0.743193164,0.983904798,1.402984775,1.335513986,2.03916712,0.955758142,0.804561649
yidK,0.169307087,-1.14456266,0.864408982,-0.233394293,-0.021124796,0.336426748,-1.14456266,-1.14456266,-1.14456266,-1.14456266,0.400375956,-1.14456266
yidQ,3.502538225,2.809943836,2.967104776,2.650926218,2.293045961,2.584095042,2.988868548,3.026504243,3.470749835,2.581544051,3.551059262,3.839737144
yidR,3.738270261,3.607987039,3.638865955,2.924453426,4.133375217,2.846125329,2.669780771,3.419321637,3.676850297,3.891590314,3.747834198,3.515622458
yidS,1.005901477,0.813307996,1.772119263,1.707779131,1.473989129,1.202582163,0.639427359,2.167844039,1.880704813,0.778581957,0.955758142,1.458599818
yidX,0.169307087,0.490617291,-0.081165644,0.59996766,0.493994953,0.935052876,-1.14456266,1.593346297,0.396002577,-1.14456266,0.400375956,0.804561649
yidY,0.658708418,1.777799163,-0.081165644,0.938810998,1.473989129,2.240104539,0.154497435,1.402984775,0.950201861,-1.14456266,-1.14456266,0.804561649
yidZ,1.005901477,0.813307996,1.239066079,1.789321157,2.27147395,2.371224964,-1.14456266,0.915725688,1.335513986,1.42689579,0.955758142,1.898039616
yieE,3.694112533,4.144808978,4.137769358,4.445180299,3.888254686,4.399256374,3.830369867,3.877884375,4.11494029,4.319084827,3.619684692,3.250214154
yieF,4.118279568,3.054700123,2.458083344,3.298080719,3.771104248,3.849082632,3.748448948,2.81846539,3.043839098,3.698181102,3.619684692,2.728660382
yieG,4.084485016,5.378454992,5.37567881,5.776121791,4.952643873,5.804104842,3.616100965,3.947569154,5.053105965,3.412926304,3.747834198,4.021274137
yieH,2.024617477,3.163005359,2.315226014,1.866355798,3.651879253,3.387946846,0.639427359,1.593346297,1.634841947,1.662278962,0.400375956,-1.14456266
yieJ,3.281461771,3.109874429,3.30476737,3.548982175,3.668358234,4.06953578,3.705671164,3.369365381,1.634841947,3.474683089,3.403127684,2.92436909
yieK,-1.14456266,0.04093922,-0.081165644,0.387042983,0.408571111,0.516202858,1.255666409,0.57980147,0.950201861,1.142112545,-1.14456266,1.898039616
yieL,0.169307087,1.069845507,-0.081165644,0.59996766,0.648269063,1.250163792,1.255666409,0.57980147,2.271761073,2.03916712,-1.14456266,1.458599818
yieM,2.402133773,2.340080965,3.145844317,2.607199367,3.584008594,2.217021787,2.75646861,2.044750511,2.271761073,2.336112447,1.341744444,2.92436909
yieN,3.156702039,2.937542598,2.069687809,2.693353613,3.103715873,2.890327556,2.372776568,2.483565826,1.634841947,2.464111871,1.641516703,1.458599818
yieO,2.869000612,3.645757877,3.447847771,3.270402455,4.151060972,3.615180267,2.915514321,2.741810914,3.611376894,3.412926304,2.717142687,3.933364168
yieP,3.738270261,3.977270191,3.909816478,3.701738873,4.127431391,3.878556591,3.616100965,3.263920196,3.394918736,3.645476578,2.440603361,4.021274137
yifB,2.024617477,2.594274625,1.531325051,2.562090015,2.181743192,2.169695258,2.838199673,3.150115972,1.880704813,1.863384156,2.096977156,2.501831767
yifE,7.479804624,6.880572064,7.155368808,6.885259007,6.561100766,6.593731137,6.111548754,6.766121108,6.242319721,6.928497131,7.486882432,6.771902895
yifK,4.597001437,5.777229285,5.811811443,6.080448453,5.513446942,5.989276949,3.569134251,3.841735214,4.250052949,2.973436686,3.619684692,2.231895253
yifL,2.700105232,3.109874429,2.706879979,2.993879944,3.64356845,3.236653072,2.988868548,3.317609911,3.314863079,3.412926304,2.837620345,3.631962725
yigA,3.822718504,4.091098885,3.78070658,3.701738873,3.874121648,4.075909516,2.478808946,2.741810914,2.829743201,3.209933256,1.887696574,2.231895253
yigB,4.084485016,3.977270191,4.617515752,4.407623815,3.852658546,3.740895817,2.133511042,2.960458629,4.206408091,3.533896365,2.717142687,0.804561649
yigE,-1.14456266,-1.14456266,-0.081165644,-1.14456266,0.104113823,-0.328638789,0.639427359,-1.14456266,-1.14456266,0.778581957,-1.14456266,-1.14456266
yigF,0.169307087,-1.14456266,-1.14456266,0.124258233,-0.165749464,-0.563826259,-1.14456266,0.10884003,0.396002577,-1.14456266,-1.14456266,-1.14456266
yigI,3.450374263,3.263708482,2.706879979,2.607199367,1.266618037,2.846125329,4.357887081,3.467600001,3.043839098,2.464111871,3.051855849,3.096523317
yigL,3.694112533,4.318439392,3.78070658,3.89517933,5.492801297,4.804162028,3.418265311,2.660811997,3.139979739,3.698181102,2.585564792,0.804561649
yigM,2.700105232,3.529333577,3.187254339,3.403751415,2.823126441,3.467748119,3.125194645,3.089641103,3.230082065,3.891590314,2.948738551,3.389035879
yigN,5.131448233,4.792162222,4.676738632,4.329441129,3.888254686,4.107361955,5.434885402,6.317745517,5.458398877,5.83717814,6.054768889,5.693015926
yigP,3.552876099,3.78764548,3.341894942,3.453809343,3.929840144,3.796005249,3.30810401,3.947569154,3.739474064,3.280832743,4.214925963,3.933364168
yigZ,3.339999835,3.607987039,3.638865955,3.820892159,3.990050015,3.740895817,3.705671164,3.467600001,4.333566771,4.44768603,4.214925963,3.739595723
yihD,6.271382425,5.802499313,5.606364341,5.805286703,6.286447016,5.58938791,5.750823195,5.055047761,4.691039172,6.104253232,5.67467511,4.936879918
yihE,6.217868972,6.169181699,5.37567881,6.308045854,5.914502777,6.46376669,4.721920155,4.758341529,4.753008141,5.38620321,5.390780372,4.636565409
yihF,0.658708418,0.490617291,1.239066079,1.789321157,1.266618037,1.815946525,1.481501414,0.57980147,0.950201861,1.662278962,0.955758142,0.804561649
yihG,1.005901477,1.469254964,2.069687809,2.693353613,2.510943329,3.70019875,2.133511042,1.593346297,1.335513986,1.142112545,1.887696574,1.458599818
yihI,2.946518091,3.446128737,3.884904066,3.820892159,3.963600318,3.561648355,3.90787948,3.559550295,3.314863079,4.062071252,3.807869657,3.739595723
yihL,4.305921278,4.650872841,5.045857234,5.067673712,2.110500387,2.391947558,4.587127522,3.727500311,3.230082065,4.101715412,2.948738551,3.250214154
yihM,3.601511777,2.030199546,3.145844317,2.138078784,1.68735496,1.752629909,2.577489015,1.402984775,2.577877013,2.790871234,0.955758142,2.501831767
yihN,1.005901477,0.490617291,1.656951679,0.124258233,0.648269063,1.719858046,0.983904798,0.10884003,0.396002577,0.778581957,0.955758142,1.458599818
yihO,0.169307087,-1.14456266,0.328725926,-0.233394293,-0.340399338,-0.563826259,-1.14456266,-1.14456266,-1.14456266,-1.14456266,-1.14456266,-1.14456266
yihP,0.169307087,-1.14456266,-1.14456266,-1.14456266,-0.340399338,-0.328638789,-1.14456266,-1.14456266,0.396002577,0.261889892,-1.14456266,-1.14456266
yihR,-1.14456266,-1.14456266,-0.081165644,-0.233394293,-0.165749464,0.121745392,-1.14456266,-1.14456266,-1.14456266,-1.14456266,-1.14456266,-1.14456266
yihS,1.50675362,1.069845507,1.977337143,1.07954682,1.473989129,1.543254621,2.577489015,1.760580758,3.043839098,3.135350084,2.717142687,2.728660382
yihT,0.658708418,1.069845507,0.328725926,0.780805482,0.215468341,0.121745392,0.154497435,0.57980147,0.396002577,1.42689579,1.341744444,1.898039616
yihU,0.169307087,-1.14456266,-1.14456266,-0.233394293,-0.57230235,-1.14456266,-1.14456266,-1.14456266,-1.14456266,-1.14456266,-1.14456266,-1.14456266
yihV,0.169307087,1.632120246,1.239066079,0.59996766,1.074094981,1.153242155,1.481501414,0.57980147,0.396002577,0.261889892,0.955758142,0.804561649
yihW,4.305921278,2.997317952,2.918707025,2.81356451,2.762833939,2.285171535,2.258187993,2.741810914,3.230082065,2.973436686,1.887696574,3.515622458
yihX,6.651786643,5.596403334,5.716274327,5.92968915,5.575850769,5.226847684,7.323165374,6.531211927,4.41250523,5.636005708,6.054768889,5.259434137
yiiE,0.169307087,0.04093922,-1.14456266,0.387042983,-0.57230235,-0.328638789,-1.14456266,-1.14456266,-1.14456266,-1.14456266,-1.14456266,-1.14456266
yiiF,0.658708418,-1.14456266,0.864408982,0.59996766,0.215468341,-0.005082435,0.154497435,0.915725688,1.335513986,0.778581957,-1.14456266,0.804561649
yiiG,0.169307087,-1.14456266,-0.081165644,-0.233394293,0.3162332,0.336426748,-1.14456266,0.57980147,-1.14456266,0.261889892,-1.14456266,-1.14456266
yiiL,1.279535868,0.813307996,0.328725926,0.124258233,0.104113823,-0.328638789,1.255666409,0.10884003,-1.14456266,0.778581957,1.341744444,2.231895253
yiiM,4.818666763,4.091098885,4.523854001,4.174064352,4.022443418,3.377652838,4.412072405,4.870163406,4.161399886,4.64835278,4.849904581,4.394793315
yiiQ,2.287124403,1.632120246,0.328725926,0.938810998,1.956213143,2.432507975,0.154497435,1.402984775,0.950201861,0.261889892,0.400375956,-1.14456266
yiiR,2.700105232,2.741607747,2.238018242,2.256535936,2.667342007,2.988451466,1.845238606,2.483565826,2.577877013,1.863384156,3.148053403,3.096523317
yiiS,3.694112533,2.244134095,2.238018242,1.528716401,3.151453425,2.328850255,3.125194645,3.263920196,2.089747114,2.581544051,2.948738551,1.898039616
yiiT,4.497821511,2.997317952,2.458083344,2.77460641,3.503619401,2.145424475,3.364239935,2.741810914,3.676850297,3.056677113,4.300956729,2.728660382
yiiU,6.89523879,6.0755466,6.735558637,6.744298667,6.673397434,6.063269674,6.684750219,6.363040655,6.209551319,6.643191549,6.489542291,6.348138801
yiiX,1.701594873,2.244134095,1.878486406,1.621147031,3.503619401,3.977209255,2.372776568,2.167844039,1.880704813,2.03916712,2.27917705,2.92436909
yijC,7.385882149,7.467126452,7.812630372,7.801096643,7.646389911,8.468792165,7.947282221,8.607876063,7.710434211,7.374943642,7.575805967,7.047670193
yijD,4.445549485,4.650872841,3.69729008,4.23252161,4.121462943,4.658951957,3.616100965,4.333193505,4.812423203,4.384819231,4.214925963,3.839737144
yijE,2.402133773,2.594274625,3.103203875,2.924453426,3.368889027,3.543352358,2.372776568,2.28107207,2.709352471,2.581544051,2.440603361,2.728660382
yijF,0.169307087,0.04093922,-1.14456266,-0.233394293,0.104113823,0.336426748,0.639427359,0.57980147,-1.14456266,-1.14456266,-1.14456266,-1.14456266
yijO,2.946518091,1.469254964,2.069687809,1.621147031,2.963602834,3.506047009,1.481501414,2.385922444,0.950201861,1.863384156,1.887696574,1.458599818
yijP,4.755670322,5.734103214,5.552058768,5.427937421,5.976948308,5.675794042,3.661582857,4.046155423,4.897193331,3.590767972,3.920915173,4.18247159
yis2,1.005901477,1.777799163,1.393037856,1.206669469,1.654006666,0.993108595,1.481501414,0.915725688,1.335513986,0.778581957,-1.14456266,1.898039616
yjaB,1.701594873,2.340080965,0.626040423,0.387042983,1.872213685,1.543254621,2.372776568,2.741810914,1.634841947,1.42689579,1.641516703,2.501831767
yjaG,4.391310335,4.723247491,4.676738632,4.78488886,5.305562927,5.431946812,3.90787948,4.306929861,4.523355236,4.776308408,3.865501508,4.256775916
yjaH,5.742485677,5.080875926,4.916716529,5.122779242,4.659280569,4.310175526,5.080809141,5.190460645,6.828763038,6.337840219,6.748635759,5.820918056
yjbA,2.607531025,1.909674822,1.656951679,1.789321157,4.139294623,3.448209222,2.577489015,2.574940804,1.880704813,2.790871234,2.948738551,1.458599818
yjbB,4.118279568,4.386892664,4.733624557,4.246772757,4.358099225,4.483150738,3.058650775,3.419321637,3.739474064,3.590767972,3.865501508,3.250214154
yjbC,2.402133773,3.163005359,2.58789945,2.993879944,3.264281934,3.178510131,1.996751073,1.909857469,2.271761073,2.336112447,1.887696574,1.458599818
yjbD,4.118279568,5.121608248,4.44086776,4.652032155,5.096434799,4.956935999,5.511315109,4.433708824,3.739474064,4.938280321,4.300956729,4.18247159
yjbF,-1.14456266,-1.14456266,-0.081165644,-1.14456266,-1.14456266,-1.14456266,-1.14456266,-1.14456266,-1.14456266,-1.14456266,-1.14456266,-1.14456266
yjbG,-1.14456266,-1.14456266,-1.14456266,-0.233394293,-0.340399338,-0.563826259,0.983904798,-1.14456266,-1.14456266,-1.14456266,-1.14456266,-1.14456266
yjbJ,4.151299554,4.00658169,3.638865955,3.876963743,3.956911296,3.606395467,6.03594981,4.957149614,4.691039172,5.38620321,5.539700958,5.745545316
yjbM,-1.14456266,0.04093922,0.328725926,0.780805482,-0.165749464,-0.151607991,0.154497435,0.57980147,0.396002577,-1.14456266,-1.14456266,-1.14456266
yjbN,3.822718504,3.529333577,4.11653034,4.575076579,4.574470194,5.347591456,3.830369867,3.981186599,3.857096996,3.645476578,4.025729113,3.389035879
yjbQ,2.700105232,3.311530153,3.341894942,3.060098585,4.003094926,2.784981838,4.118139092,3.877884375,3.799486457,3.891590314,3.051855849,4.256775916
yjbR,3.902486666,3.488332863,4.647431257,4.315988192,3.437831912,2.919055408,4.539242739,4.167913085,3.394918736,4.565747746,4.258583241,4.394793315
yjcB,0.658708418,2.244134095,1.772119263,2.256535936,4.347913115,4.138142393,3.125194645,1.402984775,0.950201861,2.03916712,1.341744444,-1.14456266
yjcD,4.014420386,5.606003759,4.647431257,5.099419926,4.432283457,4.827003085,2.915514321,3.687314521,4.48734413,2.03916712,1.887696574,3.515622458
yjcE,5.915735341,6.109689621,5.919909207,5.934096824,6.152467024,5.830713768,4.150381458,5.11680583,5.301384668,6.161611931,5.330716994,5.522871788
yjcF,-1.14456266,-1.14456266,-1.14456266,-1.14456266,-0.57230235,-1.14456266,-1.14456266,-1.14456266,-1.14456266,0.778581957,-1.14456266,0.804561649
yjcO,4.391310335,4.196588626,3.753434699,3.820892159,4.69988543,4.150272774,4.272586782,4.2801787,4.450410319,4.352326751,4.531955639,4.579816561
yjcP,0.169307087,-1.14456266,0.328725926,0.387042983,0.493994953,0.672123583,-1.14456266,0.57980147,0.396002577,1.142112545,0.400375956,-1.14456266
yjcQ,0.169307087,0.04093922,0.328725926,-0.233394293,0.90863663,0.874259721,-1.14456266,-1.14456266,0.396002577,0.778581957,0.955758142,0.804561649
yjcR,-1.14456266,-1.14456266,-1.14456266,-1.14456266,-1.14456266,-0.563826259,0.154497435,-1.14456266,-1.14456266,-1.14456266,-1.14456266,-1.14456266
yjcS,-1.14456266,0.04093922,-1.14456266,-1.14456266,-0.165749464,-0.151607991,0.154497435,0.915725688,-1.14456266,0.261889892,-1.14456266,-1.14456266
yjcZ,1.005901477,0.04093922,1.239066079,0.938810998,1.021243697,0.810426666,1.255666409,0.10884003,-1.14456266,0.778581957,0.400375956,-1.14456266
yjdA,1.50675362,1.632120246,1.06506632,1.528716401,2.314294782,2.095594769,0.639427359,1.181552541,-1.14456266,1.42689579,0.400375956,0.804561649
yjdC,5.49502639,4.951285027,4.774862943,4.630460784,5.701121348,4.871627621,4.743209479,4.77759114,3.912490909,4.416595346,4.458993237,3.739595723
yjdF,2.287124403,1.069845507,1.977337143,1.621147031,2.249568588,1.962721439,1.996751073,2.574940804,1.634841947,2.464111871,1.641516703,1.458599818
yjdI,-1.14456266,0.490617291,-0.081165644,0.124258233,0.648269063,-0.151607991,0.983904798,-1.14456266,0.396002577,-1.14456266,-1.14456266,-1.14456266
yjdK,0.169307087,-1.14456266,-1.14456266,-1.14456266,-1.14456266,-1.14456266,-1.14456266,-1.14456266,-1.14456266,-1.14456266,-1.14456266,-1.14456266
yjdL,1.005901477,0.490617291,1.531325051,0.938810998,1.266618037,0.516202858,0.639427359,0.915725688,0.950201861,1.142112545,0.955758142,-1.14456266
yjdP,3.090005404,2.030199546,3.833747712,3.403751415,1.719920157,2.371224964,3.125194645,3.317609911,3.470749835,2.464111871,2.717142687,2.231895253
yjeA,2.508531198,2.429952245,2.315226014,2.888436333,2.650787194,4.094863258,1.996751073,2.167844039,2.709352471,1.662278962,2.440603361,0.804561649
yjeB,3.86315489,4.318439392,3.807471401,4.329441129,3.548833523,4.769207369,4.330010862,4.138424687,3.470749835,4.25020836,3.478994982,3.515622458
yjeF,3.648556922,4.221796997,4.239507697,4.342769652,4.347913115,4.315570791,4.118139092,3.877884375,3.043839098,3.749023528,3.403127684,3.515622458
yjeH,3.090005404,4.196588626,4.028297391,4.597486218,4.412871317,5.246746003,3.748448948,3.559550295,2.577877013,3.590767972,1.641516703,4.021274137
yjeI,5.990583127,5.606003759,5.057043491,5.160889837,5.533801245,5.58269391,5.029750154,5.70447537,5.125165448,4.981402413,5.371035859,5.024529565
yjeJ,0.169307087,-1.14456266,-1.14456266,0.59996766,-0.021124796,0.596683146,0.639427359,0.57980147,-1.14456266,0.261889892,-1.14456266,0.804561649
yjeK,4.084485016,4.221796997,3.958384548,4.505678545,4.679725938,5.282987113,2.577489015,3.64597429,3.857096996,3.348396791,3.478994982,3.933364168
yjeM,0.658708418,0.04093922,0.328725926,0.59996766,0.718619532,0.810426666,0.154497435,0.57980147,0.396002577,-1.14456266,1.887696574,0.804561649
yjeP,4.755670322,5.094581589,5.225142684,5.262534534,5.138395516,5.18620803,4.438419863,4.833844504,4.977255686,4.800591248,4.123430944,4.021274137
yjeQ,5.388336631,5.506996864,4.87939229,5.434174771,5.305562927,5.875217316,4.301584813,4.973934478,5.028263183,4.776308408,4.495936007,4.890972848
yjeS,2.161956914,3.682562565,3.413390689,3.65972349,2.990117586,3.408316295,4.181918076,3.026504243,2.271761073,3.474683089,1.641516703,2.501831767
yjfC,1.279535868,1.469254964,5.751125573,5.255507037,0.408571111,0.672123583,7.213066535,6.746721849,4.161399886,6.133217645,5.952202704,3.839737144
yjfF,1.279535868,1.284323171,1.878486406,0.780805482,1.68735496,1.505047819,1.481501414,1.909857469,1.880704813,1.863384156,0.955758142,2.231895253
yjfH,5.080953227,5.224918129,4.33453446,5.290307036,5.164739553,6.304745804,4.21277922,4.333193505,4.11494029,4.700905348,3.619684692,3.839737144
yjfI,-1.14456266,-1.14456266,-1.14456266,-1.14456266,-0.340399338,0.336426748,-1.14456266,-1.14456266,-1.14456266,-1.14456266,-1.14456266,-1.14456266
yjfJ,0.169307087,0.04093922,-0.081165644,-1.14456266,-0.021124796,0.810426666,0.154497435,0.10884003,-1.14456266,-1.14456266,-1.14456266,-1.14456266
yjfK,-1.14456266,-1.14456266,-0.081165644,-1.14456266,-0.57230235,0.121745392,-1.14456266,-1.14456266,-1.14456266,-1.14456266,0.955758142,0.804561649
yjfL,-1.14456266,0.490617291,0.328725926,-0.233394293,-0.340399338,-0.563826259,-1.14456266,0.10884003,0.396002577,0.261889892,-1.14456266,0.804561649
yjfM,-1.14456266,0.04093922,0.328725926,0.780805482,-1.14456266,-0.005082435,-1.14456266,0.10884003,-1.14456266,-1.14456266,0.400375956,0.804561649
yjfN,5.482113828,4.792162222,5.133008133,4.469685116,3.447416429,2.61960048,8.281399494,7.383662503,5.362285377,6.708798756,7.65549077,6.430659334
yjfO,1.701594873,1.469254964,2.388448808,1.866355798,1.021243697,0.672123583,4.633472821,3.981186599,4.373576347,4.64835278,4.382139907,4.520742021
yjfP,2.161956914,2.514481243,2.156357825,2.008769244,2.565004304,1.990318907,2.577489015,2.574940804,2.829743201,2.885061637,2.585564792,2.728660382
yjfQ,1.50675362,1.909674822,2.315226014,2.417504478,2.510943329,2.193556411,3.188788908,2.741810914,2.433038119,2.885061637,2.27917705,2.728660382
yjfR,2.161956914,2.244134095,3.013921285,3.092095514,2.793297826,2.070004129,2.75646861,3.208145339,3.230082065,2.581544051,2.27917705,2.231895253
yjfY,2.161956914,1.284323171,0.328725926,0.387042983,0.573613538,0.429826472,1.255666409,0.915725688,2.271761073,0.778581957,1.641516703,1.458599818
yjgA,6.537865633,6.587800105,7.774179042,8.03860344,7.386520892,7.429901018,7.705774676,6.650835919,5.321971949,5.740096078,5.841781919,5.429629227
yjgB,1.872409522,1.777799163,1.393037856,1.939368689,1.872213685,1.340552926,2.838199673,2.891221262,2.271761073,2.336112447,3.238206047,2.728660382
yjgD,6.865718979,7.340588028,7.055741585,7.233425834,7.449176939,7.479387581,7.647705303,6.98887166,6.082599761,7.212546983,7.000688077,6.493437144
yjgF,5.886634934,5.261828004,5.393437374,5.010378652,6.101865228,5.378839916,5.063989539,4.615878846,5.215964741,5.67592496,6.452447828,5.610451078
yjgI,1.50675362,0.490617291,0.626040423,1.206669469,1.173835043,0.743193164,0.983904798,0.57980147,0.950201861,0.778581957,1.641516703,0.804561649
yjgJ,0.169307087,1.469254964,2.156357825,2.693353613,1.221030684,1.990318907,1.481501414,1.181552541,1.335513986,1.42689579,0.400375956,-1.14456266
yjgK,1.005901477,1.284323171,1.239066079,1.621147031,1.813276146,1.340552926,-1.14456266,-1.14456266,0.950201861,1.142112545,1.341744444,0.804561649
yjgM,2.161956914,2.997317952,2.868616656,3.060098585,2.990117586,3.166593538,3.249685166,2.891221262,3.139979739,2.581544051,2.585564792,2.92436909
yjgN,0.169307087,-1.14456266,-0.081165644,0.124258233,-1.14456266,0.23446579,-1.14456266,-1.14456266,-1.14456266,-1.14456266,-1.14456266,-1.14456266
yjgP,4.936959574,5.237326669,4.42368141,5.010378652,4.638541095,5.591612358,4.301584813,4.637112956,4.11494029,4.352326751,3.807869657,4.520742021
yjgQ,4.548264225,4.808888284,4.788351079,4.950712767,5.436256347,5.360694019,4.118139092,4.699000984,5.101543425,5.083882748,4.123430944,4.459142826
yjgR,4.084485016,3.402648158,3.481498342,3.548982175,3.618344088,3.740895817,3.86964614,3.981186599,3.611376894,3.698181102,3.551059262,3.839737144
yjgW,-1.14456266,0.490617291,-1.14456266,-0.233394293,-0.021124796,0.121745392,-1.14456266,0.10884003,-1.14456266,0.778581957,-1.14456266,-1.14456266
yjgZ,-1.14456266,-1.14456266,-1.14456266,0.124258233,-1.14456266,-0.563826259,-1.14456266,-1.14456266,0.396002577,-1.14456266,-1.14456266,-1.14456266
yjhA,-1.14456266,-1.14456266,-1.14456266,-0.233394293,-0.57230235,0.23446579,-1.14456266,0.57980147,-1.14456266,0.261889892,-1.14456266,-1.14456266
yjhB,0.169307087,0.813307996,0.864408982,0.59996766,0.573613538,0.516202858,1.675275111,0.10884003,1.335513986,0.778581957,1.341744444,0.804561649
yjhC,2.024617477,1.632120246,2.868616656,2.515506793,2.110500387,2.240104539,3.86964614,2.741810914,3.230082065,3.590767972,3.148053403,4.021274137
yjhP,2.402133773,1.284323171,1.656951679,1.866355798,1.5119274,1.101997975,2.478808946,0.915725688,1.634841947,3.645476578,2.440603361,3.096523317
yjhQ,2.508531198,0.04093922,0.328725926,0.59996766,1.39479921,0.516202858,2.133511042,2.28107207,2.089747114,2.336112447,2.837620345,3.515622458
yjhS,-1.14456266,-1.14456266,-0.081165644,-1.14456266,-0.340399338,-0.563826259,-1.14456266,-1.14456266,-1.14456266,0.261889892,0.400375956,-1.14456266
yjhT,0.658708418,0.490617291,0.626040423,0.124258233,0.785190935,0.743193164,1.845238606,0.57980147,0.396002577,1.662278962,1.341744444,-1.14456266
yjiA,4.755670322,4.473382622,3.884904066,4.407623815,5.270951543,5.141356026,3.86964614,4.306929861,3.611376894,6.243588001,5.856055678,5.066434401
yjiC,-1.14456266,-1.14456266,-0.081165644,-0.233394293,0.215468341,0.23446579,0.983904798,0.10884003,-1.14456266,0.261889892,-1.14456266,-1.14456266
yjiE,2.508531198,2.340080965,2.918707025,2.734557267,2.617090305,3.202050598,2.372776568,2.483565826,3.314863079,2.464111871,2.585564792,2.728660382
yjiG,1.005901477,2.030199546,-0.081165644,1.07954682,1.266618037,1.340552926,0.639427359,0.915725688,1.880704813,0.778581957,0.400375956,-1.14456266
yjiH,0.169307087,-1.14456266,-1.14456266,-1.14456266,-0.340399338,-0.151607991,-1.14456266,-1.14456266,-1.14456266,-1.14456266,-1.14456266,-1.14456266
yjiJ,1.005901477,1.069845507,-0.081165644,0.938810998,0.493994953,0.874259721,0.154497435,0.915725688,1.335513986,1.142112545,0.955758142,0.804561649
yjiK,0.169307087,0.813307996,1.06506632,0.387042983,0.648269063,1.505047819,0.154497435,0.57980147,-1.14456266,1.142112545,-1.14456266,1.458599818
yjiL,2.024617477,0.490617291,0.626040423,0.780805482,0.573613538,0.121745392,0.639427359,-1.14456266,1.335513986,1.662278962,0.955758142,0.804561649
yjiM,3.281461771,0.490617291,1.06506632,1.322734996,1.619835106,0.935052876,0.983904798,1.760580758,1.634841947,1.863384156,2.27917705,2.231895253
yjiN,1.701594873,2.141213121,2.238018242,2.008769244,2.529192451,2.120729452,3.125194645,3.64597429,5.215964741,6.216776925,6.229393975,6.881583466
yjiO,1.50675362,1.069845507,1.06506632,1.528716401,1.928768743,1.815946525,1.996751073,1.760580758,0.950201861,1.42689579,2.585564792,2.728660382
yjiPQ,2.287124403,1.777799163,1.772119263,2.074906101,2.35586119,2.193556411,1.845238606,2.044750511,2.577877013,2.464111871,0.955758142,1.898039616
yjiW,1.005901477,1.069845507,1.772119263,1.621147031,1.473989129,2.095594769,1.845238606,1.181552541,1.335513986,2.464111871,0.955758142,2.728660382
yjiX,2.024617477,1.632120246,1.06506632,1.789321157,3.220208653,2.753401269,2.372776568,2.385922444,2.089747114,3.798131235,3.148053403,4.256775916
yjiY,9.083592586,7.595552779,7.846864957,6.925658671,8.902933146,7.910676493,8.105621095,9.030123653,8.669670203,10.39272035,10.89546422,10.80389833
yjiZ,1.005901477,0.490617291,1.239066079,1.621147031,1.124904303,1.84655887,1.675275111,2.574940804,2.089747114,1.662278962,2.096977156,-1.14456266
yjjA,3.396246232,2.875164209,3.78070658,3.762548024,3.512776654,3.552529446,2.988868548,1.760580758,1.880704813,3.135350084,2.27917705,2.501831767
yjjB,0.169307087,-1.14456266,0.328725926,-1.14456266,0.408571111,-0.005082435,-1.14456266,0.10884003,-1.14456266,-1.14456266,-1.14456266,0.804561649
yjjG,2.508531198,2.594274625,2.156357825,2.417504478,3.475792491,3.841618899,1.481501414,2.28107207,2.089747114,2.581544051,1.887696574,1.458599818
yjjK,6.562607989,6.761064987,6.696755571,7.220854593,6.720522595,6.500926396,4.940416807,5.763583037,6.274360293,5.47938783,5.92537976,5.610451078
yjjN,0.169307087,1.069845507,0.864408982,0.124258233,-0.021124796,-0.005082435,0.639427359,0.10884003,0.950201861,0.261889892,0.955758142,-1.14456266
yjjP,1.50675362,0.04093922,0.626040423,0.59996766,1.68735496,1.505047819,1.845238606,1.402984775,1.880704813,0.778581957,0.955758142,0.804561649
yjjQ,-1.14456266,-1.14456266,-1.14456266,-0.233394293,-1.14456266,-0.563826259,0.154497435,-1.14456266,-1.14456266,-1.14456266,-1.14456266,-1.14456266
yjjU,4.183579732,3.977270191,2.156357825,3.060098585,2.852345945,3.506047009,2.577489015,3.687314521,2.433038119,2.581544051,3.807869657,2.728660382
yjjV,3.822718504,3.402648158,2.238018242,2.312245118,2.009543656,3.054642247,2.258187993,2.81846539,2.709352471,2.464111871,2.096977156,2.231895253
yjjW,-1.14456266,1.284323171,0.328725926,0.59996766,1.173835043,0.874259721,0.154497435,0.10884003,1.335513986,0.778581957,0.955758142,-1.14456266
yjjX,2.287124403,2.809943836,3.013921285,2.734557267,3.503619401,3.178510131,2.372776568,2.81846539,2.433038119,2.03916712,2.837620345,3.515622458
yjjY,-1.14456266,0.813307996,-1.14456266,0.124258233,-0.165749464,0.121745392,-1.14456266,0.10884003,0.396002577,-1.14456266,-1.14456266,1.458599818
yjjZ,0.169307087,1.284323171,2.156357825,2.256535936,0.966163097,0.874259721,0.983904798,1.402984775,0.396002577,0.778581957,1.341744444,1.898039616
ykfE,4.118279568,3.263708482,3.103203875,3.027371501,3.186242616,2.961095005,2.915514321,2.81846539,3.043839098,2.885061637,3.403127684,3.250214154
ykfJ,-1.14456266,0.04093922,-0.081165644,-1.14456266,-0.340399338,-0.151607991,0.983904798,-1.14456266,-1.14456266,-1.14456266,-1.14456266,-1.14456266
ykgA,0.658708418,2.030199546,1.239066079,1.07954682,2.376196883,2.017385007,2.372776568,1.760580758,1.880704813,2.336112447,0.955758142,2.501831767
ykgC,-1.14456266,0.04093922,1.239066079,0.387042983,0.90863663,-0.151607991,0.639427359,0.10884003,1.634841947,0.778581957,1.887696574,-1.14456266
ykgD,0.658708418,0.04093922,-1.14456266,-1.14456266,0.104113823,-0.005082435,-1.14456266,-1.14456266,0.950201861,-1.14456266,-1.14456266,-1.14456266
ykgE,1.701594873,1.069845507,1.06506632,1.206669469,1.548844669,0.935052876,0.154497435,1.760580758,0.396002577,2.464111871,2.096977156,1.898039616
ykgF,2.402133773,2.030199546,1.772119263,2.008769244,1.68735496,2.017385007,2.133511042,1.760580758,2.940786701,2.581544051,3.051855849,2.501831767
ykgG,1.50675362,1.069845507,1.239066079,1.206669469,0.848411752,1.38357723,1.675275111,0.57980147,1.335513986,1.42689579,2.440603361,1.458599818
ykgH,-1.14456266,-1.14456266,-0.081165644,-1.14456266,0.104113823,0.429826472,0.154497435,-1.14456266,0.396002577,-1.14456266,-1.14456266,-1.14456266
ykgJ,0.658708418,2.340080965,2.156357825,2.693353613,2.134649391,2.637027325,2.478808946,2.167844039,0.396002577,2.336112447,1.341744444,-1.14456266
ykgK,-1.14456266,-1.14456266,1.239066079,-0.233394293,0.966163097,2.217021787,0.983904798,0.915725688,1.880704813,-1.14456266,1.641516703,0.804561649
ykgL,0.658708418,0.04093922,0.864408982,0.780805482,0.493994953,1.202582163,0.639427359,0.10884003,0.396002577,1.662278962,0.400375956,-1.14456266
ykgN,-1.14456266,-1.14456266,-1.14456266,-0.233394293,-0.57230235,-1.14456266,-1.14456266,-1.14456266,-1.14456266,-1.14456266,-1.14456266,-1.14456266
ykiA,0.658708418,0.813307996,1.531325051,1.206669469,1.900776578,1.543254621,-1.14456266,1.593346297,1.880704813,0.261889892,0.400375956,-1.14456266
ylaB,2.287124403,3.163005359,2.524469212,3.184015617,2.963602834,3.202050598,2.577489015,1.760580758,3.139979739,2.973436686,2.096977156,3.250214154
ylaC,1.701594873,2.937542598,2.524469212,2.417504478,2.808289868,3.716615922,2.133511042,1.181552541,2.433038119,2.336112447,1.887696574,1.898039616
ylbA,1.50675362,0.490617291,1.239066079,1.206669469,1.813276146,1.61662547,0.639427359,0.915725688,1.880704813,0.778581957,2.837620345,-1.14456266
ylbE,-1.14456266,-1.14456266,-0.081165644,0.780805482,0.493994953,-0.328638789,-1.14456266,-1.14456266,-1.14456266,0.261889892,0.955758142,-1.14456266
ylbF,-1.14456266,-1.14456266,-1.14456266,0.124258233,-0.021124796,0.121745392,-1.14456266,0.10884003,0.396002577,-1.14456266,0.400375956,-1.14456266
ylbG,1.50675362,1.777799163,1.772119263,1.429612449,2.435514444,1.905843576,1.996751073,0.57980147,2.089747114,1.142112545,1.641516703,1.458599818
ylcC,7.524568141,6.563370867,4.523854001,6.450226949,4.383253935,5.030935758,4.272586782,4.457779381,5.07752804,5.992778751,2.27917705,1.898039616
ylcG,-1.14456266,-1.14456266,-1.14456266,-1.14456266,-0.57230235,-0.563826259,-1.14456266,-1.14456266,-1.14456266,-1.14456266,-1.14456266,-1.14456266
yleA,5.953644624,5.400689989,5.339491965,5.620736573,6.058817717,6.11212068,4.181918076,4.384327196,5.19379519,4.847963526,4.905871111,4.636565409
yliA,5.687301396,5.309616286,5.24484162,4.745298086,6.222405829,4.557885189,4.016842324,4.815336156,4.29241472,4.319084827,4.025729113,4.256775916
yliB,6.308426327,5.698649292,5.629026536,5.099419926,6.341364914,4.713091073,5.697299413,5.287639846,4.897193331,5.25178206,5.086236747,4.743771959
yliC,3.978067213,2.244134095,3.103203875,2.77460641,3.079237974,2.90476351,0.983904798,2.741810914,2.089747114,3.348396791,2.585564792,2.501831767
yliD,3.156702039,2.809943836,2.156357825,2.562090015,2.035469178,3.054642247,1.481501414,1.760580758,1.335513986,2.336112447,2.440603361,1.458599818
yliF,-1.14456266,0.490617291,0.328725926,0.938810998,0.408571111,0.874259721,0.639427359,0.10884003,1.335513986,1.42689579,-1.14456266,-1.14456266
yliI,1.279535868,1.069845507,1.393037856,1.322734996,1.074094981,0.993108595,0.983904798,2.044750511,0.950201861,-1.14456266,-1.14456266,1.458599818
yliJ,6.315722312,5.273924334,4.297272236,4.14392163,5.795924492,5.101323023,5.063989539,5.260536017,4.812423203,4.140297819,5.625527902,4.18247159
ymbA,3.020056016,3.645757877,3.378087341,2.993879944,3.264281934,2.974838507,3.125194645,3.150115972,3.394918736,3.348396791,2.948738551,2.92436909
ymcA,-1.14456266,-1.14456266,0.328725926,0.124258233,0.3162332,0.23446579,-1.14456266,0.57980147,-1.14456266,1.142112545,0.955758142,-1.14456266
ymcB,-1.14456266,-1.14456266,-1.14456266,-1.14456266,-0.57230235,-0.563826259,-1.14456266,-1.14456266,-1.14456266,-1.14456266,-1.14456266,-1.14456266
ymcC,-1.14456266,-1.14456266,-1.14456266,-1.14456266,-1.14456266,-0.328638789,-1.14456266,-1.14456266,-1.14456266,-1.14456266,-1.14456266,-1.14456266
ymdA,3.822718504,4.063473801,3.341894942,4.159071813,4.285236677,4.907788022,4.181918076,3.727500311,4.523355236,4.101715412,2.440603361,3.389035879
ymdB,2.607531025,2.937542598,2.156357825,2.693353613,3.338298716,3.496567487,3.30810401,2.741810914,4.01726939,3.280832743,2.837620345,2.501831767
ymdC,2.946518091,4.035308594,3.577968833,4.2035894,3.867002769,4.180159312,3.661582857,3.687314521,4.558488654,4.319084827,3.478994982,2.501831767
ymdF,1.005901477,0.04093922,-1.14456266,0.124258233,-0.165749464,-0.563826259,-1.14456266,-1.14456266,0.950201861,-1.14456266,0.400375956,-1.14456266
ymfA,-1.14456266,-1.14456266,0.328725926,-0.233394293,-0.021124796,0.23446579,-1.14456266,-1.14456266,-1.14456266,-1.14456266,-1.14456266,-1.14456266
ymfB,1.005901477,1.469254964,0.626040423,1.322734996,1.124904303,1.61662547,0.154497435,0.57980147,0.950201861,1.142112545,0.955758142,1.458599818
ymfC,1.005901477,1.777799163,2.524469212,2.77460641,2.59993874,3.105479645,1.481501414,1.760580758,2.089747114,2.195417295,-1.14456266,-1.14456266
ymgB,-1.14456266,-1.14456266,-1.14456266,-1.14456266,0.215468341,-1.14456266,-1.14456266,-1.14456266,-1.14456266,-1.14456266,-1.14456266,-1.14456266
ymgC,0.658708418,-1.14456266,-1.14456266,-1.14456266,0.718619532,-1.14456266,0.639427359,0.10884003,-1.14456266,-1.14456266,-1.14456266,-1.14456266
ymgD,-1.14456266,-1.14456266,-0.081165644,-1.14456266,-0.57230235,-0.563826259,-1.14456266,-1.14456266,-1.14456266,0.261889892,-1.14456266,-1.14456266
ymjA,1.005901477,1.632120246,1.531325051,1.429612449,1.473989129,1.784647728,1.845238606,1.593346297,1.880704813,1.142112545,1.341744444,2.728660382
ynaE,-1.14456266,-1.14456266,0.328725926,0.59996766,0.90863663,1.934570751,2.372776568,-1.14456266,0.396002577,0.261889892,-1.14456266,0.804561649
ynaF,4.471922423,3.163005359,2.238018242,2.607199367,2.529192451,0.993108595,4.84518182,3.877884375,4.626286693,4.140297819,6.173501826,5.745545316
ynaJ,4.118279568,3.853667527,3.608739568,3.930933505,4.646872719,4.663189448,4.181918076,4.196810065,4.722356551,4.938280321,3.807869657,5.066434401
ynaK,-1.14456266,-1.14456266,-1.14456266,0.387042983,-0.165749464,-0.151607991,-1.14456266,-1.14456266,-1.14456266,-1.14456266,-1.14456266,0.804561649
ynbA,-1.14456266,-1.14456266,-1.14456266,-0.233394293,-0.340399338,-0.563826259,-1.14456266,-1.14456266,-1.14456266,-1.14456266,-1.14456266,-1.14456266
ynbC,1.279535868,1.284323171,1.656951679,1.866355798,0.785190935,1.38357723,0.154497435,0.10884003,0.396002577,1.142112545,1.887696574,2.231895253
ynbD,1.005901477,1.632120246,1.772119263,2.074906101,2.009543656,2.784981838,2.988868548,1.593346297,1.880704813,1.662278962,1.887696574,1.458599818
ynbE,0.658708418,1.469254964,1.977337143,1.789321157,1.619835106,2.145424475,1.481501414,1.402984775,1.335513986,0.778581957,0.400375956,1.458599818
yncA,3.22043646,3.163005359,3.481498342,3.638246641,4.263723805,3.740895817,3.418265311,3.727500311,3.314863079,3.135350084,2.585564792,2.92436909
yncB,4.049878631,3.569197809,3.608739568,3.351887143,3.103715873,3.292533245,4.610486392,4.384327196,3.676850297,4.593811949,4.933060362,4.256775916
yncC,0.169307087,0.490617291,-1.14456266,0.387042983,1.173835043,0.993108595,0.639427359,0.915725688,0.396002577,1.42689579,0.400375956,-1.14456266
yncD,3.156702039,4.27092816,4.42368141,4.888471258,4.133375217,5.08246466,2.258187993,2.81846539,3.394918736,3.135350084,2.27917705,2.92436909
yncE,4.992655501,5.411680257,5.235025783,5.153347858,5.567099533,4.138142393,3.705671164,4.333193505,5.053105965,3.845618938,3.920915173,4.459142826
yncG,0.169307087,0.04093922,-1.14456266,0.387042983,0.408571111,0.429826472,0.639427359,-1.14456266,0.396002577,0.778581957,0.955758142,1.458599818
yncH,-1.14456266,-1.14456266,-1.14456266,-1.14456266,-1.14456266,-1.14456266,-1.14456266,-1.14456266,-1.14456266,-1.14456266,-1.14456266,0.804561649
yncJ,8.424783543,8.800916417,10.02844893,9.89465121,8.594445121,8.115067815,10.29411275,10.03338572,8.83812335,9.038707344,8.417400193,8.911135335
yneA,0.169307087,-1.14456266,-0.081165644,0.124258233,0.104113823,-0.328638789,-1.14456266,-1.14456266,1.335513986,0.261889892,-1.14456266,-1.14456266
yneC,-1.14456266,-1.14456266,-1.14456266,-1.14456266,-0.340399338,-0.563826259,-1.14456266,-1.14456266,-1.14456266,1.142112545,-1.14456266,-1.14456266
yneF,-1.14456266,2.340080965,1.239066079,2.198546665,2.060925945,2.566005331,0.639427359,2.044750511,0.950201861,0.778581957,2.096977156,-1.14456266
yneH,2.700105232,3.263708482,2.156357825,2.77460641,3.041719637,3.632590573,2.258187993,1.181552541,1.335513986,2.581544051,2.585564792,4.520742021
yneI,5.302798607,3.718449416,3.481498342,4.218128117,3.60983673,3.811370931,3.705671164,2.891221262,3.912490909,4.981402413,5.310126879,7.604680827
ynfA,1.50675362,1.632120246,1.393037856,2.256535936,2.27147395,2.193556411,1.255666409,1.593346297,0.950201861,1.662278962,1.887696574,0.804561649
ynfB,3.020056016,2.809943836,3.266654798,3.378053213,4.054124344,3.467748119,3.789992042,3.467600001,3.542781318,3.056677113,2.096977156,2.501831767
ynfC,1.005901477,2.741607747,1.656951679,2.36584946,3.197654146,3.202050598,2.133511042,2.167844039,2.829743201,2.195417295,1.887696574,1.898039616
ynfD,1.005901477,2.429952245,0.328725926,1.206669469,0.573613538,0.874259721,1.481501414,2.483565826,0.950201861,1.863384156,1.887696574,1.458599818
ynfE,0.169307087,0.813307996,1.239066079,1.206669469,0.785190935,0.993108595,0.639427359,0.57980147,0.396002577,0.778581957,0.955758142,0.804561649
ynfF,2.287124403,1.469254964,1.239066079,2.198546665,1.751739463,2.193556411,1.675275111,1.181552541,0.950201861,2.336112447,1.341744444,-1.14456266
ynfH,4.734044673,5.537418941,7.654107459,8.34533908,5.625165356,5.692471083,7.340725164,6.671558845,4.924377676,6.682912797,5.351017305,4.18247159
ynfI,2.161956914,3.263708482,2.648628761,3.184015617,3.02899219,3.487025063,3.058650775,3.089641103,2.577877013,3.280832743,1.887696574,1.898039616
ynfJ,0.169307087,0.813307996,0.328725926,1.206669469,0.718619532,1.465745832,0.639427359,1.402984775,1.335513986,-1.14456266,1.341744444,-1.14456266
ynfK,3.020056016,3.214239589,3.059257218,2.36584946,3.60983673,2.350195651,3.249685166,2.960458629,2.433038119,2.336112447,2.717142687,3.096523317
ynfL,1.50675362,1.777799163,1.977337143,1.707779131,1.074094981,1.505047819,0.154497435,2.167844039,1.634841947,1.42689579,0.955758142,0.804561649
ynfM,2.402133773,4.170931385,4.80171421,4.128610446,6.388071343,4.16230188,1.675275111,2.741810914,2.433038119,2.885061637,-1.14456266,2.501831767
ynfN,-1.14456266,0.04093922,0.328725926,1.206669469,-0.021124796,1.543254621,2.133511042,0.10884003,-1.14456266,0.778581957,0.400375956,-1.14456266
ynhG,2.402133773,2.875164209,2.58789945,2.607199367,2.454749665,2.547683181,4.921866334,3.026504243,2.433038119,3.590767972,4.382139907,4.021274137
yniA,5.02862589,4.386892664,4.316023771,3.858514772,3.732449625,3.248004389,5.297749802,4.758341529,5.002984938,5.566915939,5.978535987,6.004550859
yniB,3.738270261,4.889726544,4.523854001,4.704589469,4.869659278,5.129156112,5.421743902,5.428238024,4.250052949,4.101715412,4.16990457,4.579816561
yniC,2.700105232,2.809943836,2.388448808,2.924453426,3.755766735,3.632590573,2.988868548,3.208145339,2.577877013,2.581544051,2.096977156,2.231895253
ynjA,1.872409522,1.469254964,-0.081165644,1.429612449,1.548844669,1.296115878,0.983904798,0.57980147,1.880704813,0.261889892,0.400375956,0.804561649
ynjB,2.287124403,1.469254964,1.656951679,2.256535936,2.762833939,2.145424475,2.133511042,1.760580758,1.634841947,1.662278962,0.400375956,2.231895253
ynjC,1.50675362,1.909674822,0.864408982,1.707779131,2.134649391,1.651898241,0.639427359,0.915725688,2.271761073,1.42689579,0.955758142,-1.14456266
ynjD,1.701594873,1.909674822,1.531325051,1.789321157,1.619835106,1.84655887,0.983904798,0.10884003,-1.14456266,1.662278962,-1.14456266,0.804561649
ynjE,2.946518091,3.357811199,2.524469212,3.242180345,3.016150758,2.217021787,2.478808946,2.483565826,2.940786701,2.973436686,2.096977156,1.898039616
ynjF,2.402133773,3.163005359,2.816710004,2.467348851,2.650787194,2.584095042,2.75646861,2.891221262,2.940786701,2.885061637,2.585564792,3.096523317
ynjH,0.169307087,0.813307996,0.626040423,0.59996766,1.173835043,0.23446579,2.258187993,1.909857469,0.950201861,1.142112545,0.955758142,0.804561649
yoaA,4.471922423,5.067038761,4.841076244,5.506992,5.132475356,5.321023749,4.805254016,4.678665387,4.691039172,4.593811949,4.300956729,4.394793315
yoaB,3.902486666,3.916794537,2.706879979,3.548982175,4.085123505,4.209438531,3.249685166,3.369365381,3.230082065,2.973436686,3.478994982,2.728660382
yoaC,3.281461771,3.054700123,2.238018242,3.298080719,3.348568009,3.225211313,3.188788908,2.660811997,2.433038119,3.056677113,2.096977156,1.458599818
yoaD,1.005901477,0.813307996,1.393037856,1.322734996,1.310709818,1.101997975,1.481501414,2.044750511,-1.14456266,1.142112545,1.341744444,-1.14456266
yoaE,3.738270261,3.402648158,3.187254339,3.638246641,3.079237974,3.408316295,1.845238606,2.385922444,3.611376894,3.348396791,3.403127684,2.501831767
yoaF,2.161956914,2.244134095,2.069687809,2.312245118,2.293045961,1.84655887,1.996751073,1.909857469,1.335513986,2.03916712,2.440603361,2.92436909
yoaG,-1.14456266,-1.14456266,-1.14456266,-1.14456266,-1.14456266,-0.563826259,-1.14456266,0.10884003,-1.14456266,-1.14456266,-1.14456266,1.458599818
yoaH,2.402133773,2.514481243,3.266654798,3.403751415,3.296471463,3.942746755,3.125194645,3.317609911,0.950201861,2.973436686,1.641516703,0.804561649
yobA,4.084485016,4.705491563,4.719612099,4.394884337,5.273643646,5.404372908,4.438419863,3.913148221,4.626286693,4.101715412,4.123430944,4.327436117
yobB,1.872409522,1.284323171,0.626040423,0.938810998,0.966163097,1.934570751,0.154497435,0.915725688,-1.14456266,1.42689579,-1.14456266,0.804561649
yobD,3.281461771,2.66984026,3.341894942,3.270402455,3.902250361,3.6919194,2.372776568,2.28107207,2.577877013,2.885061637,2.096977156,2.231895253
yobF,7.124402961,6.979899341,6.780110506,7.120008724,7.466337896,6.944633137,6.90376219,7.312877853,7.87966808,7.180530434,7.435532634,7.700923152
yobG,1.50675362,2.875164209,3.447847771,2.888436333,2.510943329,3.675216422,3.661582857,3.877884375,2.940786701,3.280832743,1.641516703,2.728660382
yodA,1.279535868,1.069845507,0.626040423,0.938810998,1.173835043,3.780473794,-1.14456266,1.181552541,1.335513986,2.790871234,1.641516703,2.728660382
yodB,0.169307087,-1.14456266,-1.14456266,-0.233394293,-0.57230235,0.516202858,-1.14456266,0.915725688,-1.14456266,0.261889892,-1.14456266,-1.14456266
yoeD,-1.14456266,0.04093922,0.328725926,0.124258233,0.493994953,-0.151607991,0.639427359,0.10884003,-1.14456266,1.142112545,-1.14456266,-1.14456266
yohC,3.020056016,1.777799163,2.388448808,2.074906101,1.928768743,2.043940294,4.385234356,4.046155423,2.577877013,3.533896365,4.421078721,3.933364168
yohD,1.872409522,2.244134095,2.762849217,2.008769244,2.314294782,2.017385007,0.154497435,2.483565826,2.433038119,2.195417295,-1.14456266,1.458599818
yohF,1.005901477,0.490617291,1.531325051,1.206669469,0.104113823,0.121745392,3.125194645,2.660811997,-1.14456266,1.42689579,2.096977156,0.804561649
yohGH,-1.14456266,-1.14456266,-0.081165644,-1.14456266,0.104113823,-0.563826259,0.154497435,0.915725688,-1.14456266,0.778581957,-1.14456266,-1.14456266
yohI,2.024617477,2.141213121,1.531325051,2.36584946,2.009543656,2.688066835,1.481501414,0.57980147,1.335513986,0.778581957,0.955758142,-1.14456266
yohJ,0.169307087,1.469254964,0.328725926,1.528716401,4.50741884,3.942746755,1.481501414,0.57980147,-1.14456266,1.42689579,0.400375956,1.458599818
yohK,2.287124403,2.429952245,2.524469212,3.453809343,4.625952682,2.307178975,1.996751073,1.593346297,1.335513986,2.195417295,0.955758142,3.250214154
yojI,2.287124403,3.109874429,2.816710004,2.417504478,2.793297826,3.105479645,0.639427359,1.909857469,2.089747114,0.778581957,1.887696574,1.898039616
YP_003043441.1,-1.14456266,-1.14456266,-1.14456266,0.124258233,-0.340399338,-0.328638789,-1.14456266,-1.14456266,-1.14456266,-1.14456266,-1.14456266,0.804561649
YP_003043603.1,1.50675362,2.244134095,1.977337143,1.621147031,2.473728372,2.654243989,1.255666409,1.909857469,2.089747114,2.690038402,0.400375956,0.804561649
YP_003043604.1,2.287124403,2.66984026,2.238018242,2.693353613,1.956213143,2.471943915,2.133511042,1.909857469,1.634841947,1.863384156,0.400375956,2.231895253
YP_003043713.1,-1.14456266,-1.14456266,-0.081165644,-1.14456266,-0.57230235,-0.563826259,-1.14456266,0.10884003,0.396002577,-1.14456266,0.400375956,-1.14456266
YP_003043715.1,-1.14456266,-1.14456266,-0.081165644,0.387042983,-1.14456266,-1.14456266,-1.14456266,-1.14456266,-1.14456266,0.261889892,-1.14456266,-1.14456266
YP_003043716.1,-1.14456266,-1.14456266,-0.081165644,-0.233394293,-1.14456266,-0.563826259,-1.14456266,-1.14456266,0.950201861,-1.14456266,-1.14456266,-1.14456266
YP_003043734.1,-1.14456266,-1.14456266,-1.14456266,-0.233394293,-0.021124796,-1.14456266,-1.14456266,-1.14456266,-1.14456266,-1.14456266,-1.14456266,-1.14456266
YP_003043736.1,2.607531025,2.741607747,3.103203875,2.924453426,3.163143758,2.654243989,2.577489015,2.28107207,2.577877013,2.336112447,2.440603361,1.898039616
YP_003043737.1,0.658708418,1.469254964,1.531325051,1.528716401,1.584796819,1.784647728,0.154497435,2.385922444,0.950201861,2.195417295,1.341744444,0.804561649
YP_003043738.1,0.169307087,-1.14456266,-1.14456266,0.938810998,0.104113823,0.935052876,0.154497435,0.915725688,-1.14456266,-1.14456266,-1.14456266,-1.14456266
YP_003043739.1,1.279535868,0.490617291,-0.081165644,1.528716401,1.221030684,1.686294403,-1.14456266,0.915725688,1.634841947,0.261889892,0.955758142,-1.14456266
YP_003043750.1,-1.14456266,-1.14456266,-1.14456266,-0.233394293,-1.14456266,-1.14456266,-1.14456266,-1.14456266,-1.14456266,-1.14456266,-1.14456266,-1.14456266
YP_003043751.1,0.658708418,-1.14456266,0.328725926,-1.14456266,-1.14456266,-0.563826259,-1.14456266,0.10884003,-1.14456266,0.261889892,-1.14456266,-1.14456266
YP_003043752.1,-1.14456266,-1.14456266,-1.14456266,-1.14456266,0.215468341,-1.14456266,-1.14456266,-1.14456266,-1.14456266,0.778581957,-1.14456266,0.804561649
YP_003043753.1,-1.14456266,-1.14456266,-1.14456266,0.387042983,-0.57230235,0.121745392,-1.14456266,-1.14456266,-1.14456266,0.261889892,-1.14456266,-1.14456266
YP_003043843.1,0.169307087,1.909674822,2.458083344,2.256535936,1.956213143,2.285171535,2.133511042,1.909857469,0.950201861,1.142112545,1.641516703,0.804561649
YP_003043869.1,-1.14456266,-1.14456266,-1.14456266,-1.14456266,-1.14456266,-1.14456266,-1.14456266,-1.14456266,-1.14456266,-1.14456266,0.400375956,-1.14456266
YP_003043881.1,-1.14456266,-1.14456266,-0.081165644,0.938810998,0.648269063,-0.151607991,-1.14456266,0.57980147,-1.14456266,-1.14456266,-1.14456266,-1.14456266
YP_003043883.1,0.169307087,-1.14456266,-1.14456266,-1.14456266,-0.57230235,-0.151607991,-1.14456266,-1.14456266,-1.14456266,-1.14456266,-1.14456266,-1.14456266
YP_003043944.1,2.024617477,1.632120246,2.069687809,2.36584946,2.376196883,2.846125329,1.481501414,1.593346297,2.089747114,1.42689579,0.955758142,1.898039616
YP_003043948.1,-1.14456266,-1.14456266,0.328725926,-0.233394293,-0.340399338,0.429826472,1.481501414,-1.14456266,-1.14456266,-1.14456266,0.400375956,-1.14456266
YP_003043949.1,-1.14456266,-1.14456266,-1.14456266,-0.233394293,-0.021124796,-0.328638789,0.154497435,-1.14456266,-1.14456266,-1.14456266,-1.14456266,-1.14456266
YP_003043950.1,-1.14456266,-1.14456266,-0.081165644,-0.233394293,-0.165749464,-0.005082435,0.154497435,-1.14456266,0.396002577,0.261889892,-1.14456266,-1.14456266
YP_003043951.1,0.169307087,0.490617291,1.239066079,1.206669469,1.074094981,1.153242155,0.639427359,-1.14456266,0.396002577,1.42689579,0.955758142,-1.14456266
YP_003043952.1,1.872409522,1.069845507,1.239066079,1.07954682,1.124904303,1.465745832,1.255666409,0.915725688,1.634841947,1.863384156,0.955758142,-1.14456266
YP_003043953.1,-1.14456266,0.04093922,0.328725926,-0.233394293,-0.021124796,-0.005082435,0.639427359,0.57980147,-1.14456266,-1.14456266,-1.14456266,-1.14456266
YP_003043954.1,-1.14456266,-1.14456266,-1.14456266,-0.233394293,-0.57230235,0.121745392,-1.14456266,-1.14456266,0.396002577,-1.14456266,0.400375956,-1.14456266
YP_003043956.1,-1.14456266,0.04093922,-1.14456266,0.387042983,-0.021124796,0.336426748,0.983904798,-1.14456266,-1.14456266,-1.14456266,0.400375956,-1.14456266
YP_003043957.1,-1.14456266,1.284323171,1.878486406,2.924453426,1.928768743,2.974838507,1.255666409,0.915725688,2.089747114,0.778581957,1.887696574,0.804561649
YP_003044001.1,-1.14456266,0.04093922,-1.14456266,-1.14456266,-1.14456266,-0.328638789,-1.14456266,-1.14456266,-1.14456266,-1.14456266,-1.14456266,-1.14456266
YP_003044032.1,3.020056016,3.718449416,4.219726587,4.128610446,3.139667088,3.054642247,3.520582185,3.727500311,3.314863079,3.348396791,3.807869657,3.739595723
YP_003044033.1,2.024617477,1.069845507,1.977337143,1.866355798,2.27147395,2.307178975,2.669780771,1.593346297,0.950201861,2.885061637,2.096977156,1.458599818
YP_003044034.1,1.872409522,2.594274625,2.918707025,2.36584946,1.956213143,2.471943915,1.845238606,2.574940804,1.634841947,2.581544051,2.837620345,2.728660382
YP_003044035.1,4.014420386,3.947349768,4.219726587,4.794619003,4.591836097,4.987668966,4.242993251,4.57244871,3.912490909,3.979351652,3.865501508,2.92436909
YP_003044036.1,-1.14456266,-1.14456266,-1.14456266,-1.14456266,-0.57230235,-1.14456266,-1.14456266,-1.14456266,0.396002577,-1.14456266,-1.14456266,-1.14456266
YP_003044037.1,-1.14456266,0.813307996,-1.14456266,0.124258233,0.3162332,0.810426666,-1.14456266,-1.14456266,-1.14456266,-1.14456266,-1.14456266,-1.14456266
YP_003044038.1,-1.14456266,0.04093922,-1.14456266,-0.233394293,-1.14456266,-1.14456266,-1.14456266,-1.14456266,-1.14456266,-1.14456266,-1.14456266,-1.14456266
YP_003044040.1,-1.14456266,-1.14456266,-1.14456266,-0.233394293,-1.14456266,-1.14456266,-1.14456266,-1.14456266,-1.14456266,0.261889892,-1.14456266,-1.14456266
YP_003044042.1,-1.14456266,-1.14456266,-1.14456266,-1.14456266,-0.165749464,-1.14456266,-1.14456266,-1.14456266,-1.14456266,-1.14456266,-1.14456266,-1.14456266
YP_003044043.1,-1.14456266,0.04093922,-0.081165644,0.124258233,0.215468341,0.23446579,0.154497435,-1.14456266,-1.14456266,-1.14456266,-1.14456266,-1.14456266
YP_003044044.1,1.005901477,0.490617291,1.393037856,1.866355798,1.5119274,1.752629909,2.838199673,1.760580758,0.396002577,1.142112545,2.096977156,-1.14456266
YP_003044045.1,1.005901477,1.777799163,1.656951679,1.789321157,2.565004304,2.584095042,3.364239935,2.483565826,1.634841947,2.195417295,2.440603361,2.728660382
YP_003044046.1,3.22043646,2.030199546,2.315226014,2.650926218,3.651879253,2.73734551,3.30810401,2.891221262,2.940786701,2.885061637,2.837620345,2.501831767
YP_003044047.1,-1.14456266,-1.14456266,-1.14456266,-0.233394293,-0.165749464,-1.14456266,-1.14456266,-1.14456266,-1.14456266,-1.14456266,0.400375956,-1.14456266
YP_003044048.1,2.402133773,3.916794537,3.577968833,4.407623815,4.322128358,4.075909516,2.669780771,3.026504243,3.314863079,3.533896365,2.585564792,3.096523317
YP_003044049.1,2.869000612,4.554975603,4.571445375,5.344297439,5.040626804,5.932496967,5.326239871,4.333193505,3.799486457,4.824471917,3.323031869,3.096523317
YP_003044051.1,-1.14456266,-1.14456266,-0.081165644,-0.233394293,-0.021124796,-0.005082435,-1.14456266,-1.14456266,0.396002577,-1.14456266,0.400375956,-1.14456266
YP_003044053.1,-1.14456266,-1.14456266,0.626040423,-1.14456266,-0.340399338,-0.328638789,-1.14456266,-1.14456266,-1.14456266,-1.14456266,-1.14456266,-1.14456266
YP_003044054.1,-1.14456266,-1.14456266,-0.081165644,0.124258233,-0.165749464,-0.005082435,-1.14456266,-1.14456266,-1.14456266,-1.14456266,-1.14456266,-1.14456266
YP_003044055.1,-1.14456266,-1.14456266,-1.14456266,-1.14456266,-0.57230235,-1.14456266,-1.14456266,-1.14456266,-1.14456266,-1.14456266,-1.14456266,-1.14456266
YP_003044057.1,0.169307087,-1.14456266,-1.14456266,-1.14456266,-1.14456266,-0.328638789,-1.14456266,-1.14456266,-1.14456266,-1.14456266,-1.14456266,-1.14456266
YP_003044058.1,2.024617477,2.875164209,2.315226014,2.467348851,2.396245648,2.412372376,2.372776568,1.402984775,3.043839098,2.195417295,2.717142687,3.250214154
YP_003044060.1,-1.14456266,-1.14456266,-1.14456266,-0.233394293,-0.165749464,-1.14456266,-1.14456266,-1.14456266,-1.14456266,-1.14456266,-1.14456266,-1.14456266
YP_003044063.1,0.658708418,1.069845507,2.069687809,1.866355798,1.584796819,1.962721439,1.675275111,1.593346297,0.396002577,1.142112545,0.955758142,-1.14456266
YP_003044064.1,1.005901477,0.813307996,0.328725926,1.07954682,1.074094981,1.250163792,0.154497435,1.181552541,0.396002577,0.778581957,-1.14456266,1.458599818
YP_003044066.1,0.169307087,1.069845507,1.239066079,0.124258233,0.408571111,1.934570751,2.258187993,0.915725688,1.335513986,0.778581957,1.341744444,0.804561649
YP_003044067.1,0.169307087,0.04093922,0.328725926,0.124258233,-1.14456266,-0.328638789,-1.14456266,0.10884003,0.396002577,-1.14456266,-1.14456266,0.804561649
YP_003044068.1,-1.14456266,-1.14456266,-0.081165644,0.124258233,-0.340399338,-1.14456266,0.154497435,-1.14456266,-1.14456266,1.142112545,-1.14456266,-1.14456266
YP_003044299.1,-1.14456266,0.04093922,-1.14456266,-1.14456266,-0.57230235,-0.563826259,-1.14456266,-1.14456266,-1.14456266,-1.14456266,-1.14456266,-1.14456266
YP_003044363.1,-1.14456266,-1.14456266,-0.081165644,-1.14456266,-1.14456266,-0.563826259,-1.14456266,0.10884003,-1.14456266,-1.14456266,-1.14456266,-1.14456266
YP_003044544.1,-1.14456266,-1.14456266,-0.081165644,-1.14456266,-0.57230235,-1.14456266,-1.14456266,-1.14456266,-1.14456266,-1.14456266,-1.14456266,-1.14456266
YP_003044545.1,-1.14456266,-1.14456266,-1.14456266,-1.14456266,-0.165749464,-0.563826259,-1.14456266,0.10884003,-1.14456266,-1.14456266,0.400375956,0.804561649
YP_003044546.1,2.287124403,2.66984026,2.238018242,2.256535936,1.928768743,2.510316822,1.845238606,2.385922444,3.043839098,2.885061637,1.887696574,3.250214154
YP_003044551.1,-1.14456266,-1.14456266,-1.14456266,0.124258233,-1.14456266,-0.328638789,0.154497435,-1.14456266,0.396002577,-1.14456266,-1.14456266,-1.14456266
YP_003044553.1,-1.14456266,-1.14456266,-0.081165644,-1.14456266,-1.14456266,-0.563826259,-1.14456266,-1.14456266,-1.14456266,-1.14456266,-1.14456266,-1.14456266
YP_003044554.1,0.169307087,0.04093922,-0.081165644,-0.233394293,-0.57230235,0.336426748,0.639427359,0.10884003,-1.14456266,0.261889892,-1.14456266,-1.14456266
YP_003044592.1,0.169307087,-1.14456266,-1.14456266,-1.14456266,-1.14456266,-0.328638789,-1.14456266,-1.14456266,-1.14456266,-1.14456266,-1.14456266,-1.14456266
YP_003044622.1,1.279535868,1.069845507,0.864408982,1.07954682,0.408571111,0.516202858,1.255666409,0.10884003,0.950201861,1.42689579,0.955758142,0.804561649
YP_003044625.1,-1.14456266,0.04093922,-1.14456266,0.387042983,-0.165749464,0.596683146,0.154497435,-1.14456266,-1.14456266,-1.14456266,-1.14456266,-1.14456266
YP_003044626.1,-1.14456266,-1.14456266,-1.14456266,-1.14456266,-1.14456266,-0.563826259,-1.14456266,-1.14456266,-1.14456266,-1.14456266,-1.14456266,-1.14456266
YP_003044690.1,2.607531025,2.429952245,1.977337143,2.312245118,2.808289868,2.637027325,3.705671164,2.960458629,3.314863079,3.280832743,3.403127684,2.728660382
YP_003044691.1,2.287124403,2.594274625,3.413390689,4.218128117,3.186242616,3.561648355,4.70031177,3.947569154,4.066932431,4.700905348,4.667657167,3.631962725
YP_003044710.1,-1.14456266,0.04093922,-0.081165644,-0.233394293,-0.165749464,0.596683146,-1.14456266,-1.14456266,-1.14456266,-1.14456266,-1.14456266,-1.14456266
YP_003044713.1,-1.14456266,1.069845507,1.06506632,0.938810998,1.266618037,1.340552926,0.983904798,1.593346297,0.950201861,0.261889892,1.341744444,-1.14456266
YP_003044719.1,-1.14456266,0.813307996,-0.081165644,0.780805482,0.573613538,1.425280607,2.75646861,-1.14456266,2.089747114,1.42689579,-1.14456266,-1.14456266
YP_003044725.1,-1.14456266,-1.14456266,-1.14456266,-1.14456266,-0.340399338,-0.151607991,-1.14456266,-1.14456266,-1.14456266,-1.14456266,-1.14456266,-1.14456266
YP_003044726.1,-1.14456266,-1.14456266,-0.081165644,0.124258233,-0.340399338,0.336426748,0.154497435,-1.14456266,-1.14456266,0.778581957,-1.14456266,-1.14456266
YP_003044729.1,1.50675362,1.069845507,1.393037856,1.206669469,1.473989129,1.465745832,1.845238606,1.760580758,1.634841947,1.863384156,0.400375956,0.804561649
YP_003044732.1,0.169307087,-1.14456266,-1.14456266,-1.14456266,-1.14456266,-0.563826259,-1.14456266,-1.14456266,-1.14456266,-1.14456266,0.400375956,0.804561649
YP_003044735.1,0.658708418,0.04093922,-1.14456266,0.124258233,0.104113823,0.429826472,-1.14456266,0.915725688,-1.14456266,1.662278962,0.955758142,1.898039616
YP_003044736.1,3.090005404,3.607987039,3.447847771,3.638246641,4.539097939,5.399302341,3.661582857,3.026504243,3.043839098,3.135350084,2.27917705,2.728660382
YP_003044737.1,-1.14456266,0.04093922,1.239066079,1.07954682,0.215468341,0.874259721,0.154497435,0.57980147,-1.14456266,0.778581957,-1.14456266,0.804561649
YP_003044738.1,1.005901477,0.04093922,1.06506632,1.528716401,0.966163097,0.993108595,0.983904798,0.57980147,-1.14456266,0.261889892,0.955758142,0.804561649
YP_003044741.1,3.22043646,3.109874429,3.481498342,3.123394332,3.793808405,3.615180267,3.520582185,3.60341114,3.676850297,3.412926304,3.403127684,4.394793315
YP_003044742.1,-1.14456266,-1.14456266,-1.14456266,-1.14456266,-0.165749464,-1.14456266,-1.14456266,-1.14456266,-1.14456266,-1.14456266,-1.14456266,-1.14456266
YP_003044744.1,1.005901477,0.490617291,0.626040423,0.938810998,0.718619532,0.336426748,0.154497435,0.10884003,1.880704813,1.142112545,-1.14456266,0.804561649
YP_003044748.1,-1.14456266,-1.14456266,-1.14456266,0.124258233,0.104113823,0.596683146,-1.14456266,-1.14456266,-1.14456266,-1.14456266,-1.14456266,0.804561649
YP_003044888.1,1.279535868,0.813307996,1.656951679,0.387042983,1.548844669,1.84655887,1.675275111,1.760580758,1.335513986,-1.14456266,1.341744444,-1.14456266
YP_003044954.1,-1.14456266,-1.14456266,-1.14456266,-1.14456266,-0.57230235,0.23446579,0.639427359,-1.14456266,0.396002577,-1.14456266,-1.14456266,-1.14456266
YP_003044994.1,1.005901477,1.632120246,1.239066079,1.429612449,1.68735496,2.26281716,1.481501414,0.57980147,0.396002577,0.778581957,0.400375956,1.458599818
YP_003045100.1,-1.14456266,0.490617291,-0.081165644,-0.233394293,-0.340399338,0.336426748,-1.14456266,-1.14456266,-1.14456266,-1.14456266,-1.14456266,-1.14456266
YP_003045101.1,-1.14456266,-1.14456266,-1.14456266,-1.14456266,0.104113823,0.336426748,-1.14456266,0.10884003,-1.14456266,-1.14456266,-1.14456266,-1.14456266
YP_003045102.1,-1.14456266,-1.14456266,-1.14456266,-0.233394293,-0.57230235,-1.14456266,-1.14456266,-1.14456266,-1.14456266,-1.14456266,-1.14456266,-1.14456266
YP_003045183.1,1.005901477,1.469254964,-0.081165644,1.429612449,1.353406739,1.250163792,1.996751073,1.181552541,0.950201861,0.778581957,2.440603361,1.458599818
YP_003045184.1,-1.14456266,-1.14456266,-1.14456266,-1.14456266,-0.340399338,-0.563826259,-1.14456266,-1.14456266,-1.14456266,-1.14456266,-1.14456266,-1.14456266
YP_003045185.1,-1.14456266,-1.14456266,-1.14456266,-1.14456266,-0.57230235,-0.563826259,-1.14456266,-1.14456266,-1.14456266,0.261889892,-1.14456266,0.804561649
YP_003045186.1,-1.14456266,-1.14456266,-1.14456266,-1.14456266,-1.14456266,-0.328638789,-1.14456266,-1.14456266,-1.14456266,-1.14456266,-1.14456266,-1.14456266
YP_003045187.1,-1.14456266,0.04093922,-0.081165644,-0.233394293,-0.165749464,0.672123583,0.983904798,-1.14456266,0.396002577,0.261889892,-1.14456266,-1.14456266
YP_003045188.1,3.156702039,3.163005359,3.638865955,4.033160204,3.503619401,3.885831771,3.418265311,3.026504243,3.676850297,3.474683089,2.948738551,2.728660382
YP_003045189.1,-1.14456266,-1.14456266,-0.081165644,0.938810998,-0.340399338,0.23446579,-1.14456266,0.10884003,0.396002577,0.261889892,-1.14456266,-1.14456266
YP_003045191.1,-1.14456266,-1.14456266,-0.081165644,-1.14456266,-0.57230235,-1.14456266,-1.14456266,0.10884003,0.950201861,-1.14456266,-1.14456266,-1.14456266
YP_003045194.1,-1.14456266,0.04093922,0.328725926,-1.14456266,-1.14456266,-0.328638789,0.639427359,0.57980147,0.396002577,-1.14456266,-1.14456266,-1.14456266
YP_003045195.1,1.005901477,1.284323171,2.315226014,2.467348851,0.408571111,1.465745832,1.255666409,1.181552541,0.396002577,1.863384156,0.400375956,0.804561649
YP_003045196.1,-1.14456266,0.04093922,0.328725926,-0.233394293,-0.165749464,-0.151607991,0.154497435,-1.14456266,0.396002577,0.261889892,-1.14456266,1.458599818
YP_003045197.1,1.279535868,2.66984026,2.524469212,2.693353613,2.15839243,2.452362542,0.154497435,2.385922444,1.634841947,1.863384156,1.641516703,1.458599818
YP_003045198.1,0.169307087,0.04093922,0.328725926,-1.14456266,-1.14456266,0.429826472,0.154497435,-1.14456266,-1.14456266,-1.14456266,-1.14456266,0.804561649
YP_003045200.1,-1.14456266,0.04093922,-1.14456266,-1.14456266,-1.14456266,-1.14456266,-1.14456266,-1.14456266,-1.14456266,-1.14456266,0.400375956,-1.14456266
YP_003045201.1,-1.14456266,-1.14456266,-1.14456266,-1.14456266,-1.14456266,-1.14456266,0.154497435,-1.14456266,-1.14456266,-1.14456266,-1.14456266,-1.14456266
YP_003045202.1,0.169307087,-1.14456266,-1.14456266,-1.14456266,-1.14456266,-1.14456266,-1.14456266,-1.14456266,-1.14456266,-1.14456266,-1.14456266,-1.14456266
YP_003045203.1,-1.14456266,-1.14456266,-1.14456266,-0.233394293,-1.14456266,-0.563826259,0.154497435,-1.14456266,-1.14456266,-1.14456266,-1.14456266,-1.14456266
YP_003045204.1,0.169307087,-1.14456266,-1.14456266,-1.14456266,-0.57230235,0.121745392,-1.14456266,0.57980147,-1.14456266,-1.14456266,-1.14456266,-1.14456266
YP_003045205.1,1.701594873,1.469254964,1.878486406,2.312245118,2.762833939,1.962721439,0.639427359,1.760580758,2.089747114,2.790871234,0.400375956,3.250214154
YP_003045206.1,2.024617477,2.244134095,2.069687809,2.851489903,1.813276146,1.905843576,1.675275111,1.593346297,2.089747114,1.142112545,1.341744444,1.458599818
YP_003045207.1,0.169307087,-1.14456266,-1.14456266,-0.233394293,-0.165749464,-0.563826259,0.983904798,0.10884003,-1.14456266,-1.14456266,0.955758142,-1.14456266
YP_003045226.1,0.169307087,1.069845507,-1.14456266,0.938810998,1.310709818,0.23446579,0.639427359,2.044750511,1.634841947,-1.14456266,0.400375956,-1.14456266
YP_003045228.1,0.658708418,1.284323171,2.238018242,1.939368689,1.619835106,2.391947558,0.983904798,1.181552541,0.950201861,1.863384156,0.400375956,1.898039616
YP_003045230.1,0.658708418,0.04093922,-0.081165644,1.07954682,-0.021124796,0.672123583,0.983904798,2.28107207,2.271761073,1.142112545,0.955758142,2.92436909
YP_003045231.1,-1.14456266,-1.14456266,0.626040423,0.124258233,-1.14456266,0.121745392,0.154497435,0.10884003,-1.14456266,1.142112545,0.400375956,-1.14456266
YP_003045232.1,-1.14456266,-1.14456266,-1.14456266,-1.14456266,-1.14456266,-0.563826259,-1.14456266,-1.14456266,-1.14456266,-1.14456266,-1.14456266,-1.14456266
YP_003045250.1,1.005901477,1.284323171,1.531325051,1.07954682,0.648269063,1.543254621,0.154497435,1.181552541,-1.14456266,1.142112545,0.400375956,1.898039616
YP_003045391.1,2.607531025,1.632120246,2.069687809,2.562090015,1.5119274,1.296115878,3.30810401,2.574940804,2.271761073,2.581544051,2.27917705,3.096523317
YP_003045392.1,3.281461771,2.809943836,3.413390689,3.378053213,2.990117586,2.391947558,3.94512394,3.947569154,3.230082065,3.645476578,3.403127684,4.636565409
YP_003045498.1,-1.14456266,-1.14456266,-1.14456266,-1.14456266,-1.14456266,0.935052876,-1.14456266,0.10884003,-1.14456266,-1.14456266,0.955758142,-1.14456266
YP_003045555.1,3.601511777,4.889726544,4.474637679,4.924366088,5.132475356,4.997769446,3.520582185,3.089641103,4.161399886,3.891590314,3.807869657,4.691164879
YP_003045698.1,2.287124403,2.809943836,2.524469212,2.515506793,2.204714673,1.61662547,1.675275111,2.741810914,0.950201861,1.863384156,2.096977156,2.501831767
YP_003045699.1,1.005901477,1.469254964,1.656951679,0.59996766,2.778146992,2.432507975,2.478808946,0.57980147,1.634841947,1.42689579,1.887696574,2.501831767
YP_003045700.1,0.169307087,0.04093922,0.864408982,1.206669469,1.473989129,1.101997975,0.983904798,0.10884003,1.335513986,1.662278962,-1.14456266,-1.14456266
YP_003045701.1,0.169307087,-1.14456266,1.239066079,1.528716401,1.074094981,1.202582163,-1.14456266,1.181552541,1.335513986,2.336112447,0.400375956,0.804561649
YP_003045836.1,1.005901477,1.632120246,1.393037856,1.206669469,2.715885433,1.934570751,0.983904798,1.760580758,1.880704813,1.662278962,1.341744444,1.458599818
YP_003045837.1,2.287124403,1.777799163,1.656951679,1.621147031,1.843055586,2.043940294,2.577489015,2.385922444,2.709352471,4.21449498,2.717142687,2.501831767
YP_003045838.1,2.024617477,1.069845507,0.328725926,1.866355798,1.353406739,1.465745832,2.133511042,2.574940804,3.739474064,4.416595346,2.837620345,3.631962725
YP_003045839.1,1.005901477,1.469254964,-1.14456266,-0.233394293,-0.165749464,0.874259721,0.639427359,0.57980147,2.271761073,1.42689579,1.641516703,-1.14456266
YP_003045840.1,4.818666763,3.607987039,2.388448808,2.650926218,1.751739463,1.990318907,3.188788908,2.385922444,3.230082065,3.135350084,3.051855849,2.728660382
YP_003045985.1,2.869000612,2.340080965,2.238018242,1.789321157,2.63403818,1.990318907,2.988868548,3.089641103,1.335513986,2.336112447,2.27917705,2.92436909
YP_003045986.1,2.287124403,0.813307996,0.864408982,1.621147031,2.085930983,2.017385007,2.258187993,1.909857469,0.950201861,1.662278962,0.400375956,1.458599818
YP_003045989.1,1.872409522,2.030199546,1.06506632,0.124258233,1.719920157,1.543254621,1.845238606,2.167844039,0.950201861,1.42689579,1.641516703,0.804561649
YP_003045991.1,-1.14456266,0.490617291,-1.14456266,0.124258233,0.3162332,0.23446579,0.639427359,0.10884003,-1.14456266,-1.14456266,-1.14456266,-1.14456266
YP_003045997.1,-1.14456266,-1.14456266,0.626040423,0.124258233,-0.340399338,-0.005082435,0.639427359,-1.14456266,0.396002577,0.261889892,-1.14456266,-1.14456266
YP_003045999.1,2.700105232,2.997317952,2.524469212,2.77460641,3.447416429,2.529122468,2.669780771,2.660811997,0.950201861,2.336112447,2.440603361,2.231895253
YP_003046000.1,-1.14456266,-1.14456266,-1.14456266,-1.14456266,-0.57230235,-0.151607991,-1.14456266,-1.14456266,-1.14456266,-1.14456266,-1.14456266,-1.14456266
YP_003046001.1,2.287124403,3.853667527,3.413390689,3.298080719,3.845432489,3.356840955,0.154497435,0.915725688,3.542781318,1.662278962,0.955758142,2.501831767
YP_003046002.1,1.872409522,4.091098885,3.958384548,3.722295367,3.916111323,3.270441365,1.675275111,2.167844039,3.230082065,1.142112545,2.096977156,0.804561649
YP_003046003.1,3.902486666,5.121608248,6.472874002,6.242034489,4.003094926,4.733384239,2.258187993,2.28107207,4.523355236,3.698181102,0.955758142,1.898039616
YP_003046004.1,3.601511777,5.010322969,5.503826309,5.290307036,3.916111323,4.57597875,2.669780771,3.317609911,3.965832754,3.749023528,3.920915173,1.898039616
YP_003046005.1,4.418685018,5.742832193,6.682382527,6.629413063,4.942528223,6.181690785,2.669780771,3.64597429,4.924377676,4.021305152,1.887696574,2.728660382
YP_003046006.1,1.279535868,2.741607747,3.145844317,3.403751415,1.473989129,3.202050598,-1.14456266,0.57980147,1.880704813,1.142112545,-1.14456266,-1.14456266
YP_003046007.1,-1.14456266,1.284323171,2.156357825,1.707779131,-0.340399338,2.328850255,-1.14456266,0.915725688,1.335513986,1.142112545,-1.14456266,0.804561649
YP_003046008.1,0.169307087,1.909674822,2.238018242,2.993879944,0.3162332,2.671255534,-1.14456266,1.402984775,1.880704813,1.863384156,0.400375956,0.804561649
YP_003046009.1,0.169307087,0.04093922,1.656951679,2.138078784,-0.340399338,1.101997975,-1.14456266,0.57980147,1.335513986,1.863384156,-1.14456266,1.458599818
YP_003046012.1,3.22043646,5.586738584,6.182438262,6.474637289,2.909054415,5.965460865,2.258187993,4.758341529,4.951059033,4.960002543,2.948738551,4.636565409
YP_003046013.1,4.418685018,6.439982622,6.577550017,7.361660658,2.936588225,6.57811161,2.669780771,4.409229475,4.523355236,4.64835278,2.27917705,3.389035879
YP_003046014.1,0.658708418,1.469254964,3.227503291,2.77460641,0.785190935,2.90476351,1.255666409,0.915725688,1.880704813,1.142112545,0.955758142,0.804561649
YP_003046017.1,-1.14456266,0.490617291,-1.14456266,-0.233394293,-0.57230235,-0.328638789,-1.14456266,-1.14456266,0.396002577,-1.14456266,-1.14456266,-1.14456266
YP_003046018.1,-1.14456266,-1.14456266,-1.14456266,-0.233394293,-0.57230235,0.23446579,-1.14456266,0.10884003,-1.14456266,-1.14456266,-1.14456266,-1.14456266
YP_003046019.1,-1.14456266,-1.14456266,-1.14456266,-1.14456266,-0.57230235,-0.328638789,-1.14456266,-1.14456266,-1.14456266,-1.14456266,-1.14456266,-1.14456266
YP_003046021.1,-1.14456266,-1.14456266,0.864408982,0.387042983,-0.340399338,0.993108595,-1.14456266,-1.14456266,0.396002577,-1.14456266,-1.14456266,-1.14456266
YP_003046038.1,-1.14456266,-1.14456266,-0.081165644,-1.14456266,-1.14456266,-0.563826259,-1.14456266,-1.14456266,0.396002577,0.778581957,-1.14456266,-1.14456266
YP_003046039.1,-1.14456266,0.04093922,0.328725926,0.124258233,-0.340399338,-0.151607991,0.154497435,0.915725688,-1.14456266,-1.14456266,0.955758142,-1.14456266
YP_003046040.1,1.005901477,0.490617291,0.328725926,0.387042983,0.785190935,0.935052876,0.639427359,0.10884003,0.950201861,0.261889892,0.955758142,0.804561649
YP_003046041.1,2.161956914,1.469254964,0.626040423,0.780805482,1.434968744,1.425280607,0.983904798,1.181552541,-1.14456266,1.42689579,1.641516703,0.804561649
YP_003046043.1,-1.14456266,0.490617291,0.328725926,-0.233394293,-0.57230235,0.429826472,-1.14456266,-1.14456266,-1.14456266,-1.14456266,-1.14456266,-1.14456266
YP_003046265.1,2.287124403,1.632120246,2.816710004,2.650926218,3.242414359,3.732847941,3.789992042,3.026504243,2.829743201,3.135350084,2.717142687,2.92436909
YP_003046593.1,-1.14456266,-1.14456266,-1.14456266,-0.233394293,0.3162332,-0.563826259,-1.14456266,0.10884003,0.396002577,0.261889892,-1.14456266,-1.14456266
YP_003046616.1,-1.14456266,0.04093922,0.328725926,0.59996766,0.3162332,0.336426748,1.255666409,1.181552541,-1.14456266,0.261889892,0.955758142,-1.14456266
YP_003046618.1,2.287124403,2.030199546,1.772119263,1.621147031,1.983131349,1.580428267,2.75646861,3.089641103,1.880704813,3.056677113,2.440603361,-1.14456266
YP_003046637.1,2.946518091,2.244134095,2.069687809,1.707779131,2.335230105,1.784647728,2.988868548,2.741810914,2.709352471,3.412926304,3.619684692,2.231895253
YP_003046639.1,-1.14456266,-1.14456266,-1.14456266,-1.14456266,-0.57230235,-1.14456266,-1.14456266,-1.14456266,-1.14456266,-1.14456266,-1.14456266,-1.14456266
YP_003046640.1,2.402133773,3.163005359,3.103203875,2.607199367,3.054335116,2.875744589,1.996751073,2.960458629,3.394918736,2.581544051,1.641516703,2.231895253
YP_003046689.1,6.301093255,6.033478795,6.526161205,5.81487876,6.240405647,5.765219904,6.836039775,6.899467297,6.284884271,6.950361684,7.215183832,7.148641421
YP_003046695.1,2.161956914,2.514481243,2.706879979,2.36584946,1.928768743,2.471943915,2.577489015,2.660811997,2.577877013,2.581544051,2.096977156,3.389035879
YP_003046696.1,1.005901477,2.340080965,2.315226014,1.707779131,2.009543656,2.350195651,0.639427359,1.402984775,2.089747114,1.863384156,0.400375956,0.804561649
YP_003046697.1,-1.14456266,-1.14456266,-1.14456266,-0.233394293,-1.14456266,-1.14456266,-1.14456266,-1.14456266,-1.14456266,-1.14456266,-1.14456266,-1.14456266
YP_003046698.1,4.334950048,3.357811199,4.586966324,3.999884323,1.124904303,1.38357723,4.357887081,4.167913085,2.577877013,3.056677113,3.920915173,3.250214154
YP_003046699.1,0.169307087,0.04093922,-1.14456266,0.59996766,0.648269063,-0.151607991,0.154497435,1.402984775,-1.14456266,0.778581957,-1.14456266,0.804561649
YP_003046700.1,1.701594873,1.777799163,2.156357825,1.939368689,2.335230105,2.26281716,2.478808946,2.28107207,2.271761073,3.280832743,3.238206047,0.804561649
YP_003046701.1,1.50675362,-1.14456266,-0.081165644,-0.233394293,0.104113823,0.121745392,0.154497435,1.402984775,1.335513986,1.42689579,-1.14456266,1.898039616
YP_003046702.1,-1.14456266,-1.14456266,-1.14456266,-1.14456266,-1.14456266,-0.328638789,-1.14456266,-1.14456266,-1.14456266,-1.14456266,-1.14456266,-1.14456266
YP_003046703.1,1.701594873,1.632120246,0.864408982,2.074906101,2.249568588,2.120729452,1.255666409,0.10884003,0.396002577,1.142112545,0.955758142,-1.14456266
YP_003046704.1,1.279535868,1.069845507,1.878486406,2.312245118,2.582578473,2.861011562,1.481501414,1.181552541,0.950201861,-1.14456266,1.887696574,1.458599818
YP_003046705.1,3.396246232,3.682562565,4.005368097,3.594306625,3.338298716,3.658317299,3.520582185,2.891221262,2.709352471,2.973436686,1.341744444,3.250214154
YP_003046706.1,-1.14456266,-1.14456266,-1.14456266,-1.14456266,-1.14456266,-0.328638789,-1.14456266,-1.14456266,-1.14456266,-1.14456266,-1.14456266,-1.14456266
YP_003046708.1,1.872409522,2.030199546,2.315226014,2.81356451,2.249568588,3.377652838,3.058650775,1.402984775,2.433038119,1.863384156,0.400375956,3.096523317
YP_003046709.1,-1.14456266,-1.14456266,0.328725926,-0.233394293,-0.165749464,0.935052876,0.154497435,-1.14456266,-1.14456266,0.261889892,-1.14456266,-1.14456266
YP_003046714.1,-1.14456266,-1.14456266,-0.081165644,-1.14456266,-0.57230235,-0.151607991,0.154497435,-1.14456266,-1.14456266,-1.14456266,-1.14456266,-1.14456266
YP_003046716.1,0.169307087,0.04093922,-1.14456266,-1.14456266,-0.021124796,0.23446579,0.154497435,0.57980147,-1.14456266,-1.14456266,-1.14456266,-1.14456266
YP_003046717.1,-1.14456266,-1.14456266,-1.14456266,0.780805482,0.104113823,-0.151607991,-1.14456266,0.57980147,0.396002577,0.261889892,-1.14456266,0.804561649
YP_003046718.1,0.169307087,-1.14456266,-0.081165644,-0.233394293,0.104113823,-0.563826259,-1.14456266,0.915725688,1.335513986,0.261889892,-1.14456266,-1.14456266
YP_003046829.1,0.169307087,0.813307996,1.393037856,1.206669469,0.215468341,-0.151607991,1.481501414,2.28107207,1.634841947,1.42689579,1.887696574,1.458599818
YP_003046864.1,4.548264225,3.947349768,3.227503291,3.154025009,3.838169984,3.015295573,4.610486392,4.433708824,4.250052949,3.645476578,4.495936007,4.890972848
YP_003046867.1,-1.14456266,-1.14456266,-1.14456266,-1.14456266,-0.57230235,-1.14456266,-1.14456266,-1.14456266,-1.14456266,-1.14456266,-1.14456266,-1.14456266
YP_003046868.1,-1.14456266,-1.14456266,-1.14456266,-1.14456266,-0.57230235,-1.14456266,-1.14456266,-1.14456266,-1.14456266,-1.14456266,-1.14456266,0.804561649
YP_003046869.1,0.169307087,0.813307996,0.864408982,0.59996766,0.493994953,0.672123583,0.154497435,0.915725688,-1.14456266,0.778581957,1.887696574,1.458599818
YP_003046883.1,1.701594873,1.777799163,1.772119263,1.206669469,2.009543656,2.169695258,0.639427359,2.167844039,0.396002577,2.464111871,1.341744444,-1.14456266
YP_003046884.1,0.169307087,0.490617291,0.626040423,0.124258233,1.310709818,1.250163792,1.255666409,1.181552541,0.950201861,1.142112545,1.341744444,-1.14456266
YP_003046886.1,-1.14456266,0.04093922,0.328725926,0.124258233,0.104113823,-0.005082435,-1.14456266,0.57980147,-1.14456266,0.261889892,0.400375956,0.804561649
YP_003046888.1,0.169307087,-1.14456266,0.328725926,0.780805482,0.90863663,0.429826472,0.639427359,-1.14456266,1.335513986,0.261889892,0.955758142,-1.14456266
YP_003046889.1,1.005901477,1.284323171,0.626040423,1.528716401,1.124904303,0.743193164,1.675275111,0.57980147,1.335513986,1.142112545,1.641516703,2.231895253
YP_003046890.1,1.005901477,0.490617291,0.626040423,0.59996766,1.266618037,1.340552926,1.255666409,1.402984775,0.396002577,0.261889892,1.641516703,2.501831767
YP_003046893.1,3.552876099,2.594274625,2.315226014,2.074906101,2.454749665,2.671255534,3.249685166,3.208145339,2.709352471,2.790871234,3.685185387,2.231895253
YP_003046895.1,0.169307087,1.069845507,1.06506632,1.621147031,0.718619532,2.637027325,2.75646861,2.28107207,2.709352471,3.135350084,3.323031869,2.501831767
YP_003046896.1,3.22043646,1.632120246,0.864408982,1.528716401,1.548844669,2.654243989,1.996751073,0.915725688,1.335513986,2.03916712,1.887696574,-1.14456266
YP_003046897.1,3.86315489,2.429952245,3.103203875,1.939368689,1.751739463,2.529122468,1.675275111,1.181552541,2.089747114,1.662278962,1.341744444,2.231895253
YP_003046898.1,5.482113828,4.494217894,5.143540818,4.481783059,3.64356845,3.377652838,3.661582857,3.981186599,4.161399886,4.25020836,3.865501508,3.839737144
YP_003046959.1,2.161956914,3.109874429,2.706879979,3.027371501,3.115799972,3.552529446,4.016842324,2.81846539,2.577877013,2.581544051,2.585564792,3.389035879
YP_003047241.1,0.169307087,0.490617291,1.977337143,2.256535936,0.104113823,0.672123583,1.675275111,0.57980147,0.950201861,2.03916712,2.440603361,-1.14456266
YP_003047242.1,0.169307087,0.04093922,1.06506632,0.938810998,0.90863663,0.993108595,-1.14456266,1.181552541,1.634841947,0.261889892,0.400375956,0.804561649
YP_003047243.1,0.658708418,0.813307996,1.878486406,1.939368689,1.310709818,1.250163792,1.845238606,2.891221262,0.396002577,1.863384156,-1.14456266,0.804561649
YP_003047244.1,0.169307087,0.04093922,-1.14456266,0.387042983,0.104113823,-0.151607991,-1.14456266,0.10884003,0.396002577,-1.14456266,-1.14456266,-1.14456266
YP_003047245.1,-1.14456266,0.04093922,-1.14456266,-0.233394293,-0.165749464,-0.005082435,0.154497435,0.57980147,-1.14456266,0.261889892,-1.14456266,-1.14456266
YP_003047246.1,2.024617477,0.04093922,0.626040423,-0.233394293,0.648269063,-0.005082435,1.481501414,1.593346297,0.396002577,1.142112545,0.955758142,1.458599818
YP_003047312.1,1.872409522,1.469254964,1.06506632,0.938810998,1.434968744,1.543254621,0.154497435,1.593346297,0.950201861,0.261889892,1.641516703,1.898039616
YP_003047313.1,-1.14456266,-1.14456266,-0.081165644,0.124258233,-0.57230235,0.336426748,0.639427359,-1.14456266,0.396002577,-1.14456266,-1.14456266,-1.14456266
YP_003047314.1,5.114812233,4.364434217,4.617515752,4.493780314,5.469509688,4.900628119,5.097434842,4.333193505,5.19379519,4.847963526,4.959746448,4.021274137
YP_003047317.1,-1.14456266,0.813307996,1.977337143,0.124258233,0.573613538,0.121745392,1.675275111,0.10884003,1.335513986,1.142112545,-1.14456266,1.458599818
YP_003047338.1,0.169307087,0.04093922,-0.081165644,0.938810998,0.215468341,-1.14456266,0.983904798,-1.14456266,0.950201861,0.261889892,0.955758142,1.898039616
YP_003047421.1,1.872409522,3.109874429,2.918707025,3.092095514,2.667342007,2.584095042,3.058650775,2.891221262,2.089747114,2.690038402,2.440603361,1.898039616
ypdA,2.508531198,3.488332863,3.577968833,3.616444367,3.85984852,3.826574349,1.255666409,2.574940804,3.043839098,3.280832743,2.096977156,2.501831767
ypdB,4.276295763,5.080875926,5.393437374,5.344297439,5.043784559,4.807994085,3.981429471,4.527669483,3.611376894,4.621340262,4.025729113,3.631962725
ypdC,1.701594873,2.244134095,2.315226014,2.607199367,2.731706882,2.371224964,1.255666409,0.10884003,3.676850297,1.662278962,2.096977156,2.231895253
ypdD,1.279535868,0.813307996,1.531325051,0.938810998,0.785190935,1.153242155,1.481501414,0.57980147,2.089747114,1.142112545,1.641516703,1.458599818
ypdE,0.169307087,0.04093922,0.864408982,-1.14456266,0.408571111,0.23446579,0.639427359,0.57980147,0.396002577,0.778581957,0.400375956,-1.14456266
ypdF,0.658708418,-1.14456266,-1.14456266,-1.14456266,-0.021124796,-0.005082435,-1.14456266,0.10884003,-1.14456266,0.261889892,-1.14456266,0.804561649
ypdG,-1.14456266,0.04093922,-0.081165644,-1.14456266,0.3162332,-1.14456266,-1.14456266,-1.14456266,0.396002577,0.261889892,-1.14456266,0.804561649
ypdH,0.169307087,-1.14456266,0.328725926,-0.233394293,-1.14456266,-0.005082435,-1.14456266,0.57980147,0.396002577,-1.14456266,-1.14456266,-1.14456266
ypdI,0.169307087,-1.14456266,-1.14456266,-0.233394293,-0.57230235,-0.328638789,0.154497435,0.10884003,-1.14456266,0.261889892,-1.14456266,-1.14456266
ypeA,4.084485016,3.357811199,3.30476737,3.965821487,3.668358234,3.99749777,2.75646861,3.841735214,0.950201861,3.056677113,3.403127684,3.250214154
ypeC,2.287124403,2.141213121,1.531325051,1.206669469,1.221030684,1.296115878,0.983904798,0.57980147,2.271761073,0.778581957,1.641516703,2.501831767
ypfE,-1.14456266,-1.14456266,-1.14456266,-1.14456266,-1.14456266,-1.14456266,0.154497435,-1.14456266,-1.14456266,-1.14456266,-1.14456266,-1.14456266
ypfG,1.005901477,1.284323171,0.328725926,1.429612449,2.085930983,2.671255534,1.481501414,1.593346297,-1.14456266,2.195417295,0.400375956,2.231895253
ypfH,3.090005404,3.916794537,3.859553062,3.762548024,3.592669597,2.846125329,3.569134251,4.108320124,3.799486457,3.209933256,3.051855849,4.18247159
ypfI,3.396246232,4.452241776,4.11653034,4.23252161,3.963600318,4.35278249,2.838199673,3.559550295,3.965832754,3.936139379,3.148053403,2.728660382
ypfJ,4.334950048,4.723247491,4.179330603,4.608561751,4.353015169,4.571476604,4.563383936,4.409229475,3.739474064,4.64835278,4.07540813,3.631962725
yphA,0.658708418,0.490617291,0.626040423,0.124258233,0.90863663,0.429826472,2.372776568,1.593346297,1.634841947,0.778581957,1.641516703,0.804561649
yphB,2.161956914,1.069845507,1.393037856,2.138078784,1.434968744,1.38357723,1.481501414,2.167844039,2.433038119,2.885061637,1.887696574,-1.14456266
yphC,1.005901477,1.284323171,0.864408982,0.59996766,1.434968744,1.61662547,1.675275111,-1.14456266,-1.14456266,2.336112447,0.400375956,0.804561649
yphD,1.005901477,0.490617291,0.328725926,0.124258233,0.3162332,0.743193164,0.639427359,0.57980147,1.335513986,1.142112545,-1.14456266,-1.14456266
yphF,0.169307087,0.04093922,-0.081165644,-1.14456266,-0.340399338,-0.328638789,1.481501414,0.10884003,-1.14456266,-1.14456266,0.400375956,-1.14456266
yphG,1.701594873,1.777799163,1.239066079,0.938810998,1.751739463,1.815946525,1.255666409,2.574940804,1.335513986,1.142112545,2.585564792,1.458599818
yphH,2.946518091,2.997317952,2.648628761,2.924453426,3.231354427,4.125909016,2.75646861,3.467600001,3.139979739,2.885061637,3.403127684,2.92436909
ypjD,4.363405661,4.294879557,4.491230524,4.630460784,4.69988543,5.079297485,3.616100965,3.467600001,3.676850297,3.474683089,3.148053403,3.096523317
yqaA,3.020056016,3.109874429,3.481498342,3.403751415,3.668358234,3.496567487,1.845238606,2.660811997,1.880704813,3.135350084,0.955758142,3.096523317
yqaB,4.689795299,5.121608248,4.828074589,5.290307036,5.553872317,5.37626158,5.354178064,5.694384258,3.857096996,5.370069882,5.011681315,3.515622458
yqaE,1.005901477,1.284323171,-0.081165644,0.59996766,0.573613538,0.810426666,1.845238606,0.10884003,0.950201861,0.261889892,-1.14456266,-1.14456266
yqcA,4.497821511,3.916794537,3.859553062,3.913167376,4.016022755,3.92166635,4.181918076,4.71905375,3.394918736,4.700905348,4.905871111,3.839737144
yqcB,1.005901477,2.030199546,1.239066079,1.322734996,2.435514444,2.61960048,1.255666409,0.915725688,2.089747114,1.142112545,0.955758142,0.804561649
yqcE,-1.14456266,0.490617291,0.328725926,-0.233394293,-0.340399338,-0.328638789,-1.14456266,1.181552541,-1.14456266,-1.14456266,-1.14456266,-1.14456266
yqeA,2.161956914,2.030199546,2.388448808,2.008769244,1.782847418,2.017385007,2.478808946,1.593346297,2.271761073,2.195417295,1.641516703,1.458599818
yqeB,3.339999835,2.340080965,2.315226014,0.780805482,1.872213685,2.193556411,3.30810401,2.660811997,1.634841947,1.662278962,3.807869657,2.501831767
yqeC,3.281461771,0.813307996,0.864408982,0.59996766,0.718619532,0.993108595,1.845238606,2.741810914,1.335513986,0.778581957,2.837620345,2.728660382
yqeF,7.385882149,6.828220325,6.951719885,6.234906914,4.285236677,4.60710614,7.03035661,7.599093372,6.176021246,6.987844966,7.362427761,6.639378497
yqeG,0.658708418,1.777799163,1.772119263,1.707779131,1.782847418,1.905843576,0.154497435,1.760580758,0.950201861,0.261889892,0.400375956,1.898039616
yqeH,-1.14456266,-1.14456266,-1.14456266,-1.14456266,-0.340399338,-0.328638789,-1.14456266,0.57980147,-1.14456266,-1.14456266,-1.14456266,-1.14456266
yqfA,4.151299554,4.452241776,4.705462124,4.23252161,2.35586119,3.935754182,5.113871063,3.804655043,5.148406791,4.101715412,3.920915173,6.398215336
yqfB,3.22043646,2.997317952,2.868616656,2.074906101,3.530918076,3.130238383,2.372776568,2.385922444,2.271761073,2.885061637,3.323031869,3.389035879
yqfE,0.169307087,-1.14456266,-1.14456266,-0.233394293,0.408571111,-0.005082435,-1.14456266,0.57980147,0.396002577,0.261889892,0.400375956,-1.14456266
yqgA,1.279535868,2.030199546,2.069687809,2.256535936,2.009543656,1.784647728,1.996751073,2.044750511,1.335513986,2.195417295,2.585564792,3.515622458
yqgB,2.161956914,1.284323171,1.531325051,1.707779131,2.15839243,2.704682599,-1.14456266,0.10884003,0.950201861,1.42689579,0.400375956,0.804561649
yqgC,-1.14456266,-1.14456266,0.328725926,0.387042983,-0.165749464,-0.328638789,0.639427359,-1.14456266,0.396002577,-1.14456266,-1.14456266,0.804561649
yqgD,-1.14456266,0.490617291,-1.14456266,0.124258233,0.104113823,-0.563826259,-1.14456266,0.10884003,-1.14456266,-1.14456266,-1.14456266,-1.14456266
yqgE,4.597001437,5.121608248,5.487383632,5.421672982,5.347052006,6.115216267,4.976816861,4.957149614,4.523355236,4.751609612,4.421078721,4.520742021
yqgF,3.090005404,4.687514244,4.33453446,4.714874882,4.942528223,5.555602863,3.30810401,3.981186599,4.206408091,3.936139379,3.403127684,3.631962725
yqhA,5.953644624,5.606003759,6.125138888,6.626692682,5.625165356,5.690396966,6.564358422,6.337332117,5.19379519,5.950007348,6.004397169,5.693015926
yqhC,1.005901477,0.490617291,0.864408982,0.938810998,1.074094981,1.38357723,0.639427359,0.915725688,0.950201861,2.03916712,0.400375956,3.250214154
yqhD,3.601511777,3.947349768,3.546525499,3.999884323,3.626801438,2.510316822,5.130122075,5.621697844,5.818562844,6.152209131,6.115356573,6.821681944
yqhG,0.169307087,0.813307996,1.772119263,2.198546665,1.124904303,1.202582163,0.983904798,0.10884003,0.396002577,1.142112545,0.955758142,0.804561649
yqhH,-1.14456266,0.04093922,-1.14456266,-0.233394293,-0.165749464,-0.151607991,0.154497435,-1.14456266,-1.14456266,-1.14456266,-1.14456266,0.804561649
yqiA,4.712089729,4.452241776,5.057043491,4.823421575,4.70787096,5.344956599,4.181918076,4.2801787,4.48734413,5.103533051,3.920915173,5.329939833
yqiB,4.118279568,4.221796997,3.378087341,4.2035894,4.25829503,3.970382408,4.051405413,3.947569154,4.951059033,4.565747746,4.300956729,3.933364168
yqiC,3.450374263,4.063473801,3.145844317,3.982953598,4.247375741,3.658317299,3.981429471,4.014037271,4.250052949,4.416595346,3.865501508,4.394793315
yqiH,0.658708418,-1.14456266,-1.14456266,-1.14456266,-1.14456266,-0.563826259,-1.14456266,-1.14456266,-1.14456266,-1.14456266,-1.14456266,-1.14456266
yqiI,-1.14456266,-1.14456266,-0.081165644,-0.233394293,-0.021124796,-0.328638789,0.154497435,-1.14456266,-1.14456266,-1.14456266,-1.14456266,-1.14456266
yqiJ,0.658708418,0.813307996,1.06506632,0.124258233,0.408571111,0.121745392,0.639427359,-1.14456266,0.396002577,1.142112545,0.955758142,0.804561649
yqiK,1.50675362,1.069845507,1.656951679,1.707779131,1.266618037,2.095594769,3.125194645,3.026504243,1.634841947,2.464111871,1.341744444,2.231895253
yqjA,5.02862589,4.494217894,5.045857234,5.483125723,4.39319417,4.893432489,3.90787948,3.727500311,3.394918736,4.021305152,3.551059262,3.250214154
yqjB,3.396246232,2.66984026,1.878486406,2.36584946,2.110500387,2.671255534,-1.14456266,1.760580758,2.577877013,2.464111871,0.955758142,2.231895253
yqjC,4.818666763,3.821034916,5.24484162,5.66913444,4.412871317,4.215223654,6.03594981,4.615878846,4.29241472,5.122919208,4.849904581,4.636565409
yqjD,5.114812233,3.718449416,3.059257218,3.680884508,4.679725938,3.641217357,5.253930888,3.64597429,3.542781318,3.845618938,4.601402454,4.256775916
yqjE,5.676006601,4.091098885,3.958384548,3.638246641,4.715812505,3.878556591,5.012320714,4.196810065,3.965832754,4.44768603,4.761658349,4.520742021
yqjF,1.279535868,0.490617291,1.239066079,1.07954682,1.021243697,0.810426666,1.996751073,0.57980147,0.950201861,1.42689579,0.955758142,-1.14456266
yqjG,2.024617477,1.909674822,0.626040423,1.206669469,1.983131349,1.61662547,3.364239935,1.402984775,2.829743201,2.03916712,3.148053403,1.898039616
yqjH,3.502538225,3.402648158,3.013921285,3.525772893,4.208493184,2.547683181,2.258187993,2.574940804,3.799486457,1.662278962,1.641516703,1.898039616
yqjI,3.781113532,3.645757877,2.967104776,4.683795876,3.447416429,2.471943915,3.249685166,1.760580758,2.271761073,1.142112545,2.717142687,2.501831767
yqjK,5.429275615,4.170931385,3.378087341,3.801705643,4.432283457,3.524820634,4.633472821,3.263920196,3.043839098,4.319084827,4.849904581,3.515622458
yraH,1.701594873,0.813307996,1.06506632,1.789321157,1.548844669,1.153242155,0.983904798,0.915725688,0.950201861,1.142112545,1.341744444,1.458599818
yraI,-1.14456266,-1.14456266,-1.14456266,-0.233394293,-0.340399338,-0.328638789,-1.14456266,-1.14456266,-1.14456266,-1.14456266,-1.14456266,-1.14456266
yraJ,0.169307087,0.813307996,1.393037856,1.206669469,0.718619532,1.101997975,0.983904798,1.593346297,1.335513986,2.03916712,1.641516703,-1.14456266
yraK,0.658708418,0.813307996,2.156357825,1.07954682,1.434968744,1.340552926,0.983904798,1.402984775,0.396002577,1.863384156,0.955758142,1.898039616
yraL,3.781113532,4.473382622,4.219726587,4.897529077,5.12056163,5.197936679,3.94512394,3.841735214,3.611376894,4.101715412,2.837620345,3.839737144
yraM,5.415757986,4.905364271,4.507634548,4.694230158,5.55165594,4.893432489,4.016842324,5.023147802,4.333566771,4.101715412,5.110255974,3.839737144
yraN,4.523263489,4.473382622,5.03458353,4.673285531,4.432283457,4.017504476,4.678374611,4.758341529,4.558488654,4.565747746,4.342119852,2.92436909
yraO,5.545550835,4.966272643,5.03458353,5.059626753,5.289691584,5.365901898,5.381585361,5.70447537,5.401502618,4.700905348,5.202521931,4.691164879
yraP,7.389343964,7.133824097,8.223325587,8.086904308,7.063116683,7.336175932,7.792551529,7.665164382,6.628483803,7.065029725,7.093965665,6.205424496
yraQ,1.005901477,1.777799163,1.531325051,2.36584946,2.314294782,2.412372376,0.983904798,1.760580758,2.089747114,0.261889892,1.641516703,-1.14456266
yraR,1.872409522,1.909674822,1.977337143,1.789321157,1.473989129,1.543254621,1.481501414,2.483565826,2.271761073,2.464111871,2.096977156,0.804561649
yrbA,4.305921278,4.936140006,4.297272236,4.842308552,5.126530795,5.518671342,3.470333633,3.089641103,3.314863079,3.209933256,2.096977156,1.898039616
yrbB,6.00870363,5.486353063,5.938171966,5.383504002,5.70909826,5.419478527,5.283290913,5.684222053,5.125165448,5.402158074,5.371035859,5.259434137
yrbC,6.550289854,6.169181699,5.470751353,5.576309178,6.030450178,5.946468423,5.367946811,5.287639846,5.583029683,5.286579953,5.690692309,5.222845217
yrbD,5.806035477,6.0755466,5.470751353,6.108017832,5.656441935,6.135177271,4.958731679,4.637112956,4.373576347,3.936139379,4.382139907,2.92436909
yrbE,5.33187859,5.557349612,5.348624147,5.843278069,5.904116801,6.56685035,4.539242739,4.833844504,3.912490909,4.140297819,3.478994982,3.631962725
yrbF,4.818666763,5.080875926,4.676738632,5.52463608,5.664669077,6.310158751,4.438419863,4.852118296,4.841237185,4.062071252,4.07540813,4.520742021
yrbG,4.305921278,4.632196912,4.44086776,4.159071813,4.441892362,4.611498551,4.181918076,4.658038861,4.523355236,5.353754052,4.821085097,4.021274137
yrbH,6.1703653,6.351441085,6.649509845,6.690606487,6.381847337,6.409324234,6.127823753,6.059270655,4.753008141,5.860461045,5.289238564,4.981370547
yrbI,4.839068467,5.010322969,4.916716529,5.130482353,5.452978845,5.65041129,4.412072405,4.333193505,4.11494029,4.938280321,4.382139907,2.231895253
yrbK,4.974328164,5.010322969,4.828074589,5.227049548,5.618827829,5.682070549,4.118139092,4.887985489,4.924377676,4.800591248,4.214925963,4.459142826
yrbL,8.503562823,8.039927693,7.90836537,7.655225269,8.589862592,8.427053502,8.745467488,9.114841353,8.234818342,8.493343411,8.71820004,7.822046416
yrdA,6.835582488,7.323233581,9.076132452,9.838450344,7.816631076,6.832496837,8.738860545,8.148017204,6.843076312,8.304666958,7.463767935,6.927775946
yrdB,2.700105232,4.196588626,2.816710004,3.701738873,3.079237974,3.732847941,3.058650775,2.385922444,3.611376894,2.973436686,3.148053403,2.728660382
yrdC,2.402133773,3.947349768,3.059257218,3.5718229,3.327955503,3.949705541,2.669780771,2.385922444,1.634841947,3.348396791,2.717142687,1.458599818
yrdD,7.285416587,6.782388776,6.924498757,7.238780154,6.590544845,6.058453167,8.701291877,8.601140693,7.036085877,7.796090819,7.962998317,7.296796792
yrfB,0.169307087,-1.14456266,-1.14456266,-0.233394293,-0.57230235,-0.328638789,-1.14456266,-1.14456266,-1.14456266,-1.14456266,-1.14456266,-1.14456266
yrfC,-1.14456266,-1.14456266,0.626040423,0.387042983,0.493994953,0.121745392,0.983904798,0.57980147,-1.14456266,-1.14456266,-1.14456266,-1.14456266
yrfD,1.005901477,0.490617291,0.626040423,1.429612449,1.584796819,1.296115878,2.258187993,2.167844039,1.335513986,2.336112447,0.955758142,1.898039616
yrfF,6.017679233,6.136433883,5.907604306,5.800466649,5.24649379,5.304845004,5.93782416,6.640361748,5.362285377,6.104253232,6.578308506,6.186550025
yrfG,3.738270261,3.7534632,4.11653034,3.876963743,4.437095916,4.76527069,4.118139092,4.225138912,3.857096996,3.135350084,4.16990457,4.10412621
yrhA,-1.14456266,-1.14456266,-1.14456266,-1.14456266,-1.14456266,-0.563826259,-1.14456266,-1.14456266,-1.14456266,-1.14456266,-1.14456266,-1.14456266
yrhB,-1.14456266,0.04093922,-1.14456266,-1.14456266,-1.14456266,-0.563826259,0.154497435,-1.14456266,-1.14456266,-1.14456266,-1.14456266,-1.14456266
ysgA,6.794395487,6.54851226,6.30007531,6.716423547,6.514069902,6.151854264,7.857424885,7.641725887,6.892083187,6.560309343,7.135513747,6.398215336
ytfA,0.169307087,0.04093922,0.864408982,0.780805482,2.181743192,0.810426666,0.639427359,0.57980147,1.335513986,1.863384156,1.887696574,2.501831767
ytfB,4.183579732,3.607987039,3.413390689,3.325235785,4.09733878,4.260687082,3.86964614,3.559550295,3.857096996,3.590767972,3.685185387,3.515622458
ytfE,-1.14456266,-1.14456266,0.328725926,0.387042983,0.573613538,0.336426748,1.255666409,0.915725688,-1.14456266,0.261889892,-1.14456266,-1.14456266
ytfF,3.396246232,3.488332863,3.934305241,3.876963743,3.186242616,4.138142393,4.272586782,4.594327311,2.709352471,3.474683089,3.403127684,3.250214154
ytfG,2.700105232,2.429952245,2.816710004,2.36584946,2.808289868,2.371224964,1.996751073,1.760580758,1.335513986,1.863384156,2.717142687,2.501831767
ytfH,1.005901477,2.030199546,1.393037856,1.939368689,1.124904303,1.719858046,1.255666409,0.10884003,1.634841947,1.42689579,1.341744444,2.231895253
ytfJ,4.049878631,3.402648158,3.958384548,3.701738873,1.956213143,2.217021787,5.956168839,5.744148356,4.869486659,4.776308408,6.127174627,4.936879918
ytfK,6.474086971,5.378454992,4.676738632,4.735228175,5.387380939,4.737408822,6.875126671,6.120843979,5.420718491,5.286579953,7.069675375,6.430659334
ytfL,4.215152564,4.091098885,3.859553062,4.505678545,5.443446885,5.459003459,4.272586782,4.252921561,4.11494029,4.67486849,4.458993237,4.10412621
ytfM,4.151299554,4.687514244,3.807471401,4.315988192,4.625952682,4.807994085,4.051405413,3.981186599,3.676850297,4.416595346,3.747834198,3.250214154
ytfN,5.846898061,5.625015017,6.377954125,6.172857065,5.933351668,5.893362736,5.367946811,5.918989807,5.382027282,5.917075436,5.67467511,4.843556128
ytfQ,2.287124403,0.813307996,0.328725926,1.322734996,0.966163097,0.596683146,2.258187993,1.402984775,1.634841947,0.261889892,2.27917705,-1.14456266
ytfR,0.658708418,0.813307996,1.239066079,1.07954682,0.785190935,0.874259721,1.845238606,1.181552541,1.335513986,0.261889892,1.887696574,-1.14456266
ytfT,1.50675362,-1.14456266,0.864408982,-0.233394293,0.3162332,0.23446579,1.675275111,0.10884003,-1.14456266,0.261889892,0.955758142,-1.14456266
ytjA,0.169307087,-1.14456266,0.328725926,0.387042983,0.718619532,0.23446579,1.481501414,0.57980147,0.396002577,0.261889892,-1.14456266,0.804561649
yzcX,-1.14456266,-1.14456266,-0.081165644,-1.14456266,-0.57230235,-0.563826259,-1.14456266,0.10884003,-1.14456266,0.261889892,-1.14456266,-1.14456266
zipA,6.263858113,6.287254939,6.485346908,6.154087348,6.428489757,6.466193193,6.302871124,7.065247972,6.242319721,6.394763557,6.423987309,6.568252525
zntA,8.587333343,8.923065236,7.139673189,9.13515101,6.361748123,5.843836403,8.905057012,7.807711918,7.108967515,7.065029725,6.740965088,5.869063865
zntB,3.339999835,2.997317952,4.094973529,3.154025009,3.220208653,3.213677654,4.085158623,2.960458629,3.139979739,3.749023528,3.323031869,3.739595723
zntR,2.287124403,1.469254964,2.069687809,1.707779131,1.353406739,2.217021787,2.75646861,1.593346297,1.880704813,2.195417295,2.096977156,1.458599818
znuA,4.620765799,4.613275881,4.555755506,5.07567602,4.047843654,6.403005553,3.30810401,3.208145339,3.965832754,5.47938783,4.531955639,5.915654518
znuB,2.946518091,3.263708482,3.341894942,3.184015617,3.079237974,4.548752532,1.845238606,2.167844039,2.433038119,3.348396791,2.27917705,4.021274137
znuC,3.22043646,4.196588626,4.33453446,4.382031256,4.25829503,5.490338608,3.661582857,2.81846539,4.41250523,4.352326751,2.948738551,5.024529565
zraP,1.50675362,1.284323171,1.239066079,1.206669469,0.104113823,0.336426748,2.258187993,1.760580758,0.396002577,2.336112447,2.096977156,2.501831767
zraR,1.279535868,1.909674822,1.656951679,1.528716401,1.353406739,1.815946525,0.983904798,1.593346297,1.335513986,1.662278962,2.096977156,1.898039616
zraS,2.161956914,2.594274625,1.239066079,2.074906101,1.173835043,1.296115878,2.372776568,2.660811997,2.829743201,1.662278962,2.585564792,1.898039616
zur,4.572838776,4.687514244,5.068143648,4.950712767,4.890857407,4.516324772,5.208738863,5.440365343,4.558488654,4.981402413,4.07540813,4.691164879
zwf,7.772704574,7.661484347,7.681466207,7.411505891,7.815246098,7.025008799,5.782009402,5.883901014,6.552127924,6.252415426,6.18485484,6.047025682